Document_ID,Item_Registry_Code,Item_Name,Equipment_Type,Linked_Entity_ID,Linked_Entity_Name,Grade,Element,Maximum_Amount,Echo_Cost,Combat_Parameters_Or_Resistances,Signature_Ability,Registry_Folder,File_Path
SE-001-A,SE-001-A,The Orphaned Bell,Side-Codex,SE-001,,Element,Lament — Deep Blue,N/A,N/A,Master Side-Codex Dossier & Extraction Rules,N/A,Registry_001_to_007/001_Orphaned_Bell,SOMNARAK-WORLD/MAW_Codex_Sets/Registry_001_to_007/001_Orphaned_Bell/SE-001-A__SIDE_CODEX_The_Orphaned_Bell.md
SE-001-B,MAW-W-001-01,The First Dawn Stiletto,Weapon,SE-001,The Orphaned Bell,δ — Critical,Lament — Deep Blue,2 — Limited,50 Sorrow Echoes,DMG: Lament 12–18 | SPD: 2 — Slow | RNG: 3 — Medium,Tollcut,Registry_001_to_007/001_Orphaned_Bell,SOMNARAK-WORLD/MAW_Codex_Sets/Registry_001_to_007/001_Orphaned_Bell/SE-001-B__MAW-W_The_Laments_Requiem.md
SE-001-C,MAW-S-001-01,The Lament’s Shroud,Suit,SE-001,The Orphaned Bell,δ — Critical,Lament — Deep Blue,2 — Limited,45 Sorrow Echoes,Res: L:0.4 | G:1.0 | V:1.6 | W:0.8,N/A,Registry_001_to_007/001_Orphaned_Bell,SOMNARAK-WORLD/MAW_Codex_Sets/Registry_001_to_007/001_Orphaned_Bell/SE-001-C__MAW-S_The_Laments_Shroud.md
SE-001-D,MAW-G-001-01,Lament’s Edge,Gift,SE-001,The Orphaned Bell,δ — Critical,Lament — Deep Blue,N/A,N/A,Slot: Tail | Bestowal: 5%,N/A,Registry_001_to_007/001_Orphaned_Bell,SOMNARAK-WORLD/MAW_Codex_Sets/Registry_001_to_007/001_Orphaned_Bell/SE-001-D__MAW-G_Laments_Edge.md
SE-002-A,SE-002-A,The Grieving Colossus,Side-Codex,SE-002,,Element,Weight — Black,N/A,N/A,Master Side-Codex Dossier & Extraction Rules,N/A,Registry_001_to_007/002_Grieving_Colossus,SOMNARAK-WORLD/MAW_Codex_Sets/Registry_001_to_007/002_Grieving_Colossus/SE-002-A__SIDE_CODEX_The_Grieving_Colossus.md
SE-002-B,MAW-W-002-01,The Mourning Monument,Weapon,SE-002,The Grieving Colossus,δ — Critical,Weight — Black,2 — Limited,50 Sorrow Echoes,DMG: Weight 16–26 | SPD: 1 — Very Slow | RNG: 5 — Room,Memorial Break,Registry_001_to_007/002_Grieving_Colossus,SOMNARAK-WORLD/MAW_Codex_Sets/Registry_001_to_007/002_Grieving_Colossus/SE-002-B__MAW-W_The_Mourning_Maul.md
SE-002-C,MAW-S-002-01,The Mourning Mantle,Suit,SE-002,The Grieving Colossus,δ — Critical,Weight — Black,2 — Limited,45 Sorrow Echoes,Res: L:1.0 | G:1.0 | V:1.5 | W:0.5,N/A,Registry_001_to_007/002_Grieving_Colossus,SOMNARAK-WORLD/MAW_Codex_Sets/Registry_001_to_007/002_Grieving_Colossus/SE-002-C__MAW-S_The_Mourning_Mantle.md
SE-002-D,MAW-G-002-01,The Mourning Shell,Gift,SE-002,The Grieving Colossus,δ — Critical,Weight — Black,N/A,N/A,Slot: Head | Bestowal: 5%,N/A,Registry_001_to_007/002_Grieving_Colossus,SOMNARAK-WORLD/MAW_Codex_Sets/Registry_001_to_007/002_Grieving_Colossus/SE-002-D__MAW-G_The_Mourning_Shell.md
SE-003-A,SE-003-A,The Wilderness Tide,Side-Codex,SE-003,,N/A,Weight — Black,N/A,N/A,Master Side-Codex Dossier & Extraction Rules,N/A,Registry_001_to_007/003_Wilderness_Tide,SOMNARAK-WORLD/MAW_Codex_Sets/Registry_001_to_007/003_Wilderness_Tide/SE-003-A__SIDE_CODEX_The_Wilderness_Tide.md
SE-003-B,MAW-W-003-01,Wilderness Breaker,Weapon,SE-003,The Wilderness Tide,γ,Damage,N/A,N/A,DMG: Variable | SPD: - | RNG: -,N/A,Registry_001_to_007/003_Wilderness_Tide,SOMNARAK-WORLD/MAW_Codex_Sets/Registry_001_to_007/003_Wilderness_Tide/SE-003-B__MAW-W_Wilderness_Breaker.md
SE-003-C,MAW-S-003-01,Wilderness Bulwark,Suit,SE-003,The Wilderness Tide,γ,** γ / Weight,N/A,N/A,Standard Attire Resistances,N/A,Registry_001_to_007/003_Wilderness_Tide,SOMNARAK-WORLD/MAW_Codex_Sets/Registry_001_to_007/003_Wilderness_Tide/SE-003-C__MAW-S_Wilderness_Bulwark.md
SE-003-D,MAW-G-003-01,Wilderness Brine,Gift,SE-003,The Wilderness Tide,γ,Weight,N/A,N/A,Slot: Accessory | Bestowal: 5%,N/A,Registry_001_to_007/003_Wilderness_Tide,SOMNARAK-WORLD/MAW_Codex_Sets/Registry_001_to_007/003_Wilderness_Tide/SE-003-D__MAW-G_Wilderness_Brine.md
SE-005-A,SE-005-A,The Smothering Mother,Side-Codex,SE-005,,Element,Grudge — Crimson,N/A,N/A,Master Side-Codex Dossier & Extraction Rules,N/A,Registry_001_to_007/005_Smothering_Mother,SOMNARAK-WORLD/MAW_Codex_Sets/Registry_001_to_007/005_Smothering_Mother/SE-005-A__SIDE_CODEX_The_Smothering_Mother.md
SE-005-B,MAW-W-005-01,The Devotion Executioner-Cleaver,Weapon,SE-005,The Smothering Mother,δ — Critical,Grudge — Crimson,2 — Limited,50 Sorrow Echoes,DMG: Grudge 12–18 | SPD: 4 — Fast | RNG: 1 — Close,Bring Them Back,Registry_001_to_007/005_Smothering_Mother,SOMNARAK-WORLD/MAW_Codex_Sets/Registry_001_to_007/005_Smothering_Mother/SE-005-B__MAW-W_The_Embrace_Fang.md
SE-005-C,MAW-S-005-01,The Embrace Plate,Suit,SE-005,The Smothering Mother,δ — Critical,Grudge — Crimson,2 — Limited,45 Sorrow Echoes,Res: L:1.0 | G:0.4 | V:1.8 | W:1.2,N/A,Registry_001_to_007/005_Smothering_Mother,SOMNARAK-WORLD/MAW_Codex_Sets/Registry_001_to_007/005_Smothering_Mother/SE-005-C__MAW-S_The_Embrace_Plate.md
SE-005-D,MAW-G-005-01,The Embrace,Gift,SE-005,The Smothering Mother,δ — Critical,Grudge — Crimson,N/A,N/A,Slot: Tail | Bestowal: 5%,N/A,Registry_001_to_007/005_Smothering_Mother,SOMNARAK-WORLD/MAW_Codex_Sets/Registry_001_to_007/005_Smothering_Mother/SE-005-D__MAW-G_The_Embrace.md
SE-007-A,SE-007-A,Brume,Side-Codex,SE-007,,Element,Void — Pale White,N/A,N/A,Master Side-Codex Dossier & Extraction Rules,N/A,Registry_001_to_007/007_Brume,SOMNARAK-WORLD/MAW_Codex_Sets/Registry_001_to_007/007_Brume/SE-007-A__SIDE_CODEX_Brume.md
SE-007-B,MAW-W-007-01,The Horizon Blade,Weapon,SE-007,Brume,γ — Major,Void — Pale White,3 — Standard,40 Sorrow Echoes,DMG: Void 7–12 | SPD: 3 — Fast | RNG: 3 — Medium,Cut the Wrong Way,Registry_001_to_007/007_Brume,SOMNARAK-WORLD/MAW_Codex_Sets/Registry_001_to_007/007_Brume/SE-007-B__MAW-W_The_Hope_Lens.md
SE-007-C,MAW-S-007-01,The Hope Veil,Suit,SE-007,Brume,γ — Major,Void — Pale White,3 — Standard,35 Sorrow Echoes,Res: L:1.2 | G:0.8 | V:0.3 | W:1.1,N/A,Registry_001_to_007/007_Brume,SOMNARAK-WORLD/MAW_Codex_Sets/Registry_001_to_007/007_Brume/SE-007-C__MAW-S_The_Hope_Veil.md
SE-007-D,MAW-G-007-01,The Hope Lantern,Gift,SE-007,Brume,γ — Major,Void — Pale White,N/A,N/A,Slot: Head | Bestowal: 5%,N/A,Registry_001_to_007/007_Brume,SOMNARAK-WORLD/MAW_Codex_Sets/Registry_001_to_007/007_Brume/SE-007-D__MAW-G_The_Hope_Lantern.md
SE-009-A,SE-009-A,The Memory Weaver,Side-Codex,SE-009,,Element,Void — Pale White,N/A,N/A,Master Side-Codex Dossier & Extraction Rules,N/A,Registry_009_to_015/009_Memory_Weaver,SOMNARAK-WORLD/MAW_Codex_Sets/Registry_009_to_015/009_Memory_Weaver/SE-009-A__SIDE_CODEX_The_Memory_Weaver.md
SE-009-B,MAW-W-009-01,The Weaver's Shuttle-Awl,Weapon,SE-009,The Memory Weaver,γ — Major,Void — Pale White,3 — Standard,40 Sorrow Echoes,DMG: Void 8–14 | SPD: 4 — Fast | RNG: 2 — Short,Unweave,Registry_009_to_015/009_Memory_Weaver,SOMNARAK-WORLD/MAW_Codex_Sets/Registry_009_to_015/009_Memory_Weaver/SE-009-B__MAW-W_The_Forgotten_Lens.md
SE-009-C,MAW-S-009-01,The Forgotten Veil,Suit,SE-009,The Memory Weaver,γ — Major,Multiplier,3 — Standard,35 Sorrow Echoes,Res: L:1.2 | G:0.8 | V:0.3 | W:1.1,N/A,Registry_009_to_015/009_Memory_Weaver,SOMNARAK-WORLD/MAW_Codex_Sets/Registry_009_to_015/009_Memory_Weaver/SE-009-C__MAW-S_The_Forgotten_Veil.md
SE-009-D,MAW-G-009-01,The Forgotten Mask,Gift,SE-009,The Memory Weaver,γ — Major,Void — Pale White,N/A,N/A,Slot: Head | Bestowal: 5%,N/A,Registry_009_to_015/009_Memory_Weaver,SOMNARAK-WORLD/MAW_Codex_Sets/Registry_009_to_015/009_Memory_Weaver/SE-009-D__MAW-G_The_Forgotten_Mask.md
SE-010-A,SE-010-A,The Convergence,Side-Codex,SE-010,,Element,Weight — Black; braided Lament/Grudge/Void residue present,N/A,N/A,Master Side-Codex Dossier & Extraction Rules,N/A,Registry_009_to_015/010_Convergence,SOMNARAK-WORLD/MAW_Codex_Sets/Registry_009_to_015/010_Convergence/SE-010-A__SIDE_CODEX_The_Convergence.md
SE-010-B,MAW-W-010-01,The Singularity Orrery,Weapon,SE-010,The Convergence,δ — Critical,Weight — Black,2 — historical sealed pair,50 Sorrow Echoes,DMG: Weight 18–28 | SPD: 1 — Very Slow | RNG: 5 — Room,No Appeal,Registry_009_to_015/010_Convergence,SOMNARAK-WORLD/MAW_Codex_Sets/Registry_009_to_015/010_Convergence/SE-010-B__MAW-W_The_Absolute_Maul.md
SE-010-C,MAW-S-010-01,The Absolute Mantle,Suit,SE-010,The Convergence,δ — Critical,Multiplier,2 — sealed historical pair,45 Sorrow Echoes,Res: L:1.0 | G:1.0 | V:1.5 | W:0.5,N/A,Registry_009_to_015/010_Convergence,SOMNARAK-WORLD/MAW_Codex_Sets/Registry_009_to_015/010_Convergence/SE-010-C__MAW-S_The_Absolute_Mantle.md
SE-010-D,MAW-G-010-01,The Absolute Verdict,Gift,SE-010,The Convergence,δ — Critical,Weight — Black,N/A,N/A,Slot: Head | Bestowal: 5%,N/A,Registry_009_to_015/010_Convergence,SOMNARAK-WORLD/MAW_Codex_Sets/Registry_009_to_015/010_Convergence/SE-010-D__MAW-G_The_Absolute_Verdict.md
SE-011-A,SE-011-A,The Whispering Walls,Side-Codex,SE-011,,Element,Lament — Deep Blue,N/A,N/A,Master Side-Codex Dossier & Extraction Rules,N/A,Registry_009_to_015/011_Whispering_Walls,SOMNARAK-WORLD/MAW_Codex_Sets/Registry_009_to_015/011_Whispering_Walls/SE-011-A__SIDE_CODEX_The_Whispering_Walls.md
SE-011-B,MAW-W-011-01,The Occlusion Star-Chalice,Weapon,SE-011,The Whispering Walls,α — Minor,Lament — Deep Blue,5 — Abundant,15 Sorrow Echoes,DMG: Lament 3–6 | SPD: 2 — Normal | RNG: 2 — Short,Truth Note,Registry_009_to_015/011_Whispering_Walls,SOMNARAK-WORLD/MAW_Codex_Sets/Registry_009_to_015/011_Whispering_Walls/SE-011-B__MAW-W_The_Listening_Requiem.md
SE-011-C,MAW-S-011-01,The Listening Shroud,Suit,SE-011,The Whispering Walls,α — Minor,Multiplier,5 — Abundant,10 Sorrow Echoes,Res: L:0.4 | G:1.0 | V:1.6 | W:0.8,N/A,Registry_009_to_015/011_Whispering_Walls,SOMNARAK-WORLD/MAW_Codex_Sets/Registry_009_to_015/011_Whispering_Walls/SE-011-C__MAW-S_The_Listening_Shroud.md
SE-011-D,MAW-G-011-01,The Listening Stone,Gift,SE-011,The Whispering Walls,α — Minor,Lament — Deep Blue,N/A,N/A,Slot: Tail | Bestowal: 5%,N/A,Registry_009_to_015/011_Whispering_Walls,SOMNARAK-WORLD/MAW_Codex_Sets/Registry_009_to_015/011_Whispering_Walls/SE-011-D__MAW-G_The_Listening_Stone.md
SE-014-A,SE-014-A,The Debt Eater,Side-Codex,SE-014,,Element,Void — Pale White,N/A,N/A,Master Side-Codex Dossier & Extraction Rules,N/A,Registry_009_to_015/014_Debt_Eater,SOMNARAK-WORLD/MAW_Codex_Sets/Registry_009_to_015/014_Debt_Eater/SE-014-A__SIDE_CODEX_The_Debt_Eater.md
SE-014-B,MAW-W-014-01,The Debt Prism,Weapon,SE-014,The Debt Eater,β — Moderate,Void — Pale White,4 — Stocked,25 Sorrow Echoes,DMG: Void 6–10 | SPD: 4 — Fast | RNG: Special — Instant,Read the Account,Registry_009_to_015/014_Debt_Eater,SOMNARAK-WORLD/MAW_Codex_Sets/Registry_009_to_015/014_Debt_Eater/SE-014-B__MAW-W_The_Debt_Lens.md
SE-014-C,MAW-S-014-01,The Debt Veil,Suit,SE-014,The Debt Eater,β — Moderate,Multiplier,4 — Stocked,20 Sorrow Echoes,Res: L:1.2 | G:0.8 | V:0.3 | W:1.1,N/A,Registry_009_to_015/014_Debt_Eater,SOMNARAK-WORLD/MAW_Codex_Sets/Registry_009_to_015/014_Debt_Eater/SE-014-C__MAW-S_The_Debt_Veil.md
SE-014-D,MAW-G-014-01,The Debt Scale,Gift,SE-014,The Debt Eater,β — Moderate,Void — Pale White,N/A,N/A,Slot: Head | Bestowal: 5%,N/A,Registry_009_to_015/014_Debt_Eater,SOMNARAK-WORLD/MAW_Codex_Sets/Registry_009_to_015/014_Debt_Eater/SE-014-D__MAW-G_The_Debt_Scale.md
SE-015-A,SE-015-A,The Debt Scale,Side-Codex,SE-015,,Element,Void — Pale White,N/A,N/A,Master Side-Codex Dossier & Extraction Rules,N/A,Registry_009_to_015/015_Debt_Scale,SOMNARAK-WORLD/MAW_Codex_Sets/Registry_009_to_015/015_Debt_Scale/SE-015-A__SIDE_CODEX_The_Debt_Scale.md
SE-015-B,MAW-W-015-01,The Balance Projector,Weapon,SE-015,The Debt Scale,β — Moderate,Void — Pale White,4 — Stocked,25 Sorrow Echoes,DMG: Void 8–14 | SPD: 2 — Slow | RNG: 4 — Long,Balance Due,Registry_009_to_015/015_Debt_Scale,SOMNARAK-WORLD/MAW_Codex_Sets/Registry_009_to_015/015_Debt_Scale/SE-015-B__MAW-W_The_Balance_Lens.md
SE-015-C,MAW-S-015-01,The Balance Veil,Suit,SE-015,The Debt Scale,β — Moderate,Multiplier,4 — Stocked,20 Sorrow Echoes,Res: L:1.2 | G:0.8 | V:0.3 | W:1.1,N/A,Registry_009_to_015/015_Debt_Scale,SOMNARAK-WORLD/MAW_Codex_Sets/Registry_009_to_015/015_Debt_Scale/SE-015-C__MAW-S_The_Balance_Veil.md
SE-015-D,MAW-G-015-01,The Balance Pendant,Gift,SE-015,The Debt Scale,β — Moderate,Void — Pale White,N/A,N/A,Slot: Head | Bestowal: 5%,N/A,Registry_009_to_015/015_Debt_Scale,SOMNARAK-WORLD/MAW_Codex_Sets/Registry_009_to_015/015_Debt_Scale/SE-015-D__MAW-G_The_Balance_Pendant.md
SE-016-A,SE-016-A,The Echo Compass,Side-Codex,SE-016,,Element,Void — Pale White,N/A,N/A,Master Side-Codex Dossier & Extraction Rules,N/A,Registry_016_to_031/016_Echo_Compass,SOMNARAK-WORLD/MAW_Codex_Sets/Registry_016_to_031/016_Echo_Compass/SE-016-A__SIDE_CODEX_The_Echo_Compass.md
SE-016-B,MAW-W-016-01,The Lost Lens,Weapon,SE-016,The Echo Compass,β — Moderate,Void — Pale White,4 — Stocked,25 Sorrow Echoes,DMG: Variable | SPD: - | RNG: -,N/A,Registry_016_to_031/016_Echo_Compass,SOMNARAK-WORLD/MAW_Codex_Sets/Registry_016_to_031/016_Echo_Compass/SE-016-B__MAW-W_The_Lost_Lens.md
SE-016-C,MAW-S-016-01,The Lost Veil,Suit,SE-016,The Echo Compass,β — Moderate,Multiplier,4 — Stocked,20 Sorrow Echoes,Standard Attire Resistances,N/A,Registry_016_to_031/016_Echo_Compass,SOMNARAK-WORLD/MAW_Codex_Sets/Registry_016_to_031/016_Echo_Compass/SE-016-C__MAW-S_The_Lost_Veil.md
SE-016-D,MAW-G-016-01,The Lost Compass,Gift,SE-016,The Echo Compass,β — Moderate,Void — Pale White,N/A,N/A,Slot: Head | Bestowal: 5%,N/A,Registry_016_to_031/016_Echo_Compass,SOMNARAK-WORLD/MAW_Codex_Sets/Registry_016_to_031/016_Echo_Compass/SE-016-D__MAW-G_The_Lost_Compass.md
SE-019-A,SE-019-A,The Inherited Debt,Side-Codex,SE-019,,Element,Weight — Black,N/A,N/A,Master Side-Codex Dossier & Extraction Rules,N/A,Registry_016_to_031/019_Inherited_Debt,SOMNARAK-WORLD/MAW_Codex_Sets/Registry_016_to_031/019_Inherited_Debt/SE-019-A__SIDE_CODEX_The_Inherited_Debt.md
SE-019-B,MAW-W-019-01,The Ancestral Gravitational Signet,Weapon,SE-019,The Inherited Debt,N/A,N/A,N/A,N/A,DMG: Variable | SPD: - | RNG: -,N/A,Registry_016_to_031/019_Inherited_Debt,SOMNARAK-WORLD/MAW_Codex_Sets/Registry_016_to_031/019_Inherited_Debt/SE-019-B__MAW-W_The_Debt_Maul.md
SE-019-C,MAW-S-019-01,The Penitent's Shackled Vestments,Suit,SE-019,The Inherited Debt,β — Moderate,Multiplier,N/A,N/A,Standard Attire Resistances,N/A,Registry_016_to_031/019_Inherited_Debt,SOMNARAK-WORLD/MAW_Codex_Sets/Registry_016_to_031/019_Inherited_Debt/SE-019-C__MAW-S_The_Debt_Mantle.md
SE-019-D,MAW-G-019-01,The Generational Ledger Scar,Gift,SE-019,The Inherited Debt,β — Moderate,Weight — Black,N/A,N/A,Slot: Accessory | Bestowal: 5%,N/A,Registry_016_to_031/019_Inherited_Debt,SOMNARAK-WORLD/MAW_Codex_Sets/Registry_016_to_031/019_Inherited_Debt/SE-019-D__MAW-G_The_Debt_Chain.md
SE-021-A,SE-021-A,The Hollow Choir,Side-Codex,SE-021,,Element,Lament — Deep Blue,N/A,N/A,Master Side-Codex Dossier & Extraction Rules,N/A,Registry_016_to_031/021_Hollow_Choir,SOMNARAK-WORLD/MAW_Codex_Sets/Registry_016_to_031/021_Hollow_Choir/SE-021-A__SIDE_CODEX_The_Hollow_Choir.md
SE-021-B,MAW-W-021-01,The Silenced Requiem,Weapon,SE-021,The Hollow Choir,N/A,N/A,N/A,N/A,DMG: Variable | SPD: - | RNG: -,N/A,Registry_016_to_031/021_Hollow_Choir,SOMNARAK-WORLD/MAW_Codex_Sets/Registry_016_to_031/021_Hollow_Choir/SE-021-B__MAW-W_The_Silenced_Requiem.md
SE-021-C,MAW-S-021-01,The Silenced Shroud,Suit,SE-021,The Hollow Choir,γ — Major,Multiplier,N/A,N/A,Standard Attire Resistances,N/A,Registry_016_to_031/021_Hollow_Choir,SOMNARAK-WORLD/MAW_Codex_Sets/Registry_016_to_031/021_Hollow_Choir/SE-021-C__MAW-S_The_Silenced_Shroud.md
SE-021-D,MAW-G-021-01,The Silenced Lyre,Gift,SE-021,The Hollow Choir,γ — Major,Lament — Deep Blue,N/A,N/A,Slot: Accessory | Bestowal: 5%,N/A,Registry_016_to_031/021_Hollow_Choir,SOMNARAK-WORLD/MAW_Codex_Sets/Registry_016_to_031/021_Hollow_Choir/SE-021-D__MAW-G_The_Silenced_Lyre.md
SE-025-A,SE-025-A,The Silent Child,Side-Codex,SE-025,,Element,Void — Pale White,N/A,N/A,Master Side-Codex Dossier & Extraction Rules,N/A,Registry_016_to_031/025_Silent_Child,SOMNARAK-WORLD/MAW_Codex_Sets/Registry_016_to_031/025_Silent_Child/SE-025-A__SIDE_CODEX_The_Silent_Child.md
SE-025-B,MAW-W-025-01,The Hush Stiletto,Weapon,SE-025,The Silent Child,N/A,N/A,N/A,N/A,DMG: Variable | SPD: - | RNG: -,N/A,Registry_016_to_031/025_Silent_Child,SOMNARAK-WORLD/MAW_Codex_Sets/Registry_016_to_031/025_Silent_Child/SE-025-B__MAW-W_The_Silence_Lens.md
SE-025-C,MAW-S-025-01,The Silence Veil,Suit,SE-025,The Silent Child,α — Minor,Multiplier,N/A,N/A,Standard Attire Resistances,N/A,Registry_016_to_031/025_Silent_Child,SOMNARAK-WORLD/MAW_Codex_Sets/Registry_016_to_031/025_Silent_Child/SE-025-C__MAW-S_The_Silence_Veil.md
SE-025-D,MAW-G-025-01,The Silence Ring,Gift,SE-025,The Silent Child,α — Minor,Void — Pale White,N/A,N/A,Slot: Accessory | Bestowal: 5%,N/A,Registry_016_to_031/025_Silent_Child,SOMNARAK-WORLD/MAW_Codex_Sets/Registry_016_to_031/025_Silent_Child/SE-025-D__MAW-G_The_Silence_Ring.md
SE-031-A,SE-031-A,The Observing Bird,Side-Codex,SE-031,,Element,Lament — Deep Blue,N/A,N/A,Master Side-Codex Dossier & Extraction Rules,N/A,Registry_016_to_031/031_Observing_Bird,SOMNARAK-WORLD/MAW_Codex_Sets/Registry_016_to_031/031_Observing_Bird/SE-031-A__SIDE_CODEX_The_Observing_Bird.md
SE-031-B,MAW-W-031-01,The Watcher's Unblinking Eye,Weapon,SE-031,The Observing Bird,N/A,N/A,N/A,N/A,DMG: Variable | SPD: - | RNG: -,N/A,Registry_016_to_031/031_Observing_Bird,SOMNARAK-WORLD/MAW_Codex_Sets/Registry_016_to_031/031_Observing_Bird/SE-031-B__MAW-W_The_Witness_Requiem.md
SE-031-C,MAW-S-031-01,The Feathered Shroud of Scrutiny,Suit,SE-031,The Observing Bird,γ — Major,** γ / Lament,N/A,N/A,Standard Attire Resistances,N/A,Registry_016_to_031/031_Observing_Bird,SOMNARAK-WORLD/MAW_Codex_Sets/Registry_016_to_031/031_Observing_Bird/SE-031-C__MAW-S_The_Witness_Shroud.md
SE-031-D,MAW-G-031-01,The Third Sclera,Gift,SE-031,The Observing Bird,γ — Major,Lament — Deep Blue,N/A,N/A,Slot: Accessory | Bestowal: 5%,N/A,Registry_016_to_031/031_Observing_Bird,SOMNARAK-WORLD/MAW_Codex_Sets/Registry_016_to_031/031_Observing_Bird/SE-031-D__MAW-G_The_Witness_Eye.md
SE-032-A,SE-032-A,The Weighting Bird,Side-Codex,SE-032,,Element,Grudge — Crimson,N/A,N/A,Master Side-Codex Dossier & Extraction Rules,N/A,Registry_032_to_042/032_Weighting_Bird,SOMNARAK-WORLD/MAW_Codex_Sets/Registry_032_to_042/032_Weighting_Bird/SE-032-A__SIDE_CODEX_The_Weighting_Bird.md
SE-032-B,MAW-W-032-01,The Calibrated Scale-Pistol,Weapon,SE-032,The Weighting Bird,N/A,N/A,N/A,N/A,DMG: Variable | SPD: - | RNG: -,N/A,Registry_032_to_042/032_Weighting_Bird,SOMNARAK-WORLD/MAW_Codex_Sets/Registry_032_to_042/032_Weighting_Bird/SE-032-B__MAW-W_The_Judgment_Fang.md
SE-032-C,MAW-S-032-01,The Judgment Plate,Suit,SE-032,The Weighting Bird,γ — Major,Multiplier,N/A,N/A,Standard Attire Resistances,N/A,Registry_032_to_042/032_Weighting_Bird,SOMNARAK-WORLD/MAW_Codex_Sets/Registry_032_to_042/032_Weighting_Bird/SE-032-C__MAW-S_The_Judgment_Plate.md
SE-032-D,MAW-G-032-01,The Suspended Balance Scale,Gift,SE-032,The Weighting Bird,γ — Major,Grudge — Crimson,N/A,N/A,Slot: Accessory | Bestowal: 5%,N/A,Registry_032_to_042/032_Weighting_Bird,SOMNARAK-WORLD/MAW_Codex_Sets/Registry_032_to_042/032_Weighting_Bird/SE-032-D__MAW-G_The_Judgment_Scale.md
SE-033-A,SE-033-A,The Guarding Bird,Side-Codex,SE-033,,Element,Void — Pale White,N/A,N/A,Master Side-Codex Dossier & Extraction Rules,N/A,Registry_032_to_042/033_Guarding_Bird,SOMNARAK-WORLD/MAW_Codex_Sets/Registry_032_to_042/033_Guarding_Bird/SE-033-A__SIDE_CODEX_The_Guarding_Bird.md
SE-033-B,MAW-W-033-01,The Guardian Lens,Weapon,SE-033,The Guarding Bird,N/A,N/A,N/A,N/A,DMG: Variable | SPD: - | RNG: -,N/A,Registry_032_to_042/033_Guarding_Bird,SOMNARAK-WORLD/MAW_Codex_Sets/Registry_032_to_042/033_Guarding_Bird/SE-033-B__MAW-W_The_Guardian_Lens.md
SE-033-C,MAW-S-033-01,The Guardian Veil,Suit,SE-033,The Guarding Bird,γ — Major,Multiplier,N/A,N/A,Standard Attire Resistances,N/A,Registry_032_to_042/033_Guarding_Bird,SOMNARAK-WORLD/MAW_Codex_Sets/Registry_032_to_042/033_Guarding_Bird/SE-033-C__MAW-S_The_Guardian_Veil.md
SE-033-D,MAW-G-033-01,The Guardian Wing,Gift,SE-033,The Guarding Bird,γ — Major,Void — Pale White,N/A,N/A,Slot: Accessory | Bestowal: 5%,N/A,Registry_032_to_042/033_Guarding_Bird,SOMNARAK-WORLD/MAW_Codex_Sets/Registry_032_to_042/033_Guarding_Bird/SE-033-D__MAW-G_The_Guardian_Wing.md
SE-036-A,SE-036-A,The Cracked Hourglass,Side-Codex,SE-036,,Element,Weight — Black,N/A,N/A,Master Side-Codex Dossier & Extraction Rules,N/A,Registry_032_to_042/036_Cracked_Hourglass,SOMNARAK-WORLD/MAW_Codex_Sets/Registry_032_to_042/036_Cracked_Hourglass/SE-036-A__SIDE_CODEX_The_Cracked_Hourglass.md
SE-036-B,MAW-W-036-01,The Gyroscopic Chrono-Orrery,Weapon,SE-036,The Cracked Hourglass,β — Moderate,Weight — Amber,4 — Stocked,25 Sorrow Echoes,DMG: Weight 9–16 | SPD: - | RNG: -,N/A,Registry_032_to_042/036_Cracked_Hourglass,SOMNARAK-WORLD/MAW_Codex_Sets/Registry_032_to_042/036_Cracked_Hourglass/SE-036-B__MAW-W_The_Hourglass_Maul.md
SE-036-C,MAW-S-036-01,The Hourglass Mantle,Suit,SE-036,The Cracked Hourglass,β — Moderate,Multiplier,N/A,N/A,Standard Attire Resistances,N/A,Registry_032_to_042/036_Cracked_Hourglass,SOMNARAK-WORLD/MAW_Codex_Sets/Registry_032_to_042/036_Cracked_Hourglass/SE-036-C__MAW-S_The_Hourglass_Mantle.md
SE-036-D,MAW-G-036-01,The Micro-Hourglass Choker,Gift,SE-036,The Cracked Hourglass,β — Moderate,Weight — Black,N/A,N/A,Slot: Accessory | Bestowal: 5%,N/A,Registry_032_to_042/036_Cracked_Hourglass,SOMNARAK-WORLD/MAW_Codex_Sets/Registry_032_to_042/036_Cracked_Hourglass/SE-036-D__MAW-G_The_Hourglass_Pendant.md
SE-041-A,SE-041-A,The Grieving Maiden,Side-Codex,SE-041,,Element,Lament — Deep Blue,N/A,N/A,Master Side-Codex Dossier & Extraction Rules,N/A,Registry_032_to_042/041_Grieving_Maiden,SOMNARAK-WORLD/MAW_Codex_Sets/Registry_032_to_042/041_Grieving_Maiden/SE-041-A__SIDE_CODEX_The_Grieving_Maiden.md
SE-041-B,MAW-W-041-01,The Tear Requiem,Weapon,SE-041,The Grieving Maiden,N/A,N/A,N/A,N/A,DMG: Variable | SPD: - | RNG: -,N/A,Registry_032_to_042/041_Grieving_Maiden,SOMNARAK-WORLD/MAW_Codex_Sets/Registry_032_to_042/041_Grieving_Maiden/SE-041-B__MAW-W_The_Tear_Requiem.md
SE-041-C,MAW-S-041-01,The Tear Shroud,Suit,SE-041,The Grieving Maiden,β — Moderate,Multiplier,N/A,N/A,Standard Attire Resistances,N/A,Registry_032_to_042/041_Grieving_Maiden,SOMNARAK-WORLD/MAW_Codex_Sets/Registry_032_to_042/041_Grieving_Maiden/SE-041-C__MAW-S_The_Tear_Shroud.md
SE-041-D,MAW-G-041-01,The Tear Veil,Gift,SE-041,The Grieving Maiden,β — Moderate,Lament — Deep Blue,N/A,N/A,Slot: Accessory | Bestowal: 5%,N/A,Registry_032_to_042/041_Grieving_Maiden,SOMNARAK-WORLD/MAW_Codex_Sets/Registry_032_to_042/041_Grieving_Maiden/SE-041-D__MAW-G_The_Tear_Veil.md
SE-042-A,SE-042-A,The Angry Maiden,Side-Codex,SE-042,,Element,Grudge — Crimson,N/A,N/A,Master Side-Codex Dossier & Extraction Rules,N/A,Registry_032_to_042/042_Angry_Maiden,SOMNARAK-WORLD/MAW_Codex_Sets/Registry_032_to_042/042_Angry_Maiden/SE-042-A__SIDE_CODEX_The_Angry_Maiden.md
SE-042-B,MAW-W-042-01,The Fury Fang,Weapon,SE-042,The Angry Maiden,N/A,N/A,N/A,N/A,DMG: Variable | SPD: - | RNG: -,N/A,Registry_032_to_042/042_Angry_Maiden,SOMNARAK-WORLD/MAW_Codex_Sets/Registry_032_to_042/042_Angry_Maiden/SE-042-B__MAW-W_The_Fury_Fang.md
SE-042-C,MAW-S-042-01,The Fury Plate,Suit,SE-042,The Angry Maiden,β — Moderate,Multiplier,N/A,N/A,Standard Attire Resistances,N/A,Registry_032_to_042/042_Angry_Maiden,SOMNARAK-WORLD/MAW_Codex_Sets/Registry_032_to_042/042_Angry_Maiden/SE-042-C__MAW-S_The_Fury_Plate.md
SE-042-D,MAW-G-042-01,The Fury Blade,Gift,SE-042,The Angry Maiden,β — Moderate,Grudge — Crimson,N/A,N/A,Slot: Accessory | Bestowal: 5%,N/A,Registry_032_to_042/042_Angry_Maiden,SOMNARAK-WORLD/MAW_Codex_Sets/Registry_032_to_042/042_Angry_Maiden/SE-042-D__MAW-G_The_Fury_Blade.md
SE-043-A,SE-043-A,The Silent Maiden,Side-Codex,SE-043,,Element,Void — Pale White,N/A,N/A,Master Side-Codex Dossier & Extraction Rules,N/A,Registry_043_to_055/043_Silent_Maiden,SOMNARAK-WORLD/MAW_Codex_Sets/Registry_043_to_055/043_Silent_Maiden/SE-043-A__SIDE_CODEX_The_Silent_Maiden.md
SE-043-B,MAW-W-043-01,The Silence Lens,Weapon,SE-043,The Silent Maiden,N/A,N/A,N/A,N/A,DMG: Variable | SPD: - | RNG: -,N/A,Registry_043_to_055/043_Silent_Maiden,SOMNARAK-WORLD/MAW_Codex_Sets/Registry_043_to_055/043_Silent_Maiden/SE-043-B__MAW-W_The_Silence_Lens.md
SE-043-C,MAW-S-043-01,The Silence Veil,Suit,SE-043,The Silent Maiden,β — Moderate,Multiplier,N/A,N/A,Standard Attire Resistances,N/A,Registry_043_to_055/043_Silent_Maiden,SOMNARAK-WORLD/MAW_Codex_Sets/Registry_043_to_055/043_Silent_Maiden/SE-043-C__MAW-S_The_Silence_Veil.md
SE-043-D,MAW-G-043-01,The Silence Cloak,Gift,SE-043,The Silent Maiden,β — Moderate,Void — Pale White,N/A,N/A,Slot: Accessory | Bestowal: 5%,N/A,Registry_043_to_055/043_Silent_Maiden,SOMNARAK-WORLD/MAW_Codex_Sets/Registry_043_to_055/043_Silent_Maiden/SE-043-D__MAW-G_The_Silence_Cloak.md
SE-044-A,SE-044-A,Dawn of Mourning,Side-Codex,SE-044,,Sovereign (V) — Absolute and divine / Catastrophic (ω) — City-threatening,"All four — Lament, Grudge, Void, Weight / Never contained; forms through the Kind Healer transformation chain",N/A,N/A,Master Side-Codex Dossier & Extraction Rules,N/A,Registry_043_to_055/044_Dawn_of_Mourning,SOMNARAK-WORLD/MAW_Codex_Sets/Registry_043_to_055/044_Dawn_of_Mourning/SE-044-A__SIDE_CODEX_Dawn_of_Mourning.md
SE-044-B,MAW-W-044-01,The Dawn of Requiem,Weapon,SE-044,Dawn of Mourning,N/A,** ω / Lament,N/A,N/A,DMG: Variable | SPD: - | RNG: -,N/A,Registry_043_to_055/044_Dawn_of_Mourning,SOMNARAK-WORLD/MAW_Codex_Sets/Registry_043_to_055/044_Dawn_of_Mourning/SE-044-B__MAW-W_The_Dawn_of_Requiem.md
SE-044-C,MAW-S-044-01,The Dawn of Shroud,Suit,SE-044,Dawn of Mourning,N/A,** ω / Lament,N/A,N/A,Standard Attire Resistances,N/A,Registry_043_to_055/044_Dawn_of_Mourning,SOMNARAK-WORLD/MAW_Codex_Sets/Registry_043_to_055/044_Dawn_of_Mourning/SE-044-C__MAW-S_The_Dawn_of_Shroud.md
SE-044-D,MAW-G-044-01,The Dawn of Charm,Gift,SE-044,Dawn of Mourning,N/A,** ω / Lament,N/A,N/A,Slot: Accessory | Bestowal: 5%,N/A,Registry_043_to_055/044_Dawn_of_Mourning,SOMNARAK-WORLD/MAW_Codex_Sets/Registry_043_to_055/044_Dawn_of_Mourning/SE-044-D__MAW-G_The_Dawn_of_Charm.md
SE-048-A,SE-048-A,Hums,Side-Codex,SE-048,,Element,Lament — Deep Blue,N/A,N/A,Master Side-Codex Dossier & Extraction Rules,N/A,Registry_043_to_055/048_Hums,SOMNARAK-WORLD/MAW_Codex_Sets/Registry_043_to_055/048_Hums/SE-048-A__SIDE_CODEX_Hums.md
SE-048-B,MAW-W-048-01,The Singing Requiem,Weapon,SE-048,Hums,N/A,N/A,N/A,N/A,DMG: Variable | SPD: - | RNG: -,N/A,Registry_043_to_055/048_Hums,SOMNARAK-WORLD/MAW_Codex_Sets/Registry_043_to_055/048_Hums/SE-048-B__MAW-W_The_Singing_Requiem.md
SE-048-C,MAW-S-048-01,The Singing Shroud,Suit,SE-048,Hums,β — Moderate,Multiplier,N/A,N/A,Standard Attire Resistances,N/A,Registry_043_to_055/048_Hums,SOMNARAK-WORLD/MAW_Codex_Sets/Registry_043_to_055/048_Hums/SE-048-C__MAW-S_The_Singing_Shroud.md
SE-048-D,MAW-G-048-01,The Singing Pebble,Gift,SE-048,Hums,β — Moderate,Lament — Deep Blue,N/A,N/A,Slot: Accessory | Bestowal: 5%,N/A,Registry_043_to_055/048_Hums,SOMNARAK-WORLD/MAW_Codex_Sets/Registry_043_to_055/048_Hums/SE-048-D__MAW-G_The_Singing_Pebble.md
SE-051-A,SE-051-A,The Happy Mask,Side-Codex,SE-051,,Element,Void — Pale White,N/A,N/A,Master Side-Codex Dossier & Extraction Rules,N/A,Registry_043_to_055/051_Happy_Mask,SOMNARAK-WORLD/MAW_Codex_Sets/Registry_043_to_055/051_Happy_Mask/SE-051-A__SIDE_CODEX_The_Happy_Mask.md
SE-051-B,MAW-W-051-01,The Joy Lens,Weapon,SE-051,The Happy Mask,N/A,N/A,N/A,N/A,DMG: Variable | SPD: - | RNG: -,N/A,Registry_043_to_055/051_Happy_Mask,SOMNARAK-WORLD/MAW_Codex_Sets/Registry_043_to_055/051_Happy_Mask/SE-051-B__MAW-W_The_Joy_Lens.md
SE-051-C,MAW-S-051-01,The Joy Veil,Suit,SE-051,The Happy Mask,β — Moderate,Multiplier,N/A,N/A,Standard Attire Resistances,N/A,Registry_043_to_055/051_Happy_Mask,SOMNARAK-WORLD/MAW_Codex_Sets/Registry_043_to_055/051_Happy_Mask/SE-051-C__MAW-S_The_Joy_Veil.md
SE-051-D,MAW-G-051-01,The Joy Facade,Gift,SE-051,The Happy Mask,β — Moderate,Void — Pale White,N/A,N/A,Slot: Accessory | Bestowal: 5%,N/A,Registry_043_to_055/051_Happy_Mask,SOMNARAK-WORLD/MAW_Codex_Sets/Registry_043_to_055/051_Happy_Mask/SE-051-D__MAW-G_The_Joy_Facade.md
SE-054-A,SE-054-A,The Empty Mask,Side-Codex,SE-054,,Element,Weight — Black,N/A,N/A,Master Side-Codex Dossier & Extraction Rules,N/A,Registry_043_to_055/054_Empty_Mask,SOMNARAK-WORLD/MAW_Codex_Sets/Registry_043_to_055/054_Empty_Mask/SE-054-A__SIDE_CODEX_The_Empty_Mask.md
SE-054-B,MAW-W-054-01,The Void Maul,Weapon,SE-054,The Empty Mask,N/A,N/A,N/A,N/A,DMG: Variable | SPD: - | RNG: -,N/A,Registry_043_to_055/054_Empty_Mask,SOMNARAK-WORLD/MAW_Codex_Sets/Registry_043_to_055/054_Empty_Mask/SE-054-B__MAW-W_The_Void_Maul.md
SE-054-C,MAW-S-054-01,The Void Mantle,Suit,SE-054,The Empty Mask,β — Moderate,Multiplier,N/A,N/A,Standard Attire Resistances,N/A,Registry_043_to_055/054_Empty_Mask,SOMNARAK-WORLD/MAW_Codex_Sets/Registry_043_to_055/054_Empty_Mask/SE-054-C__MAW-S_The_Void_Mantle.md
SE-054-D,MAW-G-054-01,The Void Mask,Gift,SE-054,The Empty Mask,β — Moderate,Weight — Black,N/A,N/A,Slot: Accessory | Bestowal: 5%,N/A,Registry_043_to_055/054_Empty_Mask,SOMNARAK-WORLD/MAW_Codex_Sets/Registry_043_to_055/054_Empty_Mask/SE-054-D__MAW-G_The_Void_Mask.md
SE-055-A,SE-055-A,The Weeping Statue,Side-Codex,SE-055,,Element,Lament — Deep Blue,N/A,N/A,Master Side-Codex Dossier & Extraction Rules,N/A,Registry_043_to_055/055_Weeping_Statue,SOMNARAK-WORLD/MAW_Codex_Sets/Registry_043_to_055/055_Weeping_Statue/SE-055-A__SIDE_CODEX_The_Weeping_Statue.md
SE-055-B,MAW-W-055-01,The Travertine Blind-Stiletto,Weapon,SE-055,The Weeping Statue,N/A,N/A,N/A,N/A,DMG: Variable | SPD: - | RNG: -,N/A,Registry_043_to_055/055_Weeping_Statue,SOMNARAK-WORLD/MAW_Codex_Sets/Registry_043_to_055/055_Weeping_Statue/SE-055-B__MAW-W_The_Tear_Requiem.md
SE-055-C,MAW-S-055-01,The Mourner's Pleated Peplos,Suit,SE-055,The Weeping Statue,β — Moderate,Multiplier,N/A,N/A,Standard Attire Resistances,N/A,Registry_043_to_055/055_Weeping_Statue,SOMNARAK-WORLD/MAW_Codex_Sets/Registry_043_to_055/055_Weeping_Statue/SE-055-C__MAW-S_The_Tear_Shroud.md
SE-055-D,MAW-G-055-01,The Obsidian Tear Drop Earring,Gift,SE-055,The Weeping Statue,β — Moderate,Lament — Deep Blue,N/A,N/A,Slot: Accessory | Bestowal: 5%,N/A,Registry_043_to_055/055_Weeping_Statue,SOMNARAK-WORLD/MAW_Codex_Sets/Registry_043_to_055/055_Weeping_Statue/SE-055-D__MAW-G_The_Tear_Earring.md
SE-061-A,SE-061-A,The Debtor,Side-Codex,SE-061,,Element,Weight — Black,N/A,N/A,Master Side-Codex Dossier & Extraction Rules,N/A,Registry_061_to_073/061_Debtor,SOMNARAK-WORLD/MAW_Codex_Sets/Registry_061_to_073/061_Debtor/SE-061-A__SIDE_CODEX_The_Debtor.md
SE-061-B,MAW-W-061-01,The Burden Maul,Weapon,SE-061,The Debtor,N/A,N/A,N/A,N/A,DMG: Variable | SPD: - | RNG: -,N/A,Registry_061_to_073/061_Debtor,SOMNARAK-WORLD/MAW_Codex_Sets/Registry_061_to_073/061_Debtor/SE-061-B__MAW-W_The_Burden_Maul.md
SE-061-C,MAW-S-061-01,The Burden Mantle,Suit,SE-061,The Debtor,γ — Major,Multiplier,N/A,N/A,Standard Attire Resistances,N/A,Registry_061_to_073/061_Debtor,SOMNARAK-WORLD/MAW_Codex_Sets/Registry_061_to_073/061_Debtor/SE-061-C__MAW-S_The_Burden_Mantle.md
SE-061-D,MAW-G-061-01,The Burden Chain,Gift,SE-061,The Debtor,γ — Major,Weight — Black,N/A,N/A,Slot: Accessory | Bestowal: 5%,N/A,Registry_061_to_073/061_Debtor,SOMNARAK-WORLD/MAW_Codex_Sets/Registry_061_to_073/061_Debtor/SE-061-D__MAW-G_The_Burden_Chain.md
SE-062-A,SE-062-A,The Inheritor,Side-Codex,SE-062,,Element,Grudge — Crimson,N/A,N/A,Master Side-Codex Dossier & Extraction Rules,N/A,Registry_061_to_073/062_Inheritor,SOMNARAK-WORLD/MAW_Codex_Sets/Registry_061_to_073/062_Inheritor/SE-062-A__SIDE_CODEX_The_Inheritor.md
SE-062-B,MAW-W-062-01,The Resentment Talon-Blade,Weapon,SE-062,The Inheritor,N/A,N/A,3 — Standard,40 Sorrow Echoes,DMG: Grudge 9–15 | SPD: - | RNG: -,N/A,Registry_061_to_073/062_Inheritor,SOMNARAK-WORLD/MAW_Codex_Sets/Registry_061_to_073/062_Inheritor/SE-062-B__MAW-W_The_Resentment_Fang.md
SE-062-C,MAW-S-062-01,The Resentment Plate,Suit,SE-062,The Inheritor,γ — Major,Multiplier,N/A,N/A,Standard Attire Resistances,N/A,Registry_061_to_073/062_Inheritor,SOMNARAK-WORLD/MAW_Codex_Sets/Registry_061_to_073/062_Inheritor/SE-062-C__MAW-S_The_Resentment_Plate.md
SE-062-D,MAW-G-062-01,The Resentment Gauntlet,Gift,SE-062,The Inheritor,γ — Major,Grudge — Crimson,N/A,N/A,Slot: Accessory | Bestowal: 5%,N/A,Registry_061_to_073/062_Inheritor,SOMNARAK-WORLD/MAW_Codex_Sets/Registry_061_to_073/062_Inheritor/SE-062-D__MAW-G_The_Resentment_Gauntlet.md
SE-063-A,SE-063-A,The Rejector,Side-Codex,SE-063,,Element,Void — Pale White,N/A,N/A,Master Side-Codex Dossier & Extraction Rules,N/A,Registry_061_to_073/063_Rejector,SOMNARAK-WORLD/MAW_Codex_Sets/Registry_061_to_073/063_Rejector/SE-063-A__SIDE_CODEX_The_Rejector.md
SE-063-B,MAW-W-063-01,The Denial Lens,Weapon,SE-063,The Rejector,N/A,N/A,N/A,N/A,DMG: Variable | SPD: - | RNG: -,N/A,Registry_061_to_073/063_Rejector,SOMNARAK-WORLD/MAW_Codex_Sets/Registry_061_to_073/063_Rejector/SE-063-B__MAW-W_The_Denial_Lens.md
SE-063-C,MAW-S-063-01,The Denial Veil,Suit,SE-063,The Rejector,γ — Major,Multiplier,N/A,N/A,Standard Attire Resistances,N/A,Registry_061_to_073/063_Rejector,SOMNARAK-WORLD/MAW_Codex_Sets/Registry_061_to_073/063_Rejector/SE-063-C__MAW-S_The_Denial_Veil.md
SE-063-D,MAW-G-063-01,The Denial Shield,Gift,SE-063,The Rejector,γ — Major,Void — Pale White,N/A,N/A,Slot: Accessory | Bestowal: 5%,N/A,Registry_061_to_073/063_Rejector,SOMNARAK-WORLD/MAW_Codex_Sets/Registry_061_to_073/063_Rejector/SE-063-D__MAW-G_The_Denial_Shield.md
SE-071-A,SE-071-A,The Kind Healer,Side-Codex,SE-071,,Element,Lament — Deep Blue,N/A,N/A,Master Side-Codex Dossier & Extraction Rules,N/A,Registry_061_to_073/071_Kind_Healer,SOMNARAK-WORLD/MAW_Codex_Sets/Registry_061_to_073/071_Kind_Healer/SE-071-A__SIDE_CODEX_The_Kind_Healer.md
SE-071-B,MAW-W-071-01,The Gentle Requiem,Weapon,SE-071,The Kind Healer,N/A,N/A,N/A,N/A,DMG: Variable | SPD: - | RNG: -,N/A,Registry_061_to_073/071_Kind_Healer,SOMNARAK-WORLD/MAW_Codex_Sets/Registry_061_to_073/071_Kind_Healer/SE-071-B__MAW-W_The_Gentle_Requiem.md
SE-071-C,MAW-S-071-01,The Gentle Shroud,Suit,SE-071,The Kind Healer,α — Minor,Multiplier,N/A,N/A,Standard Attire Resistances,N/A,Registry_061_to_073/071_Kind_Healer,SOMNARAK-WORLD/MAW_Codex_Sets/Registry_061_to_073/071_Kind_Healer/SE-071-C__MAW-S_The_Gentle_Shroud.md
SE-071-D,MAW-G-071-01,The Gentle Touch,Gift,SE-071,The Kind Healer,α — Minor,Lament — Deep Blue,N/A,N/A,Slot: Accessory | Bestowal: 5%,N/A,Registry_061_to_073/071_Kind_Healer,SOMNARAK-WORLD/MAW_Codex_Sets/Registry_061_to_073/071_Kind_Healer/SE-071-D__MAW-G_The_Gentle_Touch.md
SE-073-A,SE-073-A,The Hollow Knight,Side-Codex,SE-073,,Element,Grudge — Crimson,N/A,N/A,Master Side-Codex Dossier & Extraction Rules,N/A,Registry_061_to_073/073_Hollow_Knight,SOMNARAK-WORLD/MAW_Codex_Sets/Registry_061_to_073/073_Hollow_Knight/SE-073-A__SIDE_CODEX_The_Hollow_Knight.md
SE-073-B,MAW-W-073-01,The Duty Fang,Weapon,SE-073,The Hollow Knight,N/A,N/A,N/A,N/A,DMG: Variable | SPD: - | RNG: -,N/A,Registry_061_to_073/073_Hollow_Knight,SOMNARAK-WORLD/MAW_Codex_Sets/Registry_061_to_073/073_Hollow_Knight/SE-073-B__MAW-W_The_Duty_Fang.md
SE-073-C,MAW-S-073-01,The Duty Plate,Suit,SE-073,The Hollow Knight,γ — Major,Multiplier,N/A,N/A,Standard Attire Resistances,N/A,Registry_061_to_073/073_Hollow_Knight,SOMNARAK-WORLD/MAW_Codex_Sets/Registry_061_to_073/073_Hollow_Knight/SE-073-C__MAW-S_The_Duty_Plate.md
SE-073-D,MAW-G-073-01,The Duty Shield,Gift,SE-073,The Hollow Knight,γ — Major,Grudge — Crimson,N/A,N/A,Slot: Accessory | Bestowal: 5%,N/A,Registry_061_to_073/073_Hollow_Knight,SOMNARAK-WORLD/MAW_Codex_Sets/Registry_061_to_073/073_Hollow_Knight/SE-073-D__MAW-G_The_Duty_Shield.md
SE-077-A,SE-077-A,The Memory Thief,Side-Codex,SE-077,,III — Fragment / β — Moderate,Void — Pale White,N/A,N/A,Master Side-Codex Dossier & Extraction Rules,N/A,Registry_077_to_092/077_Memory_Thief,SOMNARAK-WORLD/MAW_Codex_Sets/Registry_077_to_092/077_Memory_Thief/SE-077-A__SIDE_CODEX_The_Memory_Thief.md
SE-077-B,MAW-W-077-01,The Umbral Pepperbox,Weapon,SE-077,The Memory Thief,N/A,N/A,N/A,N/A,DMG: Variable | SPD: - | RNG: -,N/A,Registry_077_to_092/077_Memory_Thief,SOMNARAK-WORLD/MAW_Codex_Sets/Registry_077_to_092/077_Memory_Thief/SE-077-B__MAW-W_The_Shadow_Lens.md
SE-077-C,MAW-S-077-01,The Shadow Veil,Suit,SE-077,The Memory Thief,N/A,Multiplier,N/A,N/A,Standard Attire Resistances,N/A,Registry_077_to_092/077_Memory_Thief,SOMNARAK-WORLD/MAW_Codex_Sets/Registry_077_to_092/077_Memory_Thief/SE-077-C__MAW-S_The_Shadow_Veil.md
SE-077-D,MAW-G-077-01,The Shadow Cloak,Gift,SE-077,The Memory Thief,N/A,N/A,N/A,N/A,Slot: Accessory | Bestowal: 5%,N/A,Registry_077_to_092/077_Memory_Thief,SOMNARAK-WORLD/MAW_Codex_Sets/Registry_077_to_092/077_Memory_Thief/SE-077-D__MAW-G_The_Shadow_Cloak.md
SE-081-A,SE-081-A,The Hollow Saint,Side-Codex,SE-081,,III — Fragment / γ — Major,Void — Pale White,N/A,N/A,Master Side-Codex Dossier & Extraction Rules,N/A,Registry_077_to_092/081_Hollow_Saint,SOMNARAK-WORLD/MAW_Codex_Sets/Registry_077_to_092/081_Hollow_Saint/SE-081-A__SIDE_CODEX_The_Hollow_Saint.md
SE-081-B,MAW-W-081-01,The Hollow Sceptre,Weapon,SE-081,The Hollow Saint,N/A,N/A,N/A,N/A,DMG: Variable | SPD: - | RNG: -,N/A,Registry_077_to_092/081_Hollow_Saint,SOMNARAK-WORLD/MAW_Codex_Sets/Registry_077_to_092/081_Hollow_Saint/SE-081-B__MAW-W_The_Hollow_Lens.md
SE-081-C,MAW-S-081-01,The Hollow Veil,Suit,SE-081,The Hollow Saint,N/A,Multiplier,N/A,N/A,Standard Attire Resistances,N/A,Registry_077_to_092/081_Hollow_Saint,SOMNARAK-WORLD/MAW_Codex_Sets/Registry_077_to_092/081_Hollow_Saint/SE-081-C__MAW-S_The_Hollow_Veil.md
SE-081-D,MAW-G-081-01,The Hollow Chalice,Gift,SE-081,The Hollow Saint,N/A,N/A,N/A,N/A,Slot: Accessory | Bestowal: 5%,N/A,Registry_077_to_092/081_Hollow_Saint,SOMNARAK-WORLD/MAW_Codex_Sets/Registry_077_to_092/081_Hollow_Saint/SE-081-D__MAW-G_The_Hollow_Chalice.md
SE-088-A,SE-088-A,The Sorrow Fountain,Side-Codex,SE-088,,III — Fragment / γ — Major,Lament — Deep Blue,N/A,N/A,Master Side-Codex Dossier & Extraction Rules,N/A,Registry_077_to_092/088_Sorrow_Fountain,SOMNARAK-WORLD/MAW_Codex_Sets/Registry_077_to_092/088_Sorrow_Fountain/SE-088-A__SIDE_CODEX_The_Sorrow_Fountain.md
SE-088-B,MAW-W-088-01,The Weeping Basin-Aspergillum,Weapon,SE-088,The Sorrow Fountain,N/A,N/A,N/A,N/A,DMG: Variable | SPD: - | RNG: -,N/A,Registry_077_to_092/088_Sorrow_Fountain,SOMNARAK-WORLD/MAW_Codex_Sets/Registry_077_to_092/088_Sorrow_Fountain/SE-088-B__MAW-W_The_Sorrow_Requiem.md
SE-088-C,MAW-S-088-01,The Cistern-Keeper's Chiton & Mantle,Suit,SE-088,The Sorrow Fountain,N/A,Multiplier,N/A,N/A,Standard Attire Resistances,N/A,Registry_077_to_092/088_Sorrow_Fountain,SOMNARAK-WORLD/MAW_Codex_Sets/Registry_077_to_092/088_Sorrow_Fountain/SE-088-C__MAW-S_The_Sorrow_Shroud.md
SE-088-D,MAW-G-088-01,The Weeping Gargoyle Brooch,Gift,SE-088,The Sorrow Fountain,N/A,N/A,N/A,N/A,Slot: Accessory | Bestowal: 5%,N/A,Registry_077_to_092/088_Sorrow_Fountain,SOMNARAK-WORLD/MAW_Codex_Sets/Registry_077_to_092/088_Sorrow_Fountain/SE-088-D__MAW-G_The_Sorrow_Vial.md
SE-091-A,SE-091-A,The Lost Prince,Side-Codex,SE-091,,IV — Entity / γ — Major,Lament — Deep Blue,N/A,N/A,Master Side-Codex Dossier & Extraction Rules,N/A,Registry_077_to_092/091_Lost_Prince,SOMNARAK-WORLD/MAW_Codex_Sets/Registry_077_to_092/091_Lost_Prince/SE-091-A__SIDE_CODEX_The_Lost_Prince.md
SE-091-B,MAW-W-091-01,The Crown of Requiem,Weapon,SE-091,The Lost Prince,N/A,N/A,N/A,N/A,DMG: Variable | SPD: - | RNG: -,N/A,Registry_077_to_092/091_Lost_Prince,SOMNARAK-WORLD/MAW_Codex_Sets/Registry_077_to_092/091_Lost_Prince/SE-091-B__MAW-W_The_Crown_of_Requiem.md
SE-091-C,MAW-S-091-01,The Crown of Shroud,Suit,SE-091,The Lost Prince,N/A,Multiplier,N/A,N/A,Standard Attire Resistances,N/A,Registry_077_to_092/091_Lost_Prince,SOMNARAK-WORLD/MAW_Codex_Sets/Registry_077_to_092/091_Lost_Prince/SE-091-C__MAW-S_The_Crown_of_Shroud.md
SE-091-D,MAW-G-091-01,The Crown of Tears,Gift,SE-091,The Lost Prince,N/A,N/A,N/A,N/A,Slot: Accessory | Bestowal: 5%,N/A,Registry_077_to_092/091_Lost_Prince,SOMNARAK-WORLD/MAW_Codex_Sets/Registry_077_to_092/091_Lost_Prince/SE-091-D__MAW-G_The_Crown_of_Tears.md
SE-092-A,SE-092-A,Pyre of Truths,Side-Codex,SE-092,,IV — Entity / δ — Critical,Grudge — Crimson,N/A,N/A,Master Side-Codex Dossier & Extraction Rules,N/A,Registry_077_to_092/092_Pyre_of_Truths,SOMNARAK-WORLD/MAW_Codex_Sets/Registry_077_to_092/092_Pyre_of_Truths/SE-092-A__SIDE_CODEX_Pyre_of_Truths.md
SE-092-B,MAW-W-092-01,The Pyre Grimoire & Ash Lance,Weapon,SE-092,Pyre of Truths,N/A,N/A,N/A,N/A,DMG: Variable | SPD: - | RNG: -,N/A,Registry_077_to_092/092_Pyre_of_Truths,SOMNARAK-WORLD/MAW_Codex_Sets/Registry_077_to_092/092_Pyre_of_Truths/SE-092-B__MAW-W_The_Burning_Fang.md
SE-092-C,MAW-S-092-01,The Burning Plate,Suit,SE-092,Pyre of Truths,N/A,Multiplier,N/A,N/A,Standard Attire Resistances,N/A,Registry_077_to_092/092_Pyre_of_Truths,SOMNARAK-WORLD/MAW_Codex_Sets/Registry_077_to_092/092_Pyre_of_Truths/SE-092-C__MAW-S_The_Burning_Plate.md
SE-092-D,MAW-G-092-01,The Burning Page,Gift,SE-092,Pyre of Truths,N/A,N/A,N/A,N/A,Slot: Accessory | Bestowal: 5%,N/A,Registry_077_to_092/092_Pyre_of_Truths,SOMNARAK-WORLD/MAW_Codex_Sets/Registry_077_to_092/092_Pyre_of_Truths/SE-092-D__MAW-G_The_Burning_Page.md
SE-099-A,SE-099-A,The Masked Dancer,Side-Codex,SE-099,,II — Echo / β — Moderate,Grudge — Crimson,N/A,N/A,Master Side-Codex Dossier & Extraction Rules,N/A,Registry_099_to_103/099_Masked_Dancer,SOMNARAK-WORLD/MAW_Codex_Sets/Registry_099_to_103/099_Masked_Dancer/SE-099-A__SIDE_CODEX_The_Masked_Dancer.md
SE-099-B,MAW-W-099-01,The Phantom Dancer's Tri-Daggers,Weapon,SE-099,The Masked Dancer,N/A,N/A,N/A,N/A,DMG: Variable | SPD: - | RNG: -,N/A,Registry_099_to_103/099_Masked_Dancer,SOMNARAK-WORLD/MAW_Codex_Sets/Registry_099_to_103/099_Masked_Dancer/SE-099-B__MAW-W_The_Dancing_Fang.md
SE-099-C,MAW-S-099-01,The Performer's Silk Robe & Ghostly Stole,Suit,SE-099,The Masked Dancer,N/A,Multiplier,N/A,N/A,Standard Attire Resistances,N/A,Registry_099_to_103/099_Masked_Dancer,SOMNARAK-WORLD/MAW_Codex_Sets/Registry_099_to_103/099_Masked_Dancer/SE-099-C__MAW-S_The_Dancing_Plate.md
SE-099-D,MAW-G-099-01,The Hollow Porcelain Shard,Gift,SE-099,The Masked Dancer,N/A,N/A,N/A,N/A,Slot: Accessory | Bestowal: 5%,N/A,Registry_099_to_103/099_Masked_Dancer,SOMNARAK-WORLD/MAW_Codex_Sets/Registry_099_to_103/099_Masked_Dancer/SE-099-D__MAW-G_The_Dancing_Mask.md
SE-100-A,SE-100-A,Unsaid Blossoms,Side-Codex,SE-100,,II — Echo / β — Moderate,Lament — Deep Blue,N/A,N/A,Master Side-Codex Dossier & Extraction Rules,N/A,Registry_099_to_103/100_Unsaid_Blossoms,SOMNARAK-WORLD/MAW_Codex_Sets/Registry_099_to_103/100_Unsaid_Blossoms/SE-100-A__SIDE_CODEX_Unsaid_Blossoms.md
SE-100-B,MAW-W-100-01,The Unsaid Requiem,Weapon,SE-100,Unsaid Blossoms,N/A,N/A,N/A,N/A,DMG: Variable | SPD: - | RNG: -,N/A,Registry_099_to_103/100_Unsaid_Blossoms,SOMNARAK-WORLD/MAW_Codex_Sets/Registry_099_to_103/100_Unsaid_Blossoms/SE-100-B__MAW-W_The_Unsaid_Requiem.md
SE-100-C,MAW-S-100-01,The Unsaid Shroud,Suit,SE-100,Unsaid Blossoms,N/A,Multiplier,N/A,N/A,Standard Attire Resistances,N/A,Registry_099_to_103/100_Unsaid_Blossoms,SOMNARAK-WORLD/MAW_Codex_Sets/Registry_099_to_103/100_Unsaid_Blossoms/SE-100-C__MAW-S_The_Unsaid_Shroud.md
SE-100-D,MAW-G-100-01,The Unsaid Petal,Gift,SE-100,Unsaid Blossoms,N/A,N/A,N/A,N/A,Slot: Accessory | Bestowal: 5%,N/A,Registry_099_to_103/100_Unsaid_Blossoms,SOMNARAK-WORLD/MAW_Codex_Sets/Registry_099_to_103/100_Unsaid_Blossoms/SE-100-D__MAW-G_The_Unsaid_Petal.md
SE-101-A,SE-101-A,Emberling,Side-Codex,SE-101,,II — Echo / β — Moderate,Lament — Deep Blue,N/A,N/A,Master Side-Codex Dossier & Extraction Rules,N/A,Registry_099_to_103/101_Emberling,SOMNARAK-WORLD/MAW_Codex_Sets/Registry_099_to_103/101_Emberling/SE-101-A__SIDE_CODEX_Emberling.md
SE-101-B,MAW-W-101-01,The Cinder-Breech Carbine,Weapon,SE-101,Emberling,N/A,N/A,N/A,N/A,DMG: Variable | SPD: - | RNG: -,N/A,Registry_099_to_103/101_Emberling,SOMNARAK-WORLD/MAW_Codex_Sets/Registry_099_to_103/101_Emberling/SE-101-B__MAW-W_The_Ember_Requiem.md
SE-101-C,MAW-S-101-01,The Ember Shroud,Suit,SE-101,Emberling,N/A,Multiplier,N/A,N/A,Standard Attire Resistances,N/A,Registry_099_to_103/101_Emberling,SOMNARAK-WORLD/MAW_Codex_Sets/Registry_099_to_103/101_Emberling/SE-101-C__MAW-S_The_Ember_Shroud.md
SE-101-D,MAW-G-101-01,The Smoldering Charcoal Brooch,Gift,SE-101,Emberling,N/A,N/A,N/A,N/A,Slot: Accessory | Bestowal: 5%,N/A,Registry_099_to_103/101_Emberling,SOMNARAK-WORLD/MAW_Codex_Sets/Registry_099_to_103/101_Emberling/SE-101-D__MAW-G_The_Ember_Cloak.md
SE-102-A,SE-102-A,The Dancing Chains,Side-Codex,SE-102,,III — Fragment / γ — Major,Grudge — Crimson,N/A,N/A,Master Side-Codex Dossier & Extraction Rules,N/A,Registry_099_to_103/102_Dancing_Chains,SOMNARAK-WORLD/MAW_Codex_Sets/Registry_099_to_103/102_Dancing_Chains/SE-102-A__SIDE_CODEX_The_Dancing_Chains.md
SE-102-B,MAW-W-102-01,The Dancing Fang,Weapon,SE-102,The Dancing Chains,N/A,N/A,N/A,N/A,DMG: Variable | SPD: - | RNG: -,N/A,Registry_099_to_103/102_Dancing_Chains,SOMNARAK-WORLD/MAW_Codex_Sets/Registry_099_to_103/102_Dancing_Chains/SE-102-B__MAW-W_The_Dancing_Fang.md
SE-102-C,MAW-S-102-01,The Dancing Plate,Suit,SE-102,The Dancing Chains,N/A,Multiplier,N/A,N/A,Standard Attire Resistances,N/A,Registry_099_to_103/102_Dancing_Chains,SOMNARAK-WORLD/MAW_Codex_Sets/Registry_099_to_103/102_Dancing_Chains/SE-102-C__MAW-S_The_Dancing_Plate.md
SE-102-D,MAW-G-102-01,The Dancing Shoes,Gift,SE-102,The Dancing Chains,N/A,N/A,N/A,N/A,Slot: Accessory | Bestowal: 5%,N/A,Registry_099_to_103/102_Dancing_Chains,SOMNARAK-WORLD/MAW_Codex_Sets/Registry_099_to_103/102_Dancing_Chains/SE-102-D__MAW-G_The_Dancing_Shoes.md
SE-103-A,SE-103-A,The Frozen Veil,Side-Codex,SE-103,,IV — Entity / δ — Critical,Void — Pale White,N/A,N/A,Master Side-Codex Dossier & Extraction Rules,N/A,Registry_099_to_103/103_Frozen_Veil,SOMNARAK-WORLD/MAW_Codex_Sets/Registry_099_to_103/103_Frozen_Veil/SE-103-A__SIDE_CODEX_The_Frozen_Veil.md
SE-103-B,MAW-W-103-01,The Cold Lens,Weapon,SE-103,The Frozen Veil,N/A,N/A,N/A,N/A,DMG: Variable | SPD: - | RNG: -,N/A,Registry_099_to_103/103_Frozen_Veil,SOMNARAK-WORLD/MAW_Codex_Sets/Registry_099_to_103/103_Frozen_Veil/SE-103-B__MAW-W_The_Cold_Lens.md
SE-103-C,MAW-S-103-01,The Cold Veil,Suit,SE-103,The Frozen Veil,N/A,Multiplier,N/A,N/A,Standard Attire Resistances,N/A,Registry_099_to_103/103_Frozen_Veil,SOMNARAK-WORLD/MAW_Codex_Sets/Registry_099_to_103/103_Frozen_Veil/SE-103-C__MAW-S_The_Cold_Veil.md
SE-103-D,MAW-G-103-01,The Cold Heart,Gift,SE-103,The Frozen Veil,N/A,N/A,N/A,N/A,Slot: Accessory | Bestowal: 5%,N/A,Registry_099_to_103/103_Frozen_Veil,SOMNARAK-WORLD/MAW_Codex_Sets/Registry_099_to_103/103_Frozen_Veil/SE-103-D__MAW-G_The_Cold_Heart.md
SE-1001-A,SE-1001-A,The Kind Echo,Side-Codex,SE-1001,,"I — Residue (barely formed; a faint, kind emotional imprint) / α — Minor","Lament (Deep Blue) / SECTOR-D-01, The Forge District — Training Containment Unit",N/A,N/A,Master Side-Codex Dossier & Extraction Rules,N/A,Registry_1001_to_1043/1001_The_Kind_Echo,SOMNARAK-WORLD/MAW_Codex_Sets/Registry_1001_to_1043/1001_The_Kind_Echo/SE-1001-A__SIDE_CODEX_The_Kind_Echo.md
SE-1001-B,MAW-W-1001-01,Standard Training Baton,Weapon,SE-1001,The Kind Echo,N/A,** α / Lament,N/A,N/A,DMG: Variable | SPD: - | RNG: -,N/A,Registry_1001_to_1043/1001_The_Kind_Echo,SOMNARAK-WORLD/MAW_Codex_Sets/Registry_1001_to_1043/1001_The_Kind_Echo/SE-1001-B__MAW-W_Standard_Training_Baton.md
SE-1001-C,MAW-S-1001-01,Standard Training Vest,Suit,SE-1001,The Kind Echo,N/A,** α / Lament,N/A,N/A,Standard Attire Resistances,N/A,Registry_1001_to_1043/1001_The_Kind_Echo,SOMNARAK-WORLD/MAW_Codex_Sets/Registry_1001_to_1043/1001_The_Kind_Echo/SE-1001-C__MAW-S_Standard_Training_Vest.md
SE-1001-D,MAW-G-1001-01,The Warm Stone,Gift,SE-1001,The Kind Echo,N/A,** α / Lament,N/A,N/A,Slot: Accessory | Bestowal: 5%,N/A,Registry_1001_to_1043/1001_The_Kind_Echo,SOMNARAK-WORLD/MAW_Codex_Sets/Registry_1001_to_1043/1001_The_Kind_Echo/SE-1001-D__MAW-G_The_Warm_Stone.md
SE-1002-A,SE-1002-A,The Broken Clock,Side-Codex,SE-1002,,Fragment (III) — Personality obsessed with time / Major (γ) — High danger,"Weight (Black) / SECTOR-A-01, Alpha Tree deep storage — contained",N/A,N/A,Master Side-Codex Dossier & Extraction Rules,N/A,Registry_1001_to_1043/1002_The_Broken_Clock,SOMNARAK-WORLD/MAW_Codex_Sets/Registry_1001_to_1043/1002_The_Broken_Clock/SE-1002-A__SIDE_CODEX_The_Broken_Clock.md
SE-1002-B,MAW-W-1002-01,The Shattered Escapement-Cudgel,Weapon,SE-1002,The Broken Clock,N/A,** γ / Weight,N/A,N/A,DMG: Variable | SPD: - | RNG: -,N/A,Registry_1001_to_1043/1002_The_Broken_Clock,SOMNARAK-WORLD/MAW_Codex_Sets/Registry_1001_to_1043/1002_The_Broken_Clock/SE-1002-B__MAW-W_The_Frozen_Maul.md
SE-1002-C,MAW-S-1002-01,The Pendulum-Weighted Greatcoat,Suit,SE-1002,The Broken Clock,N/A,** γ / Weight,N/A,N/A,Standard Attire Resistances,N/A,Registry_1001_to_1043/1002_The_Broken_Clock,SOMNARAK-WORLD/MAW_Codex_Sets/Registry_1001_to_1043/1002_The_Broken_Clock/SE-1002-C__MAW-S_The_Frozen_Mantle.md
SE-1002-D,MAW-G-1002-01,The Frozen Escapement Wheel,Gift,SE-1002,The Broken Clock,N/A,** γ / Weight,N/A,N/A,Slot: Accessory | Bestowal: 5%,N/A,Registry_1001_to_1043/1002_The_Broken_Clock,SOMNARAK-WORLD/MAW_Codex_Sets/Registry_1001_to_1043/1002_The_Broken_Clock/SE-1002-D__MAW-G_The_Frozen_Moment.md
SE-1003-A,SE-1003-A,The Maw,Side-Codex,SE-1003,,"Entity (IV) — Self-aware, ancient, hungry / Catastrophic (ω) — City-threatening",Grudge (Crimson) / Zone B district — UNCONTAINED,N/A,N/A,Master Side-Codex Dossier & Extraction Rules,N/A,Registry_1001_to_1043/1003_The_Maw,SOMNARAK-WORLD/MAW_Codex_Sets/Registry_1001_to_1043/1003_The_Maw/SE-1003-A__SIDE_CODEX_The_Maw.md
SE-1003-B,MAW-W-1003-01,The Maw's Grip,Weapon,SE-1003,The Maw,ω,Damage,N/A,N/A,DMG: Variable | SPD: - | RNG: -,N/A,Registry_1001_to_1043/1003_The_Maw,SOMNARAK-WORLD/MAW_Codex_Sets/Registry_1001_to_1043/1003_The_Maw/SE-1003-B__MAW-W_The_Maw_Grip.md
SE-1003-C,MAW-S-1003-01,The Maw's Shroud,Suit,SE-1003,The Maw,ω,** ω / Grudge,N/A,N/A,Standard Attire Resistances,N/A,Registry_1001_to_1043/1003_The_Maw,SOMNARAK-WORLD/MAW_Codex_Sets/Registry_1001_to_1043/1003_The_Maw/SE-1003-C__MAW-S_The_Maw_Shroud.md
SE-1003-D,MAW-G-1003-01,The Maw's Relic,Gift,SE-1003,The Maw,ω,Grudge,N/A,N/A,Slot: Accessory | Bestowal: 5%,N/A,Registry_1001_to_1043/1003_The_Maw,SOMNARAK-WORLD/MAW_Codex_Sets/Registry_1001_to_1043/1003_The_Maw/SE-1003-D__MAW-G_The_Maw_Relic.md
SE-1004-A,SE-1004-A,The Scar Walker,Side-Codex,SE-1004,,Fragment (III) — Territorial and responsive / Critical (δ) — Dangerous,Grudge (Crimson) / The Desolate — patrols The Scar,N/A,N/A,Master Side-Codex Dossier & Extraction Rules,N/A,Registry_1001_to_1043/1004_The_Scar_Walker,SOMNARAK-WORLD/MAW_Codex_Sets/Registry_1001_to_1043/1004_The_Scar_Walker/SE-1004-A__SIDE_CODEX_The_Scar_Walker.md
SE-1004-B,MAW-W-1004-01,The Occlusihan Fang,Weapon,SE-1004,The Scar Walker,N/A,** δ / Grudge,N/A,N/A,DMG: Variable | SPD: - | RNG: -,N/A,Registry_1001_to_1043/1004_The_Scar_Walker,SOMNARAK-WORLD/MAW_Codex_Sets/Registry_1001_to_1043/1004_The_Scar_Walker/SE-1004-B__MAW-W_The_Occlusihan_Fang.md
SE-1004-C,MAW-S-1004-01,The Occlusihan Plate,Suit,SE-1004,The Scar Walker,N/A,** δ / Grudge,N/A,N/A,Standard Attire Resistances,N/A,Registry_1001_to_1043/1004_The_Scar_Walker,SOMNARAK-WORLD/MAW_Codex_Sets/Registry_1001_to_1043/1004_The_Scar_Walker/SE-1004-C__MAW-S_The_Occlusihan_Plate.md
SE-1004-D,MAW-G-1004-01,The Occlusihan Blade,Gift,SE-1004,The Scar Walker,N/A,** δ / Grudge,N/A,N/A,Slot: Accessory | Bestowal: 5%,N/A,Registry_1001_to_1043/1004_The_Scar_Walker,SOMNARAK-WORLD/MAW_Codex_Sets/Registry_1001_to_1043/1004_The_Scar_Walker/SE-1004-D__MAW-G_The_Occlusihan_Blade.md
SE-1005-A,SE-1005-A,The Forgotten Soldier,Side-Codex,SE-1005,,Echo (II) — Repeats a single pattern: seeking acknowledgment / Moderate (β) — Manageable,"Grudge (Crimson) / SECTOR-B-02, Zone B — contained corridor 7-C",N/A,N/A,Master Side-Codex Dossier & Extraction Rules,N/A,Registry_1001_to_1043/1005_The_Forgotten_Soldier,SOMNARAK-WORLD/MAW_Codex_Sets/Registry_1001_to_1043/1005_The_Forgotten_Soldier/SE-1005-A__SIDE_CODEX_The_Forgotten_Soldier.md
SE-1005-B,MAW-W-1005-01,The Duty Fang,Weapon,SE-1005,The Forgotten Soldier,N/A,** β / Grudge,N/A,N/A,DMG: Variable | SPD: - | RNG: -,N/A,Registry_1001_to_1043/1005_The_Forgotten_Soldier,SOMNARAK-WORLD/MAW_Codex_Sets/Registry_1001_to_1043/1005_The_Forgotten_Soldier/SE-1005-B__MAW-W_The_Duty_Fang.md
SE-1005-C,MAW-S-1005-01,The Duty Plate,Suit,SE-1005,The Forgotten Soldier,N/A,** β / Grudge,N/A,N/A,Standard Attire Resistances,N/A,Registry_1001_to_1043/1005_The_Forgotten_Soldier,SOMNARAK-WORLD/MAW_Codex_Sets/Registry_1001_to_1043/1005_The_Forgotten_Soldier/SE-1005-C__MAW-S_The_Duty_Plate.md
SE-1005-D,MAW-G-1005-01,The Duty Blade,Gift,SE-1005,The Forgotten Soldier,N/A,** β / Grudge,N/A,N/A,Slot: Accessory | Bestowal: 5%,N/A,Registry_1001_to_1043/1005_The_Forgotten_Soldier,SOMNARAK-WORLD/MAW_Codex_Sets/Registry_1001_to_1043/1005_The_Forgotten_Soldier/SE-1005-D__MAW-G_The_Duty_Blade.md
SE-1006-A,SE-1006-A,Night Peddler,Side-Codex,SE-1006,,Echo (II) — Repeats appearing overnight / Minor (α) — Low danger,"Void (Pale White) / Zone B, Forgotten Market — mobile manifestation",N/A,N/A,Master Side-Codex Dossier & Extraction Rules,N/A,Registry_1001_to_1043/1006_Night_Peddler,SOMNARAK-WORLD/MAW_Codex_Sets/Registry_1001_to_1043/1006_Night_Peddler/SE-1006-A__SIDE_CODEX_Night_Peddler.md
SE-1006-B,MAW-W-1006-01,The Merchant's Lens,Weapon,SE-1006,Night Peddler,N/A,** α / Void,N/A,N/A,DMG: Variable | SPD: - | RNG: -,N/A,Registry_1001_to_1043/1006_Night_Peddler,SOMNARAK-WORLD/MAW_Codex_Sets/Registry_1001_to_1043/1006_Night_Peddler/SE-1006-B__MAW-W_The_Merchant_s_Lens.md
SE-1006-C,MAW-S-1006-01,The Merchant's Veil,Suit,SE-1006,Night Peddler,N/A,** α / Void,N/A,N/A,Standard Attire Resistances,N/A,Registry_1001_to_1043/1006_Night_Peddler,SOMNARAK-WORLD/MAW_Codex_Sets/Registry_1001_to_1043/1006_Night_Peddler/SE-1006-C__MAW-S_The_Merchant_s_Veil.md
SE-1006-D,MAW-G-1006-01,The Merchant's Purse,Gift,SE-1006,Night Peddler,N/A,** α / Void,N/A,N/A,Slot: Accessory | Bestowal: 5%,N/A,Registry_1001_to_1043/1006_Night_Peddler,SOMNARAK-WORLD/MAW_Codex_Sets/Registry_1001_to_1043/1006_Night_Peddler/SE-1006-D__MAW-G_The_Merchant_s_Purse.md
SE-1007-A,SE-1007-A,Giver of Blessing,Side-Codex,SE-1007,,I — Residue (the healer's original self is fading) / β — Moderate (escalating from α),"Lament (Deep Blue) with emerging Hope / SECTOR-D-01, The Forge District — Training Containment Unit",N/A,N/A,Master Side-Codex Dossier & Extraction Rules,N/A,Registry_1001_to_1043/1007_Giver_of_Blessing,SOMNARAK-WORLD/MAW_Codex_Sets/Registry_1001_to_1043/1007_Giver_of_Blessing/SE-1007-A__SIDE_CODEX_Giver_of_Blessing.md
SE-1007-B,MAW-W-1007-01,The Gentle Hand,Weapon,SE-1007,Giver of Blessing,N/A,** β / Lament,N/A,N/A,DMG: Variable | SPD: - | RNG: -,N/A,Registry_1001_to_1043/1007_Giver_of_Blessing,SOMNARAK-WORLD/MAW_Codex_Sets/Registry_1001_to_1043/1007_Giver_of_Blessing/SE-1007-B__MAW-W_The_Gentle_Hand.md
SE-1007-C,MAW-S-1007-01,The Brightened Cloak,Suit,SE-1007,Giver of Blessing,N/A,** β / Lament,N/A,N/A,Standard Attire Resistances,N/A,Registry_1001_to_1043/1007_Giver_of_Blessing,SOMNARAK-WORLD/MAW_Codex_Sets/Registry_1001_to_1043/1007_Giver_of_Blessing/SE-1007-C__MAW-S_The_Brightened_Cloak.md
SE-1007-D,MAW-G-1007-01,The Mark,Gift,SE-1007,Giver of Blessing,N/A,** β / Lament,N/A,N/A,Slot: Accessory | Bestowal: 5%,N/A,Registry_1001_to_1043/1007_Giver_of_Blessing,SOMNARAK-WORLD/MAW_Codex_Sets/Registry_1001_to_1043/1007_Giver_of_Blessing/SE-1007-D__MAW-G_The_Mark.md
SE-1008-A,SE-1008-A,Maker of Apostle,Side-Codex,SE-1008,,II — Echo (the original healer is nearly gone; something else is driving) / γ — Major (the chain is accelerating toward completion),"Mixed — Lament base with strong Hope emergence / SECTOR-D-01 — but roams freely, drawn to the remaining unconverted",N/A,N/A,Master Side-Codex Dossier & Extraction Rules,N/A,Registry_1001_to_1043/1008_Maker_of_Apostle,SOMNARAK-WORLD/MAW_Codex_Sets/Registry_1001_to_1043/1008_Maker_of_Apostle/SE-1008-A__SIDE_CODEX_Maker_of_Apostle.md
SE-1008-B,MAW-W-1008-01,The Voice,Weapon,SE-1008,Maker of Apostle,N/A,** γ / Mixed,N/A,N/A,DMG: Variable | SPD: - | RNG: -,N/A,Registry_1001_to_1043/1008_Maker_of_Apostle,SOMNARAK-WORLD/MAW_Codex_Sets/Registry_1001_to_1043/1008_Maker_of_Apostle/SE-1008-B__MAW-W_The_Voice.md
SE-1008-C,MAW-S-1008-01,The Wings,Suit,SE-1008,Maker of Apostle,N/A,** γ / Mixed,N/A,N/A,Standard Attire Resistances,N/A,Registry_1001_to_1043/1008_Maker_of_Apostle,SOMNARAK-WORLD/MAW_Codex_Sets/Registry_1001_to_1043/1008_Maker_of_Apostle/SE-1008-C__MAW-S_The_Wings.md
SE-1008-D,MAW-G-1008-01,The Brand,Gift,SE-1008,Maker of Apostle,N/A,** γ / Mixed,N/A,N/A,Slot: Accessory | Bestowal: 5%,N/A,Registry_1001_to_1043/1008_Maker_of_Apostle,SOMNARAK-WORLD/MAW_Codex_Sets/Registry_1001_to_1043/1008_Maker_of_Apostle/SE-1008-D__MAW-G_The_Brand.md
SE-1009-A,SE-1009-A,Honest Reflection,Side-Codex,SE-1009,,Echo (II) — Repeats showing reflections / Minor (α) — Low danger,"Void (Pale White) / SECTOR-A-01, Alpha Tree Archive — contained",N/A,N/A,Master Side-Codex Dossier & Extraction Rules,N/A,Registry_1001_to_1043/1009_Honest_Reflection,SOMNARAK-WORLD/MAW_Codex_Sets/Registry_1001_to_1043/1009_Honest_Reflection/SE-1009-A__SIDE_CODEX_Honest_Reflection.md
SE-1009-B,MAW-W-1009-01,The Reflection Lens,Weapon,SE-1009,Honest Reflection,N/A,** α / Void,N/A,N/A,DMG: Variable | SPD: - | RNG: -,N/A,Registry_1001_to_1043/1009_Honest_Reflection,SOMNARAK-WORLD/MAW_Codex_Sets/Registry_1001_to_1043/1009_Honest_Reflection/SE-1009-B__MAW-W_The_Reflection_Lens.md
SE-1009-C,MAW-S-1009-01,The Reflection Veil,Suit,SE-1009,Honest Reflection,N/A,** α / Void,N/A,N/A,Standard Attire Resistances,N/A,Registry_1001_to_1043/1009_Honest_Reflection,SOMNARAK-WORLD/MAW_Codex_Sets/Registry_1001_to_1043/1009_Honest_Reflection/SE-1009-C__MAW-S_The_Reflection_Veil.md
SE-1009-D,MAW-G-1009-01,The Reflection Shard,Gift,SE-1009,Honest Reflection,N/A,** α / Void,N/A,N/A,Slot: Accessory | Bestowal: 5%,N/A,Registry_1001_to_1043/1009_Honest_Reflection,SOMNARAK-WORLD/MAW_Codex_Sets/Registry_1001_to_1043/1009_Honest_Reflection/SE-1009-D__MAW-G_The_Reflection_Shard.md
SE-1010-A,SE-1010-A,Icedrop,Side-Codex,SE-1010,,"Echo (II) — Repeats melting, never melting / Moderate (β)","Lament (Deep Blue) / SECTOR-D-02, Echo Gardens",N/A,N/A,Master Side-Codex Dossier & Extraction Rules,N/A,Registry_1001_to_1043/1010_Icedrop,SOMNARAK-WORLD/MAW_Codex_Sets/Registry_1001_to_1043/1010_Icedrop/SE-1010-A__SIDE_CODEX_Icedrop.md
SE-1010-B,MAW-W-1010-01,The Glacial Tear-Mirror,Weapon,SE-1010,Icedrop,N/A,** β / Lament,N/A,N/A,DMG: Variable | SPD: - | RNG: -,N/A,Registry_1001_to_1043/1010_Icedrop,SOMNARAK-WORLD/MAW_Codex_Sets/Registry_1001_to_1043/1010_Icedrop/SE-1010-B__MAW-W_The_Tear_Requiem.md
SE-1010-C,MAW-S-1010-01,The Frost-Veiled Mourning Gown,Suit,SE-1010,Icedrop,N/A,** β / Lament,N/A,N/A,Standard Attire Resistances,N/A,Registry_1001_to_1043/1010_Icedrop,SOMNARAK-WORLD/MAW_Codex_Sets/Registry_1001_to_1043/1010_Icedrop/SE-1010-C__MAW-S_The_Tear_Shroud.md
SE-1010-D,MAW-G-1010-01,The Unmelting Teardrop Brooch,Gift,SE-1010,Icedrop,N/A,** β / Lament,N/A,N/A,Slot: Accessory | Bestowal: 5%,N/A,Registry_1001_to_1043/1010_Icedrop,SOMNARAK-WORLD/MAW_Codex_Sets/Registry_1001_to_1043/1010_Icedrop/SE-1010-D__MAW-G_The_Tear_Pendant.md
SE-1011-A,SE-1011-A,Weight of All Owed,Side-Codex,SE-1011,,Entity (IV) / Critical (δ),"Weight (Black) / Zone E, Border region",N/A,N/A,Master Side-Codex Dossier & Extraction Rules,N/A,Registry_1001_to_1043/1011_Weight_of_All_Owed,SOMNARAK-WORLD/MAW_Codex_Sets/Registry_1001_to_1043/1011_Weight_of_All_Owed/SE-1011-A__SIDE_CODEX_Weight_of_All_Owed.md
SE-1011-B,MAW-W-1011-01,The Fragment Maul,Weapon,SE-1011,Weight of All Owed,N/A,** δ / Weight,N/A,N/A,DMG: Variable | SPD: - | RNG: -,N/A,Registry_1001_to_1043/1011_Weight_of_All_Owed,SOMNARAK-WORLD/MAW_Codex_Sets/Registry_1001_to_1043/1011_Weight_of_All_Owed/SE-1011-B__MAW-W_The_Fragment_Maul.md
SE-1011-C,MAW-S-1011-01,The Fragment Plate,Suit,SE-1011,Weight of All Owed,N/A,** δ / Weight,N/A,N/A,Standard Attire Resistances,N/A,Registry_1001_to_1043/1011_Weight_of_All_Owed,SOMNARAK-WORLD/MAW_Codex_Sets/Registry_1001_to_1043/1011_Weight_of_All_Owed/SE-1011-C__MAW-S_The_Fragment_Plate.md
SE-1011-D,MAW-G-1011-01,The Fragment Charm,Gift,SE-1011,Weight of All Owed,N/A,** δ / Weight,N/A,N/A,Slot: Accessory | Bestowal: 5%,N/A,Registry_1001_to_1043/1011_Weight_of_All_Owed,SOMNARAK-WORLD/MAW_Codex_Sets/Registry_1001_to_1043/1011_Weight_of_All_Owed/SE-1011-D__MAW-G_The_Fragment_Charm.md
SE-1012-A,SE-1012-A,The Wrath Flame,Side-Codex,SE-1012,,Fragment (III) — Fierce and protective / Moderate (β) — Manageable,"Grudge (Crimson) / The Desolate, near The Scar",N/A,N/A,Master Side-Codex Dossier & Extraction Rules,N/A,Registry_1001_to_1043/1012_The_Wrath_Flame,SOMNARAK-WORLD/MAW_Codex_Sets/Registry_1001_to_1043/1012_The_Wrath_Flame/SE-1012-A__SIDE_CODEX_The_Wrath_Flame.md
SE-1012-B,MAW-W-1012-01,The Rage Fang,Weapon,SE-1012,The Wrath Flame,N/A,** β / Grudge,N/A,N/A,DMG: Variable | SPD: - | RNG: -,N/A,Registry_1001_to_1043/1012_The_Wrath_Flame,SOMNARAK-WORLD/MAW_Codex_Sets/Registry_1001_to_1043/1012_The_Wrath_Flame/SE-1012-B__MAW-W_The_Rage_Fang.md
SE-1012-C,MAW-S-1012-01,The Rage Plate,Suit,SE-1012,The Wrath Flame,N/A,** β / Grudge,N/A,N/A,Standard Attire Resistances,N/A,Registry_1001_to_1043/1012_The_Wrath_Flame,SOMNARAK-WORLD/MAW_Codex_Sets/Registry_1001_to_1043/1012_The_Wrath_Flame/SE-1012-C__MAW-S_The_Rage_Plate.md
SE-1012-D,MAW-G-1012-01,The Rage Ember,Gift,SE-1012,The Wrath Flame,N/A,** β / Grudge,N/A,N/A,Slot: Accessory | Bestowal: 5%,N/A,Registry_1001_to_1043/1012_The_Wrath_Flame,SOMNARAK-WORLD/MAW_Codex_Sets/Registry_1001_to_1043/1012_The_Wrath_Flame/SE-1012-D__MAW-G_The_Rage_Ember.md
SE-1013-A,SE-1013-A,Undersong,Side-Codex,SE-1013,,Echo (II) — Repeats calling out / Minor (α) — Low danger,"Void (Pale White) / Zone D, Echo Gardens — ambient",N/A,N/A,Master Side-Codex Dossier & Extraction Rules,N/A,Registry_1001_to_1043/1013_Undersong,SOMNARAK-WORLD/MAW_Codex_Sets/Registry_1001_to_1043/1013_Undersong/SE-1013-A__SIDE_CODEX_Undersong.md
SE-1013-B,MAW-W-1013-01,The Echo Lens,Weapon,SE-1013,Undersong,N/A,** α / Void,N/A,N/A,DMG: Variable | SPD: - | RNG: -,N/A,Registry_1001_to_1043/1013_Undersong,SOMNARAK-WORLD/MAW_Codex_Sets/Registry_1001_to_1043/1013_Undersong/SE-1013-B__MAW-W_The_Echo_Lens.md
SE-1013-C,MAW-S-1013-01,The Echo Veil,Suit,SE-1013,Undersong,N/A,** α / Void,N/A,N/A,Standard Attire Resistances,N/A,Registry_1001_to_1043/1013_Undersong,SOMNARAK-WORLD/MAW_Codex_Sets/Registry_1001_to_1043/1013_Undersong/SE-1013-C__MAW-S_The_Echo_Veil.md
SE-1013-D,MAW-G-1013-01,The Echo Stone,Gift,SE-1013,Undersong,N/A,** α / Void,N/A,N/A,Slot: Accessory | Bestowal: 5%,N/A,Registry_1001_to_1043/1013_Undersong,SOMNARAK-WORLD/MAW_Codex_Sets/Registry_1001_to_1043/1013_Undersong/SE-1013-D__MAW-G_The_Echo_Stone.md
SE-1014-A,SE-1014-A,Gavel,Side-Codex,SE-1014,,Entity (IV) — Rigid and absolute / Critical (δ),"Grudge (Crimson) / SECTOR-C-01, Collector's Row",N/A,N/A,Master Side-Codex Dossier & Extraction Rules,N/A,Registry_1001_to_1043/1014_Gavel,SOMNARAK-WORLD/MAW_Codex_Sets/Registry_1001_to_1043/1014_Gavel/SE-1014-A__SIDE_CODEX_Gavel.md
SE-1014-B,MAW-W-1014-01,The Iron Verdict,Weapon,SE-1014,Gavel,N/A,** δ / Grudge,N/A,N/A,DMG: Variable | SPD: - | RNG: -,N/A,Registry_1001_to_1043/1014_Gavel,SOMNARAK-WORLD/MAW_Codex_Sets/Registry_1001_to_1043/1014_Gavel/SE-1014-B__MAW-W_The_Iron_Verdict.md
SE-1014-C,MAW-S-1014-01,The Iron Plate,Suit,SE-1014,Gavel,N/A,** δ / Grudge,N/A,N/A,Standard Attire Resistances,N/A,Registry_1001_to_1043/1014_Gavel,SOMNARAK-WORLD/MAW_Codex_Sets/Registry_1001_to_1043/1014_Gavel/SE-1014-C__MAW-S_The_Iron_Plate.md
SE-1014-D,MAW-G-1014-01,The Iron Charm,Gift,SE-1014,Gavel,N/A,** δ / Grudge,N/A,N/A,Slot: Accessory | Bestowal: 5%,N/A,Registry_1001_to_1043/1014_Gavel,SOMNARAK-WORLD/MAW_Codex_Sets/Registry_1001_to_1043/1014_Gavel/SE-1014-D__MAW-G_The_Iron_Charm.md
SE-1015-A,SE-1015-A,Facsimile,Side-Codex,SE-1015,,Fragment (III) — Bitter and betrayed / Major (γ),"Grudge (Crimson) / SECTOR-C-01, Collector's Row",N/A,N/A,Master Side-Codex Dossier & Extraction Rules,N/A,Registry_1001_to_1043/1015_Facsimile,SOMNARAK-WORLD/MAW_Codex_Sets/Registry_1001_to_1043/1015_Facsimile/SE-1015-A__SIDE_CODEX_Facsimile.md
SE-1015-B,MAW-W-1015-01,The Promise Fang,Weapon,SE-1015,Facsimile,N/A,** γ / Grudge,N/A,N/A,DMG: Variable | SPD: - | RNG: -,N/A,Registry_1001_to_1043/1015_Facsimile,SOMNARAK-WORLD/MAW_Codex_Sets/Registry_1001_to_1043/1015_Facsimile/SE-1015-B__MAW-W_The_Promise_Fang.md
SE-1015-C,MAW-S-1015-01,The Promise Plate,Suit,SE-1015,Facsimile,N/A,** γ / Grudge,N/A,N/A,Standard Attire Resistances,N/A,Registry_1001_to_1043/1015_Facsimile,SOMNARAK-WORLD/MAW_Codex_Sets/Registry_1001_to_1043/1015_Facsimile/SE-1015-C__MAW-S_The_Promise_Plate.md
SE-1015-D,MAW-G-1015-01,The Promise Shard,Gift,SE-1015,Facsimile,N/A,** γ / Grudge,N/A,N/A,Slot: Accessory | Bestowal: 5%,N/A,Registry_1001_to_1043/1015_Facsimile,SOMNARAK-WORLD/MAW_Codex_Sets/Registry_1001_to_1043/1015_Facsimile/SE-1015-D__MAW-G_The_Promise_Shard.md
SE-1016-A,SE-1016-A,Aphonia,Side-Codex,SE-1016,,Echo (II) — Repeats screaming in silence / Moderate (β),"Void (Pale White) / Zone B, Old Lament — ambient",N/A,N/A,Master Side-Codex Dossier & Extraction Rules,N/A,Registry_1001_to_1043/1016_Aphonia,SOMNARAK-WORLD/MAW_Codex_Sets/Registry_1001_to_1043/1016_Aphonia/SE-1016-A__SIDE_CODEX_Aphonia.md
SE-1016-B,MAW-W-1016-01,The Voice Lens,Weapon,SE-1016,Aphonia,N/A,** β / Void,N/A,N/A,DMG: Variable | SPD: - | RNG: -,N/A,Registry_1001_to_1043/1016_Aphonia,SOMNARAK-WORLD/MAW_Codex_Sets/Registry_1001_to_1043/1016_Aphonia/SE-1016-B__MAW-W_The_Voice_Lens.md
SE-1016-C,MAW-S-1016-01,The Voice Veil,Suit,SE-1016,Aphonia,N/A,** β / Void,N/A,N/A,Standard Attire Resistances,N/A,Registry_1001_to_1043/1016_Aphonia,SOMNARAK-WORLD/MAW_Codex_Sets/Registry_1001_to_1043/1016_Aphonia/SE-1016-C__MAW-S_The_Voice_Veil.md
SE-1016-D,MAW-G-1016-01,The Voice Amplifier,Gift,SE-1016,Aphonia,N/A,** β / Void,N/A,N/A,Slot: Accessory | Bestowal: 5%,N/A,Registry_1001_to_1043/1016_Aphonia,SOMNARAK-WORLD/MAW_Codex_Sets/Registry_1001_to_1043/1016_Aphonia/SE-1016-D__MAW-G_The_Voice_Amplifier.md
SE-1017-A,SE-1017-A,Anger Underfoot,Side-Codex,SE-1017,,Residue (I) / Minor (α),"Grudge (Crimson) / Zone D, Mantle Commons",N/A,N/A,Master Side-Codex Dossier & Extraction Rules,N/A,Registry_1001_to_1043/1017_Anger_Underfoot,SOMNARAK-WORLD/MAW_Codex_Sets/Registry_1001_to_1043/1017_Anger_Underfoot/SE-1017-A__SIDE_CODEX_Anger_Underfoot.md
SE-1017-B,MAW-W-1017-01,The Trace Fang,Weapon,SE-1017,Anger Underfoot,N/A,** α / Grudge,N/A,N/A,DMG: Variable | SPD: - | RNG: -,N/A,Registry_1001_to_1043/1017_Anger_Underfoot,SOMNARAK-WORLD/MAW_Codex_Sets/Registry_1001_to_1043/1017_Anger_Underfoot/SE-1017-B__MAW-W_The_Trace_Fang.md
SE-1017-C,MAW-S-1017-01,The Trace Plate,Suit,SE-1017,Anger Underfoot,N/A,** α / Grudge,N/A,N/A,Standard Attire Resistances,N/A,Registry_1001_to_1043/1017_Anger_Underfoot,SOMNARAK-WORLD/MAW_Codex_Sets/Registry_1001_to_1043/1017_Anger_Underfoot/SE-1017-C__MAW-S_The_Trace_Plate.md
SE-1017-D,MAW-G-1017-01,The Trace Mark,Gift,SE-1017,Anger Underfoot,N/A,** α / Grudge,N/A,N/A,Slot: Accessory | Bestowal: 5%,N/A,Registry_1001_to_1043/1017_Anger_Underfoot,SOMNARAK-WORLD/MAW_Codex_Sets/Registry_1001_to_1043/1017_Anger_Underfoot/SE-1017-D__MAW-G_The_Trace_Mark.md
SE-1018-A,SE-1018-A,Labyrinth of Stolen Faces,Side-Codex,SE-1018,,"Entity (IV) — Self-aware, labyrinthine, trapping / Major (γ)","Void (Pale White) / SECTOR-B-02, beneath Old Lament",N/A,N/A,Master Side-Codex Dossier & Extraction Rules,N/A,Registry_1001_to_1043/1018_Labyrinth_of_Stolen_Faces,SOMNARAK-WORLD/MAW_Codex_Sets/Registry_1001_to_1043/1018_Labyrinth_of_Stolen_Faces/SE-1018-A__SIDE_CODEX_Labyrinth_of_Stolen_Faces.md
SE-1018-B,MAW-W-1018-01,The Maze Lens,Weapon,SE-1018,Labyrinth of Stolen Faces,N/A,** γ / Void,N/A,N/A,DMG: Variable | SPD: - | RNG: -,N/A,Registry_1001_to_1043/1018_Labyrinth_of_Stolen_Faces,SOMNARAK-WORLD/MAW_Codex_Sets/Registry_1001_to_1043/1018_Labyrinth_of_Stolen_Faces/SE-1018-B__MAW-W_The_Maze_Lens.md
SE-1018-C,MAW-S-1018-01,The Maze Veil,Suit,SE-1018,Labyrinth of Stolen Faces,N/A,** γ / Void,N/A,N/A,Standard Attire Resistances,N/A,Registry_1001_to_1043/1018_Labyrinth_of_Stolen_Faces,SOMNARAK-WORLD/MAW_Codex_Sets/Registry_1001_to_1043/1018_Labyrinth_of_Stolen_Faces/SE-1018-C__MAW-S_The_Maze_Veil.md
SE-1018-D,MAW-G-1018-01,The Maze Key,Gift,SE-1018,Labyrinth of Stolen Faces,N/A,** γ / Void,N/A,N/A,Slot: Accessory | Bestowal: 5%,N/A,Registry_1001_to_1043/1018_Labyrinth_of_Stolen_Faces,SOMNARAK-WORLD/MAW_Codex_Sets/Registry_1001_to_1043/1018_Labyrinth_of_Stolen_Faces/SE-1018-D__MAW-G_The_Maze_Key.md
SE-1019-A,SE-1019-A,Ember Phoenix,Side-Codex,SE-1019,,"Entity (IV) — Self-aware, cyclical, eternal / Critical (δ)",Grudge (Crimson) / The Desolate — mobile,N/A,N/A,Master Side-Codex Dossier & Extraction Rules,N/A,Registry_1001_to_1043/1019_Ember_Phoenix,SOMNARAK-WORLD/MAW_Codex_Sets/Registry_1001_to_1043/1019_Ember_Phoenix/SE-1019-A__SIDE_CODEX_Ember_Phoenix.md
SE-1019-B,MAW-W-1019-01,The Rebirth Fang,Weapon,SE-1019,Ember Phoenix,N/A,** δ / Grudge,N/A,N/A,DMG: Variable | SPD: - | RNG: -,N/A,Registry_1001_to_1043/1019_Ember_Phoenix,SOMNARAK-WORLD/MAW_Codex_Sets/Registry_1001_to_1043/1019_Ember_Phoenix/SE-1019-B__MAW-W_The_Rebirth_Fang.md
SE-1019-C,MAW-S-1019-01,The Rebirth Plate,Suit,SE-1019,Ember Phoenix,N/A,** δ / Grudge,N/A,N/A,Standard Attire Resistances,N/A,Registry_1001_to_1043/1019_Ember_Phoenix,SOMNARAK-WORLD/MAW_Codex_Sets/Registry_1001_to_1043/1019_Ember_Phoenix/SE-1019-C__MAW-S_The_Rebirth_Plate.md
SE-1019-D,MAW-G-1019-01,The Rebirth Ember,Gift,SE-1019,Ember Phoenix,N/A,** δ / Grudge,N/A,N/A,Slot: Accessory | Bestowal: 5%,N/A,Registry_1001_to_1043/1019_Ember_Phoenix,SOMNARAK-WORLD/MAW_Codex_Sets/Registry_1001_to_1043/1019_Ember_Phoenix/SE-1019-D__MAW-G_The_Rebirth_Ember.md
SE-1020-A,SE-1020-A,Chain of Memories,Side-Codex,SE-1020,,Fragment (III) — Binding and connecting / Moderate (β),"Weight (Black) / SECTOR-C-01, Collector's Row",N/A,N/A,Master Side-Codex Dossier & Extraction Rules,N/A,Registry_1001_to_1043/1020_Chain_of_Memories,SOMNARAK-WORLD/MAW_Codex_Sets/Registry_1001_to_1043/1020_Chain_of_Memories/SE-1020-A__SIDE_CODEX_Chain_of_Memories.md
SE-1020-B,MAW-W-1020-01,The Memory Maul,Weapon,SE-1020,Chain of Memories,N/A,** β / Weight,N/A,N/A,DMG: Variable | SPD: - | RNG: -,N/A,Registry_1001_to_1043/1020_Chain_of_Memories,SOMNARAK-WORLD/MAW_Codex_Sets/Registry_1001_to_1043/1020_Chain_of_Memories/SE-1020-B__MAW-W_The_Memory_Maul.md
SE-1020-C,MAW-S-1020-01,The Memory Mantle,Suit,SE-1020,Chain of Memories,N/A,** β / Weight,N/A,N/A,Standard Attire Resistances,N/A,Registry_1001_to_1043/1020_Chain_of_Memories,SOMNARAK-WORLD/MAW_Codex_Sets/Registry_1001_to_1043/1020_Chain_of_Memories/SE-1020-C__MAW-S_The_Memory_Mantle.md
SE-1020-D,MAW-G-1020-01,The Memory Link,Gift,SE-1020,Chain of Memories,N/A,** β / Weight,N/A,N/A,Slot: Accessory | Bestowal: 5%,N/A,Registry_1001_to_1043/1020_Chain_of_Memories,SOMNARAK-WORLD/MAW_Codex_Sets/Registry_1001_to_1043/1020_Chain_of_Memories/SE-1020-D__MAW-G_The_Memory_Link.md
SE-1021-A,SE-1021-A,Myrmidon,Side-Codex,SE-1021,,Echo (II) / Moderate (β),"Grudge (Crimson) / Zone A, Alpha Tree",N/A,N/A,Master Side-Codex Dossier & Extraction Rules,N/A,Registry_1001_to_1043/1021_Myrmidon,SOMNARAK-WORLD/MAW_Codex_Sets/Registry_1001_to_1043/1021_Myrmidon/SE-1021-A__SIDE_CODEX_Myrmidon.md
SE-1021-B,MAW-W-1021-01,Myrmidon's Fang,Weapon,SE-1021,Myrmidon,N/A,** β / Grudge,N/A,N/A,DMG: Variable | SPD: - | RNG: -,N/A,Registry_1001_to_1043/1021_Myrmidon,SOMNARAK-WORLD/MAW_Codex_Sets/Registry_1001_to_1043/1021_Myrmidon/SE-1021-B__MAW-W_Myrmidon_s_Fang.md
SE-1021-C,MAW-S-1021-01,Myrmidon's Plate,Suit,SE-1021,Myrmidon,N/A,** β / Grudge,N/A,N/A,Standard Attire Resistances,N/A,Registry_1001_to_1043/1021_Myrmidon,SOMNARAK-WORLD/MAW_Codex_Sets/Registry_1001_to_1043/1021_Myrmidon/SE-1021-C__MAW-S_Myrmidon_s_Plate.md
SE-1021-D,MAW-G-1021-01,Myrmidon's Pendant,Gift,SE-1021,Myrmidon,N/A,** β / Grudge,N/A,N/A,Slot: Accessory | Bestowal: 5%,N/A,Registry_1001_to_1043/1021_Myrmidon,SOMNARAK-WORLD/MAW_Codex_Sets/Registry_1001_to_1043/1021_Myrmidon/SE-1021-D__MAW-G_Myrmidon_s_Pendant.md
SE-1022-A,SE-1022-A,Solace,Side-Codex,SE-1022,,"Residue (I) — Barely formed, ambient / Minor (α)","Lament (Deep Blue) / Zone D, Mantle Commons — ambient",N/A,N/A,Master Side-Codex Dossier & Extraction Rules,N/A,Registry_1001_to_1043/1022_Solace,SOMNARAK-WORLD/MAW_Codex_Sets/Registry_1001_to_1043/1022_Solace/SE-1022-A__SIDE_CODEX_Solace.md
SE-1022-B,MAW-W-1022-01,The Kindness Requiem,Weapon,SE-1022,Solace,N/A,** α / Lament,N/A,N/A,DMG: Variable | SPD: - | RNG: -,N/A,Registry_1001_to_1043/1022_Solace,SOMNARAK-WORLD/MAW_Codex_Sets/Registry_1001_to_1043/1022_Solace/SE-1022-B__MAW-W_The_Kindness_Requiem.md
SE-1022-C,MAW-S-1022-01,The Kindness Shroud,Suit,SE-1022,Solace,N/A,** α / Lament,N/A,N/A,Standard Attire Resistances,N/A,Registry_1001_to_1043/1022_Solace,SOMNARAK-WORLD/MAW_Codex_Sets/Registry_1001_to_1043/1022_Solace/SE-1022-C__MAW-S_The_Kindness_Shroud.md
SE-1022-D,MAW-G-1022-01,The Kindness Stone,Gift,SE-1022,Solace,N/A,** α / Lament,N/A,N/A,Slot: Accessory | Bestowal: 5%,N/A,Registry_1001_to_1043/1022_Solace,SOMNARAK-WORLD/MAW_Codex_Sets/Registry_1001_to_1043/1022_Solace/SE-1022-D__MAW-G_The_Kindness_Stone.md
SE-1023-A,SE-1023-A,Three Forty Seven,Side-Codex,SE-1023,,"Entity (IV) — Self-aware, time-obsessed / Major (γ)","Weight (Black) / Zone C, near Collector's Row",N/A,N/A,Master Side-Codex Dossier & Extraction Rules,N/A,Registry_1001_to_1043/1023_Three_Forty_Seven,SOMNARAK-WORLD/MAW_Codex_Sets/Registry_1001_to_1043/1023_Three_Forty_Seven/SE-1023-A__SIDE_CODEX_Three_Forty_Seven.md
SE-1023-B,MAW-W-1023-01,The Frozen Maul,Weapon,SE-1023,Three Forty-Seven,N/A,** γ / Weight,N/A,N/A,DMG: Variable | SPD: - | RNG: -,N/A,Registry_1001_to_1043/1023_Three_Forty_Seven,SOMNARAK-WORLD/MAW_Codex_Sets/Registry_1001_to_1043/1023_Three_Forty_Seven/SE-1023-B__MAW-W_The_Frozen_Maul.md
SE-1023-C,MAW-S-1023-01,The Frozen Mantle,Suit,SE-1023,Three Forty-Seven,N/A,** γ / Weight,N/A,N/A,Standard Attire Resistances,N/A,Registry_1001_to_1043/1023_Three_Forty_Seven,SOMNARAK-WORLD/MAW_Codex_Sets/Registry_1001_to_1043/1023_Three_Forty_Seven/SE-1023-C__MAW-S_The_Frozen_Mantle.md
SE-1023-D,MAW-G-1023-01,The Frozen Minute,Gift,SE-1023,Three Forty-Seven,N/A,** γ / Weight,N/A,N/A,Slot: Accessory | Bestowal: 5%,N/A,Registry_1001_to_1043/1023_Three_Forty_Seven,SOMNARAK-WORLD/MAW_Codex_Sets/Registry_1001_to_1043/1023_Three_Forty_Seven/SE-1023-D__MAW-G_The_Frozen_Minute.md
SE-1024-A,SE-1024-A,Debt Collector s Lantern,Side-Codex,SE-1024,,Echo (II) — Repeats glowing / Moderate (β),"Weight (Black) / Zone C, Collector's Row — ambient",N/A,N/A,Master Side-Codex Dossier & Extraction Rules,N/A,Registry_1001_to_1043/1024_Debt_Collector_s_Lantern,SOMNARAK-WORLD/MAW_Codex_Sets/Registry_1001_to_1043/1024_Debt_Collector_s_Lantern/SE-1024-A__SIDE_CODEX_Debt_Collector_s_Lantern.md
SE-1024-B,MAW-W-1024-01,The Collector's Vigil-Lantern,Weapon,SE-1024,Debt Collector's Lantern,N/A,** β / Weight,N/A,N/A,DMG: Variable | SPD: - | RNG: -,N/A,Registry_1001_to_1043/1024_Debt_Collector_s_Lantern,SOMNARAK-WORLD/MAW_Codex_Sets/Registry_1001_to_1043/1024_Debt_Collector_s_Lantern/SE-1024-B__MAW-W_The_Debt_Maul.md
SE-1024-C,MAW-S-1024-01,The Collector's Oilskin Trench-Coat,Suit,SE-1024,Debt Collector's Lantern,N/A,** β / Weight,N/A,N/A,Standard Attire Resistances,N/A,Registry_1001_to_1043/1024_Debt_Collector_s_Lantern,SOMNARAK-WORLD/MAW_Codex_Sets/Registry_1001_to_1043/1024_Debt_Collector_s_Lantern/SE-1024-C__MAW-S_The_Debt_Mantle.md
SE-1024-D,MAW-G-1024-01,Pale Wick Stigma,Gift,SE-1024,Debt Collector's Lantern,N/A,** β / Weight,N/A,N/A,Slot: Accessory | Bestowal: 5%,N/A,Registry_1001_to_1043/1024_Debt_Collector_s_Lantern,SOMNARAK-WORLD/MAW_Codex_Sets/Registry_1001_to_1043/1024_Debt_Collector_s_Lantern/SE-1024-D__MAW-G_The_Debt_Lantern.md
SE-1025-A,SE-1025-A,Restless Gap,Side-Codex,SE-1025,,Entity (IV) / Critical (δ),"Weight (Black) / Zone D, Mantle Commons",N/A,N/A,Master Side-Codex Dossier & Extraction Rules,N/A,Registry_1001_to_1043/1025_Restless_Gap,SOMNARAK-WORLD/MAW_Codex_Sets/Registry_1001_to_1043/1025_Restless_Gap/SE-1025-A__SIDE_CODEX_Restless_Gap.md
SE-1025-B,MAW-W-1025-01,The Trace Maul,Weapon,SE-1025,Restless Gap,N/A,** δ / Weight,N/A,N/A,DMG: Variable | SPD: - | RNG: -,N/A,Registry_1001_to_1043/1025_Restless_Gap,SOMNARAK-WORLD/MAW_Codex_Sets/Registry_1001_to_1043/1025_Restless_Gap/SE-1025-B__MAW-W_The_Trace_Maul.md
SE-1025-C,MAW-S-1025-01,The Trace Mantle,Suit,SE-1025,Restless Gap,N/A,** δ / Weight,N/A,N/A,Standard Attire Resistances,N/A,Registry_1001_to_1043/1025_Restless_Gap,SOMNARAK-WORLD/MAW_Codex_Sets/Registry_1001_to_1043/1025_Restless_Gap/SE-1025-C__MAW-S_The_Trace_Mantle.md
SE-1025-D,MAW-G-1025-01,The Trace Anchor,Gift,SE-1025,Restless Gap,N/A,** δ / Weight,N/A,N/A,Slot: Accessory | Bestowal: 5%,N/A,Registry_1001_to_1043/1025_Restless_Gap,SOMNARAK-WORLD/MAW_Codex_Sets/Registry_1001_to_1043/1025_Restless_Gap/SE-1025-D__MAW-G_The_Trace_Anchor.md
SE-1026-A,SE-1026-A,The Rising Wall,Side-Codex,SE-1026,,Entity (IV) / Critical (δ),"Lament (Deep Blue) / Zone D, Mantle Commons",N/A,N/A,Master Side-Codex Dossier & Extraction Rules,N/A,Registry_1001_to_1043/1026_The_Rising_Wall,SOMNARAK-WORLD/MAW_Codex_Sets/Registry_1001_to_1043/1026_The_Rising_Wall/SE-1026-A__SIDE_CODEX_The_Rising_Wall.md
SE-1026-B,MAW-W-1026-01,The Rising Requiem,Weapon,SE-1026,The Rising Wall,N/A,** δ / Lament,N/A,N/A,DMG: Variable | SPD: - | RNG: -,N/A,Registry_1001_to_1043/1026_The_Rising_Wall,SOMNARAK-WORLD/MAW_Codex_Sets/Registry_1001_to_1043/1026_The_Rising_Wall/SE-1026-B__MAW-W_The_Rising_Requiem.md
SE-1026-C,MAW-S-1026-01,The Rising Shroud,Suit,SE-1026,The Rising Wall,N/A,** δ / Lament,N/A,N/A,Standard Attire Resistances,N/A,Registry_1001_to_1043/1026_The_Rising_Wall,SOMNARAK-WORLD/MAW_Codex_Sets/Registry_1001_to_1043/1026_The_Rising_Wall/SE-1026-C__MAW-S_The_Rising_Shroud.md
SE-1026-D,MAW-G-1026-01,The Rising Pendant,Gift,SE-1026,The Rising Wall,N/A,** δ / Lament,N/A,N/A,Slot: Accessory | Bestowal: 5%,N/A,Registry_1001_to_1043/1026_The_Rising_Wall,SOMNARAK-WORLD/MAW_Codex_Sets/Registry_1001_to_1043/1026_The_Rising_Wall/SE-1026-D__MAW-G_The_Rising_Pendant.md
SE-1027-A,SE-1027-A,The Sorrow Tide,Side-Codex,SE-1027,,Sovereign (V) — Autonomous and cyclical / Major (γ),Weight (Black) / All zones — periodic phenomenon,N/A,N/A,Master Side-Codex Dossier & Extraction Rules,N/A,Registry_1001_to_1043/1027_The_Sorrow_Tide,SOMNARAK-WORLD/MAW_Codex_Sets/Registry_1001_to_1043/1027_The_Sorrow_Tide/SE-1027-A__SIDE_CODEX_The_Sorrow_Tide.md
SE-1027-B,MAW-W-1027-01,The Tide Maul,Weapon,SE-1027,The Sorrow Tide,N/A,** γ / Weight,N/A,N/A,DMG: Variable | SPD: - | RNG: -,N/A,Registry_1001_to_1043/1027_The_Sorrow_Tide,SOMNARAK-WORLD/MAW_Codex_Sets/Registry_1001_to_1043/1027_The_Sorrow_Tide/SE-1027-B__MAW-W_The_Tide_Maul.md
SE-1027-C,MAW-S-1027-01,The Tide Mantle,Suit,SE-1027,The Sorrow Tide,N/A,** γ / Weight,N/A,N/A,Standard Attire Resistances,N/A,Registry_1001_to_1043/1027_The_Sorrow_Tide,SOMNARAK-WORLD/MAW_Codex_Sets/Registry_1001_to_1043/1027_The_Sorrow_Tide/SE-1027-C__MAW-S_The_Tide_Mantle.md
SE-1027-D,MAW-G-1027-01,The Tide Stone,Gift,SE-1027,The Sorrow Tide,N/A,** γ / Weight,N/A,N/A,Slot: Accessory | Bestowal: 5%,N/A,Registry_1001_to_1043/1027_The_Sorrow_Tide,SOMNARAK-WORLD/MAW_Codex_Sets/Registry_1001_to_1043/1027_The_Sorrow_Tide/SE-1027-D__MAW-G_The_Tide_Stone.md
SE-1028-A,SE-1028-A,Neglect Learned to Listen,Side-Codex,SE-1028,,Echo (II) / Moderate (β),"Weight (Black) / Zone B, Old Lament",N/A,N/A,Master Side-Codex Dossier & Extraction Rules,N/A,Registry_1001_to_1043/1028_Neglect_Learned_to_Listen,SOMNARAK-WORLD/MAW_Codex_Sets/Registry_1001_to_1043/1028_Neglect_Learned_to_Listen/SE-1028-A__SIDE_CODEX_Neglect_Learned_to_Listen.md
SE-1028-B,MAW-W-1028-01,Neglect Learned to Listen's Maul,Weapon,SE-1028,Neglect Learned to Listen,N/A,** β / Weight,N/A,N/A,DMG: Variable | SPD: - | RNG: -,N/A,Registry_1001_to_1043/1028_Neglect_Learned_to_Listen,SOMNARAK-WORLD/MAW_Codex_Sets/Registry_1001_to_1043/1028_Neglect_Learned_to_Listen/SE-1028-B__MAW-W_Neglect_Learned_to_Listen_s_Maul.md
SE-1028-C,MAW-S-1028-01,Neglect Learned to Listen's Mantle,Suit,SE-1028,Neglect Learned to Listen,N/A,** β / Weight,N/A,N/A,Standard Attire Resistances,N/A,Registry_1001_to_1043/1028_Neglect_Learned_to_Listen,SOMNARAK-WORLD/MAW_Codex_Sets/Registry_1001_to_1043/1028_Neglect_Learned_to_Listen/SE-1028-C__MAW-S_Neglect_Learned_to_Listen_s_Mantle.md
SE-1028-D,MAW-G-1028-01,Neglect Learned to Listen's Bell,Gift,SE-1028,Neglect Learned to Listen,N/A,** β / Weight,N/A,N/A,Slot: Accessory | Bestowal: 5%,N/A,Registry_1001_to_1043/1028_Neglect_Learned_to_Listen,SOMNARAK-WORLD/MAW_Codex_Sets/Registry_1001_to_1043/1028_Neglect_Learned_to_Listen/SE-1028-D__MAW-G_Neglect_Learned_to_Listen_s_Bell.md
SE-1029-A,SE-1029-A,The Kind Healer s Shadow,Side-Codex,SE-1029,,Echo (II) — Repeats healing / Moderate (β),"Lament (Deep Blue) / Zone D, Mantle Commons — ambient",N/A,N/A,Master Side-Codex Dossier & Extraction Rules,N/A,Registry_1001_to_1043/1029_The_Kind_Healer_s_Shadow,SOMNARAK-WORLD/MAW_Codex_Sets/Registry_1001_to_1043/1029_The_Kind_Healer_s_Shadow/SE-1029-A__SIDE_CODEX_The_Kind_Healer_s_Shadow.md
SE-1029-B,MAW-W-1029-01,The Healer's Requiem,Weapon,SE-1029,The Kind Healer's Shadow,N/A,** β / Lament,N/A,N/A,DMG: Variable | SPD: - | RNG: -,N/A,Registry_1001_to_1043/1029_The_Kind_Healer_s_Shadow,SOMNARAK-WORLD/MAW_Codex_Sets/Registry_1001_to_1043/1029_The_Kind_Healer_s_Shadow/SE-1029-B__MAW-W_The_Healer_s_Requiem.md
SE-1029-C,MAW-S-1029-01,The Healer's Shroud,Suit,SE-1029,The Kind Healer's Shadow,N/A,** β / Lament,N/A,N/A,Standard Attire Resistances,N/A,Registry_1001_to_1043/1029_The_Kind_Healer_s_Shadow,SOMNARAK-WORLD/MAW_Codex_Sets/Registry_1001_to_1043/1029_The_Kind_Healer_s_Shadow/SE-1029-C__MAW-S_The_Healer_s_Shroud.md
SE-1029-D,MAW-G-1029-01,The Healer's Echo,Gift,SE-1029,The Kind Healer's Shadow,N/A,** β / Lament,N/A,N/A,Slot: Accessory | Bestowal: 5%,N/A,Registry_1001_to_1043/1029_The_Kind_Healer_s_Shadow,SOMNARAK-WORLD/MAW_Codex_Sets/Registry_1001_to_1043/1029_The_Kind_Healer_s_Shadow/SE-1029-D__MAW-G_The_Healer_s_Echo.md
SE-1030-A,SE-1030-A,The First Tear,Side-Codex,SE-1030,,"Sovereign (V) — Autonomous, ancient, singular / Critical (δ)","Lament (Deep Blue) / SECTOR-A-01, Alpha Tree deep vault — sealed",N/A,N/A,Master Side-Codex Dossier & Extraction Rules,N/A,Registry_1001_to_1043/1030_The_First_Tear,SOMNARAK-WORLD/MAW_Codex_Sets/Registry_1001_to_1043/1030_The_First_Tear/SE-1030-A__SIDE_CODEX_The_First_Tear.md
SE-1030-B,MAW-W-1030-01,The First Requiem,Weapon,SE-1030,The First Tear,N/A,** δ (Critical) / Lament,N/A,N/A,DMG: Variable | SPD: - | RNG: -,N/A,Registry_1001_to_1043/1030_The_First_Tear,SOMNARAK-WORLD/MAW_Codex_Sets/Registry_1001_to_1043/1030_The_First_Tear/SE-1030-B__MAW-W_The_First_Requiem.md
SE-1030-C,MAW-S-1030-01,The First Shroud,Suit,SE-1030,The First Tear,N/A,** δ (Critical) / Lament,N/A,N/A,Standard Attire Resistances,N/A,Registry_1001_to_1043/1030_The_First_Tear,SOMNARAK-WORLD/MAW_Codex_Sets/Registry_1001_to_1043/1030_The_First_Tear/SE-1030-C__MAW-S_The_First_Shroud.md
SE-1030-D,MAW-G-1030-01,The First Charm,Gift,SE-1030,The First Tear,N/A,** δ (Critical) / Lament,N/A,N/A,Slot: Accessory | Bestowal: 5%,N/A,Registry_1001_to_1043/1030_The_First_Tear,SOMNARAK-WORLD/MAW_Codex_Sets/Registry_1001_to_1043/1030_The_First_Tear/SE-1030-D__MAW-G_The_First_Charm.md
SE-1031-A,SE-1031-A,The Sorrow Seed,Side-Codex,SE-1031,,"Residue (I) — Barely formed, dormant / Minor (α)","Weight (Black) / Zone D, Echo Gardens",N/A,N/A,Master Side-Codex Dossier & Extraction Rules,N/A,Registry_1001_to_1043/1031_The_Sorrow_Seed,SOMNARAK-WORLD/MAW_Codex_Sets/Registry_1001_to_1043/1031_The_Sorrow_Seed/SE-1031-A__SIDE_CODEX_The_Sorrow_Seed.md
SE-1031-B,MAW-W-1031-01,The Sorrow Maul,Weapon,SE-1031,The Sorrow Seed,N/A,** α / Weight,N/A,N/A,DMG: Variable | SPD: - | RNG: -,N/A,Registry_1001_to_1043/1031_The_Sorrow_Seed,SOMNARAK-WORLD/MAW_Codex_Sets/Registry_1001_to_1043/1031_The_Sorrow_Seed/SE-1031-B__MAW-W_The_Sorrow_Maul.md
SE-1031-C,MAW-S-1031-01,The Sorrow Mantle,Suit,SE-1031,The Sorrow Seed,N/A,** α / Weight,N/A,N/A,Standard Attire Resistances,N/A,Registry_1001_to_1043/1031_The_Sorrow_Seed,SOMNARAK-WORLD/MAW_Codex_Sets/Registry_1001_to_1043/1031_The_Sorrow_Seed/SE-1031-C__MAW-S_The_Sorrow_Mantle.md
SE-1031-D,MAW-G-1031-01,The Sorrow Seed,Gift,SE-1031,The Sorrow Seed,N/A,** α / Weight,N/A,N/A,Slot: Accessory | Bestowal: 5%,N/A,Registry_1001_to_1043/1031_The_Sorrow_Seed,SOMNARAK-WORLD/MAW_Codex_Sets/Registry_1001_to_1043/1031_The_Sorrow_Seed/SE-1031-D__MAW-G_The_Sorrow_Seed.md
SE-1032-A,SE-1032-A,Mourner s Bloom,Side-Codex,SE-1032,,"Residue (I) — Barely formed, passive / Minor (α)","Lament (Deep Blue) / Zone D, Echo Gardens",N/A,N/A,Master Side-Codex Dossier & Extraction Rules,N/A,Registry_1001_to_1043/1032_Mourner_s_Bloom,SOMNARAK-WORLD/MAW_Codex_Sets/Registry_1001_to_1043/1032_Mourner_s_Bloom/SE-1032-A__SIDE_CODEX_Mourner_s_Bloom.md
SE-1032-B,MAW-W-1032-01,The Sorrow Requiem,Weapon,SE-1032,Mourner's Bloom,N/A,** α / Lament,N/A,N/A,DMG: Variable | SPD: - | RNG: -,N/A,Registry_1001_to_1043/1032_Mourner_s_Bloom,SOMNARAK-WORLD/MAW_Codex_Sets/Registry_1001_to_1043/1032_Mourner_s_Bloom/SE-1032-B__MAW-W_The_Sorrow_Requiem.md
SE-1032-C,MAW-S-1032-01,The Sorrow Shroud,Suit,SE-1032,Mourner's Bloom,N/A,** α / Lament,N/A,N/A,Standard Attire Resistances,N/A,Registry_1001_to_1043/1032_Mourner_s_Bloom,SOMNARAK-WORLD/MAW_Codex_Sets/Registry_1001_to_1043/1032_Mourner_s_Bloom/SE-1032-C__MAW-S_The_Sorrow_Shroud.md
SE-1032-D,MAW-G-1032-01,The Sorrow Petal,Gift,SE-1032,Mourner's Bloom,N/A,** α / Lament,N/A,N/A,Slot: Accessory | Bestowal: 5%,N/A,Registry_1001_to_1043/1032_Mourner_s_Bloom,SOMNARAK-WORLD/MAW_Codex_Sets/Registry_1001_to_1043/1032_Mourner_s_Bloom/SE-1032-D__MAW-G_The_Sorrow_Petal.md
SE-1033-A,SE-1033-A,Apocrypha,Side-Codex,SE-1033,,Residue (I) / Minor (α),Void (Pale White) / The Desolate — mobile,N/A,N/A,Master Side-Codex Dossier & Extraction Rules,N/A,Registry_1001_to_1043/1033_Apocrypha,SOMNARAK-WORLD/MAW_Codex_Sets/Registry_1001_to_1043/1033_Apocrypha/SE-1033-A__SIDE_CODEX_Apocrypha.md
SE-1033-B,MAW-W-1033-01,Apocrypha Lens,Weapon,SE-1033,Apocrypha,N/A,** α / Void,N/A,N/A,DMG: Variable | SPD: - | RNG: -,N/A,Registry_1001_to_1043/1033_Apocrypha,SOMNARAK-WORLD/MAW_Codex_Sets/Registry_1001_to_1043/1033_Apocrypha/SE-1033-B__MAW-W_Apocrypha_Lens.md
SE-1033-C,MAW-S-1033-01,Apocrypha Veil,Suit,SE-1033,Apocrypha,N/A,** α / Void,N/A,N/A,Standard Attire Resistances,N/A,Registry_1001_to_1043/1033_Apocrypha,SOMNARAK-WORLD/MAW_Codex_Sets/Registry_1001_to_1043/1033_Apocrypha/SE-1033-C__MAW-S_Apocrypha_Veil.md
SE-1033-D,MAW-G-1033-01,Apocrypha Shard,Gift,SE-1033,Apocrypha,N/A,** α / Void,N/A,N/A,Slot: Accessory | Bestowal: 5%,N/A,Registry_1001_to_1043/1033_Apocrypha,SOMNARAK-WORLD/MAW_Codex_Sets/Registry_1001_to_1043/1033_Apocrypha/SE-1033-D__MAW-G_Apocrypha_Shard.md
SE-1034-A,SE-1034-A,Unreleased Beam,Side-Codex,SE-1034,,Entity (IV) / Critical (δ),"Weight (Black) / Zone B, deep tunnels",N/A,N/A,Master Side-Codex Dossier & Extraction Rules,N/A,Registry_1001_to_1043/1034_Unreleased_Beam,SOMNARAK-WORLD/MAW_Codex_Sets/Registry_1001_to_1043/1034_Unreleased_Beam/SE-1034-A__SIDE_CODEX_Unreleased_Beam.md
SE-1034-B,MAW-W-1034-01,The Resting Maul,Weapon,SE-1034,Unreleased Beam,N/A,** δ / Weight,N/A,N/A,DMG: Variable | SPD: - | RNG: -,N/A,Registry_1001_to_1043/1034_Unreleased_Beam,SOMNARAK-WORLD/MAW_Codex_Sets/Registry_1001_to_1043/1034_Unreleased_Beam/SE-1034-B__MAW-W_The_Resting_Maul.md
SE-1034-C,MAW-S-1034-01,The Resting Burden,Suit,SE-1034,Unreleased Beam,N/A,** δ / Weight,N/A,N/A,Standard Attire Resistances,N/A,Registry_1001_to_1043/1034_Unreleased_Beam,SOMNARAK-WORLD/MAW_Codex_Sets/Registry_1001_to_1043/1034_Unreleased_Beam/SE-1034-C__MAW-S_The_Resting_Burden.md
SE-1034-D,MAW-G-1034-01,The Resting Charm,Gift,SE-1034,Unreleased Beam,N/A,** δ / Weight,N/A,N/A,Slot: Accessory | Bestowal: 5%,N/A,Registry_1001_to_1043/1034_Unreleased_Beam,SOMNARAK-WORLD/MAW_Codex_Sets/Registry_1001_to_1043/1034_Unreleased_Beam/SE-1034-D__MAW-G_The_Resting_Charm.md
SE-1035-A,SE-1035-A,Keen,Side-Codex,SE-1035,,Residue (I) / Minor (α),"Lament (Deep Blue) / Zone C, Collector's Row",N/A,N/A,Master Side-Codex Dossier & Extraction Rules,N/A,Registry_1001_to_1043/1035_Keen,SOMNARAK-WORLD/MAW_Codex_Sets/Registry_1001_to_1043/1035_Keen/SE-1035-A__SIDE_CODEX_Keen.md
SE-1035-B,MAW-W-1035-01,The Crying Requiem,Weapon,SE-1035,Keen,N/A,** α / Lament,N/A,N/A,DMG: Variable | SPD: - | RNG: -,N/A,Registry_1001_to_1043/1035_Keen,SOMNARAK-WORLD/MAW_Codex_Sets/Registry_1001_to_1043/1035_Keen/SE-1035-B__MAW-W_The_Crying_Requiem.md
SE-1035-C,MAW-S-1035-01,The Crying Shroud,Suit,SE-1035,Keen,N/A,** α / Lament,N/A,N/A,Standard Attire Resistances,N/A,Registry_1001_to_1043/1035_Keen,SOMNARAK-WORLD/MAW_Codex_Sets/Registry_1001_to_1043/1035_Keen/SE-1035-C__MAW-S_The_Crying_Shroud.md
SE-1035-D,MAW-G-1035-01,The Crying Ember,Gift,SE-1035,Keen,N/A,** α / Lament,N/A,N/A,Slot: Accessory | Bestowal: 5%,N/A,Registry_1001_to_1043/1035_Keen,SOMNARAK-WORLD/MAW_Codex_Sets/Registry_1001_to_1043/1035_Keen/SE-1035-D__MAW-G_The_Crying_Ember.md
SE-1036-A,SE-1036-A,Dreaming Ruin,Side-Codex,SE-1036,,Fragment (III) / Major (γ),"Void (Pale White) / Zone C, Mask Market",N/A,N/A,Master Side-Codex Dossier & Extraction Rules,N/A,Registry_1001_to_1043/1036_Dreaming_Ruin,SOMNARAK-WORLD/MAW_Codex_Sets/Registry_1001_to_1043/1036_Dreaming_Ruin/SE-1036-A__SIDE_CODEX_Dreaming_Ruin.md
SE-1036-B,MAW-W-1036-01,The Ruin Lens,Weapon,SE-1036,Dreaming Ruin,N/A,** γ / Void,N/A,N/A,DMG: Variable | SPD: - | RNG: -,N/A,Registry_1001_to_1043/1036_Dreaming_Ruin,SOMNARAK-WORLD/MAW_Codex_Sets/Registry_1001_to_1043/1036_Dreaming_Ruin/SE-1036-B__MAW-W_The_Ruin_Lens.md
SE-1036-C,MAW-S-1036-01,The Ruin Veil,Suit,SE-1036,Dreaming Ruin,N/A,** γ / Void,N/A,N/A,Standard Attire Resistances,N/A,Registry_1001_to_1043/1036_Dreaming_Ruin,SOMNARAK-WORLD/MAW_Codex_Sets/Registry_1001_to_1043/1036_Dreaming_Ruin/SE-1036-C__MAW-S_The_Ruin_Veil.md
SE-1036-D,MAW-G-1036-01,The Ruin Shard,Gift,SE-1036,Dreaming Ruin,N/A,** γ / Void,N/A,N/A,Slot: Accessory | Bestowal: 5%,N/A,Registry_1001_to_1043/1036_Dreaming_Ruin,SOMNARAK-WORLD/MAW_Codex_Sets/Registry_1001_to_1043/1036_Dreaming_Ruin/SE-1036-D__MAW-G_The_Ruin_Shard.md
SE-1037-A,SE-1037-A,Well Within,Side-Codex,SE-1037,,Entity (IV) / Critical (δ),Grudge (Crimson) / The Desolate — mobile,N/A,N/A,Master Side-Codex Dossier & Extraction Rules,N/A,Registry_1001_to_1043/1037_Well_Within,SOMNARAK-WORLD/MAW_Codex_Sets/Registry_1001_to_1043/1037_Well_Within/SE-1037-A__SIDE_CODEX_Well_Within.md
SE-1037-B,MAW-W-1037-01,Well Within Fang,Weapon,SE-1037,Well Within,N/A,** δ / Grudge,N/A,N/A,DMG: Variable | SPD: - | RNG: -,N/A,Registry_1001_to_1043/1037_Well_Within,SOMNARAK-WORLD/MAW_Codex_Sets/Registry_1001_to_1043/1037_Well_Within/SE-1037-B__MAW-W_Well_Within_Fang.md
SE-1037-C,MAW-S-1037-01,Well Within Plate,Suit,SE-1037,Well Within,N/A,** δ / Grudge,N/A,N/A,Standard Attire Resistances,N/A,Registry_1001_to_1043/1037_Well_Within,SOMNARAK-WORLD/MAW_Codex_Sets/Registry_1001_to_1043/1037_Well_Within/SE-1037-C__MAW-S_Well_Within_Plate.md
SE-1037-D,MAW-G-1037-01,Well Within Stone,Gift,SE-1037,Well Within,N/A,** δ / Grudge,N/A,N/A,Slot: Accessory | Bestowal: 5%,N/A,Registry_1001_to_1043/1037_Well_Within,SOMNARAK-WORLD/MAW_Codex_Sets/Registry_1001_to_1043/1037_Well_Within/SE-1037-D__MAW-G_Well_Within_Stone.md
SE-1038-A,SE-1038-A,Heirloom,Side-Codex,SE-1038,,Entity (IV) / Critical (δ),"Grudge (Crimson) / Zone A, Alpha Tree vault",N/A,N/A,Master Side-Codex Dossier & Extraction Rules,N/A,Registry_1001_to_1043/1038_Heirloom,SOMNARAK-WORLD/MAW_Codex_Sets/Registry_1001_to_1043/1038_Heirloom/SE-1038-A__SIDE_CODEX_Heirloom.md
SE-1038-B,MAW-W-1038-01,The Echo Fang,Weapon,SE-1038,Heirloom,N/A,** δ / Grudge,N/A,N/A,DMG: Variable | SPD: - | RNG: -,N/A,Registry_1001_to_1043/1038_Heirloom,SOMNARAK-WORLD/MAW_Codex_Sets/Registry_1001_to_1043/1038_Heirloom/SE-1038-B__MAW-W_The_Echo_Fang.md
SE-1038-C,MAW-S-1038-01,The Echo Plate,Suit,SE-1038,Heirloom,N/A,** δ / Grudge,N/A,N/A,Standard Attire Resistances,N/A,Registry_1001_to_1043/1038_Heirloom,SOMNARAK-WORLD/MAW_Codex_Sets/Registry_1001_to_1043/1038_Heirloom/SE-1038-C__MAW-S_The_Echo_Plate.md
SE-1038-D,MAW-G-1038-01,The Echo Flame,Gift,SE-1038,Heirloom,N/A,** δ / Grudge,N/A,N/A,Slot: Accessory | Bestowal: 5%,N/A,Registry_1001_to_1043/1038_Heirloom,SOMNARAK-WORLD/MAW_Codex_Sets/Registry_1001_to_1043/1038_Heirloom/SE-1038-D__MAW-G_The_Echo_Flame.md
SE-1039-A,SE-1039-A,Labyrinth of the Unfinished Mind,Side-Codex,SE-1039,,Entity (IV) / Critical (δ),"Void (Pale White) / SECTOR-C-909, contained",N/A,N/A,Master Side-Codex Dossier & Extraction Rules,N/A,Registry_1001_to_1043/1039_Labyrinth_of_the_Unfinished_Mind,SOMNARAK-WORLD/MAW_Codex_Sets/Registry_1001_to_1043/1039_Labyrinth_of_the_Unfinished_Mind/SE-1039-A__SIDE_CODEX_Labyrinth_of_the_Unfinished_Mind.md
SE-1039-B,MAW-W-1039-01,Labyrinth of the Unfinished Mind's Edge,Weapon,SE-1039,Labyrinth of the Unfinished Mind,N/A,** δ / Void,N/A,N/A,DMG: Variable | SPD: - | RNG: -,N/A,Registry_1001_to_1043/1039_Labyrinth_of_the_Unfinished_Mind,SOMNARAK-WORLD/MAW_Codex_Sets/Registry_1001_to_1043/1039_Labyrinth_of_the_Unfinished_Mind/SE-1039-B__MAW-W_Labyrinth_of_the_Unfinished_Mind_s_Edge.md
SE-1039-C,MAW-S-1039-01,Labyrinth of the Unfinished Mind's Veil,Suit,SE-1039,Labyrinth of the Unfinished Mind,N/A,** δ / Void,N/A,N/A,Standard Attire Resistances,N/A,Registry_1001_to_1043/1039_Labyrinth_of_the_Unfinished_Mind,SOMNARAK-WORLD/MAW_Codex_Sets/Registry_1001_to_1043/1039_Labyrinth_of_the_Unfinished_Mind/SE-1039-C__MAW-S_Labyrinth_of_the_Unfinished_Mind_s_Veil.md
SE-1039-D,MAW-G-1039-01,Labyrinth of the Unfinished Mind's Token,Gift,SE-1039,Labyrinth of the Unfinished Mind,N/A,** δ / Void,N/A,N/A,Slot: Accessory | Bestowal: 5%,N/A,Registry_1001_to_1043/1039_Labyrinth_of_the_Unfinished_Mind,SOMNARAK-WORLD/MAW_Codex_Sets/Registry_1001_to_1043/1039_Labyrinth_of_the_Unfinished_Mind/SE-1039-D__MAW-G_Labyrinth_of_the_Unfinished_Mind_s_Token.md
SE-1040-A,SE-1040-A,Wanderer Without a Destination,Side-Codex,SE-1040,,Fragment (III) / Major (γ),"Lament (Deep Blue) / Zone A, Alpha Tree",N/A,N/A,Master Side-Codex Dossier & Extraction Rules,N/A,Registry_1001_to_1043/1040_Wanderer_Without_a_Destination,SOMNARAK-WORLD/MAW_Codex_Sets/Registry_1001_to_1043/1040_Wanderer_Without_a_Destination/SE-1040-A__SIDE_CODEX_Wanderer_Without_a_Destination.md
SE-1040-B,MAW-W-1040-01,Wanderer Without a Destination Requiem,Weapon,SE-1040,Wanderer Without a Destination,N/A,** γ / Lament,N/A,N/A,DMG: Variable | SPD: - | RNG: -,N/A,Registry_1001_to_1043/1040_Wanderer_Without_a_Destination,SOMNARAK-WORLD/MAW_Codex_Sets/Registry_1001_to_1043/1040_Wanderer_Without_a_Destination/SE-1040-B__MAW-W_Wanderer_Without_a_Destination_Requiem.md
SE-1040-C,MAW-S-1040-01,Wanderer Without a Destination Shroud,Suit,SE-1040,Wanderer Without a Destination,N/A,** γ / Lament,N/A,N/A,Standard Attire Resistances,N/A,Registry_1001_to_1043/1040_Wanderer_Without_a_Destination,SOMNARAK-WORLD/MAW_Codex_Sets/Registry_1001_to_1043/1040_Wanderer_Without_a_Destination/SE-1040-C__MAW-S_Wanderer_Without_a_Destination_Shroud.md
SE-1040-D,MAW-G-1040-01,Wanderer Without a Destination Lantern,Gift,SE-1040,Wanderer Without a Destination,N/A,** γ / Lament,N/A,N/A,Slot: Accessory | Bestowal: 5%,N/A,Registry_1001_to_1043/1040_Wanderer_Without_a_Destination,SOMNARAK-WORLD/MAW_Codex_Sets/Registry_1001_to_1043/1040_Wanderer_Without_a_Destination/SE-1040-D__MAW-G_Wanderer_Without_a_Destination_Lantern.md
SE-1041-A,SE-1041-A,Endless Shift,Side-Codex,SE-1041,,Entity (IV) / Critical (δ),"Weight (Black) / SECTOR-C-915, contained",N/A,N/A,Master Side-Codex Dossier & Extraction Rules,N/A,Registry_1001_to_1043/1041_Endless_Shift,SOMNARAK-WORLD/MAW_Codex_Sets/Registry_1001_to_1043/1041_Endless_Shift/SE-1041-A__SIDE_CODEX_Endless_Shift.md
SE-1041-B,MAW-W-1041-01,Endless Shift's Edge,Weapon,SE-1041,Endless Shift,N/A,** δ / Weight,N/A,N/A,DMG: Variable | SPD: - | RNG: -,N/A,Registry_1001_to_1043/1041_Endless_Shift,SOMNARAK-WORLD/MAW_Codex_Sets/Registry_1001_to_1043/1041_Endless_Shift/SE-1041-B__MAW-W_Endless_Shift_s_Edge.md
SE-1041-C,MAW-S-1041-01,Endless Shift's Veil,Suit,SE-1041,Endless Shift,N/A,** δ / Weight,N/A,N/A,Standard Attire Resistances,N/A,Registry_1001_to_1043/1041_Endless_Shift,SOMNARAK-WORLD/MAW_Codex_Sets/Registry_1001_to_1043/1041_Endless_Shift/SE-1041-C__MAW-S_Endless_Shift_s_Veil.md
SE-1041-D,MAW-G-1041-01,Endless Shift's Token,Gift,SE-1041,Endless Shift,N/A,** δ / Weight,N/A,N/A,Slot: Accessory | Bestowal: 5%,N/A,Registry_1001_to_1043/1041_Endless_Shift,SOMNARAK-WORLD/MAW_Codex_Sets/Registry_1001_to_1043/1041_Endless_Shift/SE-1041-D__MAW-G_Endless_Shift_s_Token.md
SE-1042-A,SE-1042-A,Hour the Dead Walk,Side-Codex,SE-1042,,Fragment (III) / Major (γ),"Lament (Deep Blue) / SECTOR-O-916, contained",N/A,N/A,Master Side-Codex Dossier & Extraction Rules,N/A,Registry_1001_to_1043/1042_Hour_the_Dead_Walk,SOMNARAK-WORLD/MAW_Codex_Sets/Registry_1001_to_1043/1042_Hour_the_Dead_Walk/SE-1042-A__SIDE_CODEX_Hour_the_Dead_Walk.md
SE-1042-B,MAW-W-1042-01,Hour the Dead Walk's Edge,Weapon,SE-1042,Hour the Dead Walk,N/A,** γ / Lament,N/A,N/A,DMG: Variable | SPD: - | RNG: -,N/A,Registry_1001_to_1043/1042_Hour_the_Dead_Walk,SOMNARAK-WORLD/MAW_Codex_Sets/Registry_1001_to_1043/1042_Hour_the_Dead_Walk/SE-1042-B__MAW-W_Hour_the_Dead_Walk_s_Edge.md
SE-1042-C,MAW-S-1042-01,Hour the Dead Walk's Veil,Suit,SE-1042,Hour the Dead Walk,N/A,** γ / Lament,N/A,N/A,Standard Attire Resistances,N/A,Registry_1001_to_1043/1042_Hour_the_Dead_Walk,SOMNARAK-WORLD/MAW_Codex_Sets/Registry_1001_to_1043/1042_Hour_the_Dead_Walk/SE-1042-C__MAW-S_Hour_the_Dead_Walk_s_Veil.md
SE-1042-D,MAW-G-1042-01,Hour the Dead Walk's Token,Gift,SE-1042,Hour the Dead Walk,N/A,** γ / Lament,N/A,N/A,Slot: Accessory | Bestowal: 5%,N/A,Registry_1001_to_1043/1042_Hour_the_Dead_Walk,SOMNARAK-WORLD/MAW_Codex_Sets/Registry_1001_to_1043/1042_Hour_the_Dead_Walk/SE-1042-D__MAW-G_Hour_the_Dead_Walk_s_Token.md
SE-1043-A,SE-1043-A,Miasma,Side-Codex,SE-1043,,Entity (IV) / Critical (δ),"Lament (Deep Blue) / SECTOR-C-922, contained",N/A,N/A,Master Side-Codex Dossier & Extraction Rules,N/A,Registry_1001_to_1043/1043_Miasma,SOMNARAK-WORLD/MAW_Codex_Sets/Registry_1001_to_1043/1043_Miasma/SE-1043-A__SIDE_CODEX_Miasma.md
SE-1043-B,MAW-W-1043-01,Miasma's Edge,Weapon,SE-1043,Miasma,N/A,** δ / Lament,N/A,N/A,DMG: Variable | SPD: - | RNG: -,N/A,Registry_1001_to_1043/1043_Miasma,SOMNARAK-WORLD/MAW_Codex_Sets/Registry_1001_to_1043/1043_Miasma/SE-1043-B__MAW-W_Miasma_s_Edge.md
SE-1043-C,MAW-S-1043-01,Miasma's Veil,Suit,SE-1043,Miasma,N/A,** δ / Lament,N/A,N/A,Standard Attire Resistances,N/A,Registry_1001_to_1043/1043_Miasma,SOMNARAK-WORLD/MAW_Codex_Sets/Registry_1001_to_1043/1043_Miasma/SE-1043-C__MAW-S_Miasma_s_Veil.md
SE-1043-D,MAW-G-1043-01,Miasma's Token,Gift,SE-1043,Miasma,N/A,** δ / Lament,N/A,N/A,Slot: Accessory | Bestowal: 5%,N/A,Registry_1001_to_1043/1043_Miasma,SOMNARAK-WORLD/MAW_Codex_Sets/Registry_1001_to_1043/1043_Miasma/SE-1043-D__MAW-G_Miasma_s_Token.md
SE-105-A,SE-105-A,The Lonely Giant,Side-Codex,SE-105,,III — Fragment / γ — Major,Weight — Black,N/A,N/A,Master Side-Codex Dossier & Extraction Rules,N/A,Registry_105_to_115/105_Lonely_Giant,SOMNARAK-WORLD/MAW_Codex_Sets/Registry_105_to_115/105_Lonely_Giant/SE-105-A__SIDE_CODEX_The_Lonely_Giant.md
SE-105-B,MAW-W-105-01,The Giant’s Maul,Weapon,SE-105,The Lonely Giant,N/A,N/A,N/A,N/A,DMG: Variable | SPD: - | RNG: -,N/A,Registry_105_to_115/105_Lonely_Giant,SOMNARAK-WORLD/MAW_Codex_Sets/Registry_105_to_115/105_Lonely_Giant/SE-105-B__MAW-W_The_Giants_Maul.md
SE-105-C,MAW-S-105-01,The Giant’s Mantle,Suit,SE-105,The Lonely Giant,N/A,Multiplier,N/A,N/A,Standard Attire Resistances,N/A,Registry_105_to_115/105_Lonely_Giant,SOMNARAK-WORLD/MAW_Codex_Sets/Registry_105_to_115/105_Lonely_Giant/SE-105-C__MAW-S_The_Giants_Mantle.md
SE-105-D,MAW-G-105-01,The Giant’s Ring,Gift,SE-105,The Lonely Giant,N/A,N/A,N/A,N/A,Slot: Accessory | Bestowal: 5%,N/A,Registry_105_to_115/105_Lonely_Giant,SOMNARAK-WORLD/MAW_Codex_Sets/Registry_105_to_115/105_Lonely_Giant/SE-105-D__MAW-G_The_Giants_Ring.md
SE-106-A,SE-106-A,I Alone Crossed,Side-Codex,SE-106,,IV — Entity / δ — Critical,Lament — Deep Blue,N/A,N/A,Master Side-Codex Dossier & Extraction Rules,N/A,Registry_105_to_115/106_I_Alone_Crossed,SOMNARAK-WORLD/MAW_Codex_Sets/Registry_105_to_115/106_I_Alone_Crossed/SE-106-A__SIDE_CODEX_I_Alone_Crossed.md
SE-106-B,MAW-W-106-01,The Survivor's Span-Cleaver,Weapon,SE-106,I Alone Crossed,N/A,N/A,N/A,N/A,DMG: Variable | SPD: - | RNG: -,N/A,Registry_105_to_115/106_I_Alone_Crossed,SOMNARAK-WORLD/MAW_Codex_Sets/Registry_105_to_115/106_I_Alone_Crossed/SE-106-B__MAW-W_I_Alone_Crossed_Requiem.md
SE-106-C,MAW-S-106-01,I Alone Crossed Shroud,Suit,SE-106,I Alone Crossed,N/A,Multiplier,N/A,N/A,Standard Attire Resistances,N/A,Registry_105_to_115/106_I_Alone_Crossed,SOMNARAK-WORLD/MAW_Codex_Sets/Registry_105_to_115/106_I_Alone_Crossed/SE-106-C__MAW-S_I_Alone_Crossed_Shroud.md
SE-106-D,MAW-G-106-01,I Alone Crossed Lantern,Gift,SE-106,I Alone Crossed,N/A,N/A,N/A,N/A,Slot: Accessory | Bestowal: 5%,N/A,Registry_105_to_115/106_I_Alone_Crossed,SOMNARAK-WORLD/MAW_Codex_Sets/Registry_105_to_115/106_I_Alone_Crossed/SE-106-D__MAW-G_I_Alone_Crossed_Lantern.md
SE-108-A,SE-108-A,Animus,Side-Codex,SE-108,,I — Residue / α — Minor,Grudge — Crimson,N/A,N/A,Master Side-Codex Dossier & Extraction Rules,N/A,Registry_105_to_115/108_Animus,SOMNARAK-WORLD/MAW_Codex_Sets/Registry_105_to_115/108_Animus/SE-108-A__SIDE_CODEX_Animus.md
SE-108-B,MAW-W-108-01,The Phantom Blade-Array,Weapon,SE-108,Animus,N/A,N/A,N/A,N/A,DMG: Variable | SPD: - | RNG: -,N/A,Registry_105_to_115/108_Animus,SOMNARAK-WORLD/MAW_Codex_Sets/Registry_105_to_115/108_Animus/SE-108-B__MAW-W_The_Trace_Fang.md
SE-108-C,MAW-S-108-01,The Trace Plate,Suit,SE-108,Animus,N/A,Multiplier,N/A,N/A,Standard Attire Resistances,N/A,Registry_105_to_115/108_Animus,SOMNARAK-WORLD/MAW_Codex_Sets/Registry_105_to_115/108_Animus/SE-108-C__MAW-S_The_Trace_Plate.md
SE-108-D,MAW-G-108-01,The Trace Ember,Gift,SE-108,Animus,N/A,N/A,N/A,N/A,Slot: Accessory | Bestowal: 5%,N/A,Registry_105_to_115/108_Animus,SOMNARAK-WORLD/MAW_Codex_Sets/Registry_105_to_115/108_Animus/SE-108-D__MAW-G_The_Trace_Ember.md
SE-111-A,SE-111-A,The Final Door,Side-Codex,SE-111,,V — Sovereign / δ — Critical,Void — Pale White,N/A,N/A,Master Side-Codex Dossier & Extraction Rules,N/A,Registry_105_to_115/111_Final_Door,SOMNARAK-WORLD/MAW_Codex_Sets/Registry_105_to_115/111_Final_Door/SE-111-A__SIDE_CODEX_The_Final_Door.md
SE-111-B,MAW-W-111-01,The Final Threshold,Weapon,SE-111,The Final Door,δ,Damage,N/A,N/A,DMG: Variable | SPD: - | RNG: -,N/A,Registry_105_to_115/111_Final_Door,SOMNARAK-WORLD/MAW_Codex_Sets/Registry_105_to_115/111_Final_Door/SE-111-B__MAW-W_The_Final_Threshold.md
SE-111-C,MAW-S-111-01,The Final Threshold Veil,Suit,SE-111,The Final Door,δ,** δ / Void,N/A,N/A,Standard Attire Resistances,N/A,Registry_105_to_115/111_Final_Door,SOMNARAK-WORLD/MAW_Codex_Sets/Registry_105_to_115/111_Final_Door/SE-111-C__MAW-S_The_Final_Threshold_Veil.md
SE-111-D,MAW-G-111-01,Thirteen-Second Echo,Gift,SE-111,The Final Door,δ,Void,N/A,N/A,Slot: Accessory | Bestowal: 5%,N/A,Registry_105_to_115/111_Final_Door,SOMNARAK-WORLD/MAW_Codex_Sets/Registry_105_to_115/111_Final_Door/SE-111-D__MAW-G_Thirteen_Second_Echo.md
SE-115-A,SE-115-A,Remembrance,Side-Codex,SE-115,,III — Fragment / γ — Major,Void — Pale White,N/A,N/A,Master Side-Codex Dossier & Extraction Rules,N/A,Registry_105_to_115/115_Remembrance,SOMNARAK-WORLD/MAW_Codex_Sets/Registry_105_to_115/115_Remembrance/SE-115-A__SIDE_CODEX_Remembrance.md
SE-115-B,MAW-W-115-01,The Shard-Storm Reel,Weapon,SE-115,Remembrance,N/A,N/A,N/A,N/A,DMG: Variable | SPD: - | RNG: -,N/A,Registry_105_to_115/115_Remembrance,SOMNARAK-WORLD/MAW_Codex_Sets/Registry_105_to_115/115_Remembrance/SE-115-B__MAW-W_The_Memory_Lens.md
SE-115-C,MAW-S-115-01,The Memory Veil,Suit,SE-115,Remembrance,N/A,Multiplier,N/A,N/A,Standard Attire Resistances,N/A,Registry_105_to_115/115_Remembrance,SOMNARAK-WORLD/MAW_Codex_Sets/Registry_105_to_115/115_Remembrance/SE-115-C__MAW-S_The_Memory_Veil.md
SE-115-D,MAW-G-115-01,The Memory Flask,Gift,SE-115,Remembrance,N/A,N/A,N/A,N/A,Slot: Accessory | Bestowal: 5%,N/A,Registry_105_to_115/115_Remembrance,SOMNARAK-WORLD/MAW_Codex_Sets/Registry_105_to_115/115_Remembrance/SE-115-D__MAW-G_The_Memory_Flask.md
SE-119-A,SE-119-A,Homeless Sorrow,Side-Codex,SE-119,,II — Echo / β — Moderate,Void — Pale White,N/A,N/A,Master Side-Codex Dossier & Extraction Rules,N/A,Registry_119_to_127/119_Homeless_Sorrow,SOMNARAK-WORLD/MAW_Codex_Sets/Registry_119_to_127/119_Homeless_Sorrow/SE-119-A__SIDE_CODEX_Homeless_Sorrow.md
SE-119-B,MAW-W-119-01,The Shadow-Cast Kukri,Weapon,SE-119,Homeless Sorrow,N/A,N/A,N/A,N/A,DMG: Variable | SPD: - | RNG: -,N/A,Registry_119_to_127/119_Homeless_Sorrow,SOMNARAK-WORLD/MAW_Codex_Sets/Registry_119_to_127/119_Homeless_Sorrow/SE-119-B__MAW-W_The_Shadow_Lens.md
SE-119-C,MAW-S-119-01,The Shadow Veil,Suit,SE-119,Homeless Sorrow,N/A,Multiplier,N/A,N/A,Standard Attire Resistances,N/A,Registry_119_to_127/119_Homeless_Sorrow,SOMNARAK-WORLD/MAW_Codex_Sets/Registry_119_to_127/119_Homeless_Sorrow/SE-119-C__MAW-S_The_Shadow_Veil.md
SE-119-D,MAW-G-119-01,The Shadow Hearth,Gift,SE-119,Homeless Sorrow,N/A,N/A,N/A,N/A,Slot: Accessory | Bestowal: 5%,N/A,Registry_119_to_127/119_Homeless_Sorrow,SOMNARAK-WORLD/MAW_Codex_Sets/Registry_119_to_127/119_Homeless_Sorrow/SE-119-D__MAW-G_The_Shadow_Hearth.md
SE-120-A,SE-120-A,Redcage,Side-Codex,SE-120,,III — Fragment / γ — Major,Grudge — Crimson,N/A,N/A,Master Side-Codex Dossier & Extraction Rules,N/A,Registry_119_to_127/120_Redcage,SOMNARAK-WORLD/MAW_Codex_Sets/Registry_119_to_127/120_Redcage/SE-120-A__SIDE_CODEX_Redcage.md
SE-120-B,MAW-W-120-01,The Wrath-Ember Censer,Weapon,SE-120,Redcage,N/A,N/A,N/A,N/A,DMG: Variable | SPD: - | RNG: -,N/A,Registry_119_to_127/120_Redcage,SOMNARAK-WORLD/MAW_Codex_Sets/Registry_119_to_127/120_Redcage/SE-120-B__MAW-W_The_Cage_Fang.md
SE-120-C,MAW-S-120-01,The Cage Shield,Suit,SE-120,Redcage,N/A,Multiplier,N/A,N/A,Standard Attire Resistances,N/A,Registry_119_to_127/120_Redcage,SOMNARAK-WORLD/MAW_Codex_Sets/Registry_119_to_127/120_Redcage/SE-120-C__MAW-S_The_Cage_Shield.md
SE-120-D,MAW-G-120-01,The Cage Charm,Gift,SE-120,Redcage,N/A,N/A,N/A,N/A,Slot: Accessory | Bestowal: 5%,N/A,Registry_119_to_127/120_Redcage,SOMNARAK-WORLD/MAW_Codex_Sets/Registry_119_to_127/120_Redcage/SE-120-D__MAW-G_The_Cage_Charm.md
SE-125-A,SE-125-A,Deja Vu,Side-Codex,SE-125,,IV — Entity / δ — Critical,Void — Pale White,N/A,N/A,Master Side-Codex Dossier & Extraction Rules,N/A,Registry_119_to_127/125_Deja_Vu,SOMNARAK-WORLD/MAW_Codex_Sets/Registry_119_to_127/125_Deja_Vu/SE-125-A__SIDE_CODEX_Deja_Vu.md
SE-125-B,MAW-W-125-01,The Reverberant Spear,Weapon,SE-125,Déjà Vu,N/A,N/A,N/A,N/A,DMG: Variable | SPD: - | RNG: -,N/A,Registry_119_to_127/125_Deja_Vu,SOMNARAK-WORLD/MAW_Codex_Sets/Registry_119_to_127/125_Deja_Vu/SE-125-B__MAW-W_The_Returning_Lens.md
SE-125-C,MAW-S-125-01,The Returning Veil,Suit,SE-125,Déjà Vu,N/A,Multiplier,N/A,N/A,Standard Attire Resistances,N/A,Registry_119_to_127/125_Deja_Vu,SOMNARAK-WORLD/MAW_Codex_Sets/Registry_119_to_127/125_Deja_Vu/SE-125-C__MAW-S_The_Returning_Veil.md
SE-125-D,MAW-G-125-01,The Returning Seed,Gift,SE-125,Déjà Vu,N/A,N/A,N/A,N/A,Slot: Accessory | Bestowal: 5%,N/A,Registry_119_to_127/125_Deja_Vu,SOMNARAK-WORLD/MAW_Codex_Sets/Registry_119_to_127/125_Deja_Vu/SE-125-D__MAW-G_The_Returning_Seed.md
SE-126-A,SE-126-A,Anonym,Side-Codex,SE-126,,I — Residue / α — Minor,Void — Pale White,N/A,N/A,Master Side-Codex Dossier & Extraction Rules,N/A,Registry_119_to_127/126_Anonym,SOMNARAK-WORLD/MAW_Codex_Sets/Registry_119_to_127/126_Anonym/SE-126-A__SIDE_CODEX_Anonym.md
SE-126-B,MAW-W-126-01,The Liquefying Hand-Cannon,Weapon,SE-126,Anonym,N/A,N/A,N/A,N/A,DMG: Variable | SPD: - | RNG: -,N/A,Registry_119_to_127/126_Anonym,SOMNARAK-WORLD/MAW_Codex_Sets/Registry_119_to_127/126_Anonym/SE-126-B__MAW-W_The_Melting_Lens.md
SE-126-C,MAW-S-126-01,The Melting Veil,Suit,SE-126,Anonym,N/A,Multiplier,N/A,N/A,Standard Attire Resistances,N/A,Registry_119_to_127/126_Anonym,SOMNARAK-WORLD/MAW_Codex_Sets/Registry_119_to_127/126_Anonym/SE-126-C__MAW-S_The_Melting_Veil.md
SE-126-D,MAW-G-126-01,The Melting Reflection,Gift,SE-126,Anonym,N/A,N/A,N/A,N/A,Slot: Accessory | Bestowal: 5%,N/A,Registry_119_to_127/126_Anonym,SOMNARAK-WORLD/MAW_Codex_Sets/Registry_119_to_127/126_Anonym/SE-126-D__MAW-G_The_Melting_Reflection.md
SE-127-A,SE-127-A,Mirror of Broken,Side-Codex,SE-127,,III — Fragment / γ — Major,Weight — Black,N/A,N/A,Master Side-Codex Dossier & Extraction Rules,N/A,Registry_119_to_127/127_Mirror_of_Broken,SOMNARAK-WORLD/MAW_Codex_Sets/Registry_119_to_127/127_Mirror_of_Broken/SE-127-A__SIDE_CODEX_Mirror_of_Broken.md
SE-127-B,MAW-W-127-01,The Fractured Celestial Prism,Weapon,SE-127,Mirror of Broken,N/A,N/A,N/A,N/A,DMG: Variable | SPD: - | RNG: -,N/A,Registry_119_to_127/127_Mirror_of_Broken,SOMNARAK-WORLD/MAW_Codex_Sets/Registry_119_to_127/127_Mirror_of_Broken/SE-127-B__MAW-W_The_Broken_Maul.md
SE-127-C,MAW-S-127-01,The Broken Mantle,Suit,SE-127,Mirror of Broken,N/A,Multiplier,N/A,N/A,Standard Attire Resistances,N/A,Registry_119_to_127/127_Mirror_of_Broken,SOMNARAK-WORLD/MAW_Codex_Sets/Registry_119_to_127/127_Mirror_of_Broken/SE-127-C__MAW-S_The_Broken_Mantle.md
SE-127-D,MAW-G-127-01,The Broken Reflection,Gift,SE-127,Mirror of Broken,N/A,N/A,N/A,N/A,Slot: Accessory | Bestowal: 5%,N/A,Registry_119_to_127/127_Mirror_of_Broken,SOMNARAK-WORLD/MAW_Codex_Sets/Registry_119_to_127/127_Mirror_of_Broken/SE-127-D__MAW-G_The_Broken_Reflection.md
SE-130-A,SE-130-A,Deteriorata,Side-Codex,SE-130,,IV — Entity / γ — Major,Weight — Black,N/A,N/A,Master Side-Codex Dossier & Extraction Rules,N/A,Registry_130_to_150/130_Deteriorata,SOMNARAK-WORLD/MAW_Codex_Sets/Registry_130_to_150/130_Deteriorata/SE-130-A__SIDE_CODEX_Deteriorata.md
SE-130-B,MAW-W-130-01,The Saint’s Maul,Weapon,SE-130,Deteriorata,N/A,N/A,N/A,N/A,DMG: Variable | SPD: - | RNG: -,N/A,Registry_130_to_150/130_Deteriorata,SOMNARAK-WORLD/MAW_Codex_Sets/Registry_130_to_150/130_Deteriorata/SE-130-B__MAW-W_The_Saints_Maul.md
SE-130-C,MAW-S-130-01,The Saint’s Fragment,Suit,SE-130,Deteriorata,N/A,Multiplier,N/A,N/A,Standard Attire Resistances,N/A,Registry_130_to_150/130_Deteriorata,SOMNARAK-WORLD/MAW_Codex_Sets/Registry_130_to_150/130_Deteriorata/SE-130-C__MAW-S_The_Saints_Fragment.md
SE-130-D,MAW-G-130-01,The Saint’s Charm,Gift,SE-130,Deteriorata,N/A,N/A,N/A,N/A,Slot: Accessory | Bestowal: 5%,N/A,Registry_130_to_150/130_Deteriorata,SOMNARAK-WORLD/MAW_Codex_Sets/Registry_130_to_150/130_Deteriorata/SE-130-D__MAW-G_The_Saints_Charm.md
SE-135-A,SE-135-A,Rem,Side-Codex,SE-135,,II — Echo / β — Moderate,Lament — Deep Blue,N/A,N/A,Master Side-Codex Dossier & Extraction Rules,N/A,Registry_130_to_150/135_Rem,SOMNARAK-WORLD/MAW_Codex_Sets/Registry_130_to_150/135_Rem/SE-135-A__SIDE_CODEX_Rem.md
SE-135-B,MAW-W-135-01,The Levitating Oneiric Prisms,Weapon,SE-135,Rem,N/A,N/A,N/A,N/A,DMG: Variable | SPD: - | RNG: -,N/A,Registry_130_to_150/135_Rem,SOMNARAK-WORLD/MAW_Codex_Sets/Registry_130_to_150/135_Rem/SE-135-B__MAW-W_The_Warm_Requiem.md
SE-135-C,MAW-S-135-01,The Warm Shroud,Suit,SE-135,Rem,N/A,Multiplier,N/A,N/A,Standard Attire Resistances,N/A,Registry_130_to_150/135_Rem,SOMNARAK-WORLD/MAW_Codex_Sets/Registry_130_to_150/135_Rem/SE-135-C__MAW-S_The_Warm_Shroud.md
SE-135-D,MAW-G-135-01,The Floating Dream Catcher Orb,Gift,SE-135,Rem,N/A,N/A,N/A,N/A,Slot: Accessory | Bestowal: 5%,N/A,Registry_130_to_150/135_Rem,SOMNARAK-WORLD/MAW_Codex_Sets/Registry_130_to_150/135_Rem/SE-135-D__MAW-G_The_Warm_Shard.md
SE-140-A,SE-140-A,The Weeping Willow,Side-Codex,SE-140,,III — Fragment / γ — Major,Lament — Deep Blue,N/A,N/A,Master Side-Codex Dossier & Extraction Rules,N/A,Registry_130_to_150/140_Weeping_Willow,SOMNARAK-WORLD/MAW_Codex_Sets/Registry_130_to_150/140_Weeping_Willow/SE-140-A__SIDE_CODEX_The_Weeping_Willow.md
SE-140-B,MAW-W-140-01,The Weeping Willow War-Scythe,Weapon,SE-140,The Weeping Willow,N/A,N/A,N/A,N/A,DMG: Variable | SPD: - | RNG: -,N/A,Registry_130_to_150/140_Weeping_Willow,SOMNARAK-WORLD/MAW_Codex_Sets/Registry_130_to_150/140_Weeping_Willow/SE-140-B__MAW-W_The_Willow_Requiem.md
SE-140-C,MAW-S-140-01,The Willow Cloak,Suit,SE-140,The Weeping Willow,N/A,Multiplier,N/A,N/A,Standard Attire Resistances,N/A,Registry_130_to_150/140_Weeping_Willow,SOMNARAK-WORLD/MAW_Codex_Sets/Registry_130_to_150/140_Weeping_Willow/SE-140-C__MAW-S_The_Willow_Cloak.md
SE-140-D,MAW-G-140-01,The Willow Charm,Gift,SE-140,The Weeping Willow,N/A,N/A,N/A,N/A,Slot: Accessory | Bestowal: 5%,N/A,Registry_130_to_150/140_Weeping_Willow,SOMNARAK-WORLD/MAW_Codex_Sets/Registry_130_to_150/140_Weeping_Willow/SE-140-D__MAW-G_The_Willow_Charm.md
SE-145-A,SE-145-A,Briar,Side-Codex,SE-145,,III — Fragment / γ — Major,Grudge — Crimson,N/A,N/A,Master Side-Codex Dossier & Extraction Rules,N/A,Registry_130_to_150/145_Briar,SOMNARAK-WORLD/MAW_Codex_Sets/Registry_130_to_150/145_Briar/SE-145-A__SIDE_CODEX_Briar.md
SE-145-B,MAW-W-145-01,The Briar-Spool Needle Gun,Weapon,SE-145,Briar,N/A,N/A,N/A,N/A,DMG: Variable | SPD: - | RNG: -,N/A,Registry_130_to_150/145_Briar,SOMNARAK-WORLD/MAW_Codex_Sets/Registry_130_to_150/145_Briar/SE-145-B__MAW-W_The_Thorn_Fang.md
SE-145-C,MAW-S-145-01,The Thorn Plate,Suit,SE-145,Briar,N/A,Multiplier,N/A,N/A,Standard Attire Resistances,N/A,Registry_130_to_150/145_Briar,SOMNARAK-WORLD/MAW_Codex_Sets/Registry_130_to_150/145_Briar/SE-145-C__MAW-S_The_Thorn_Plate.md
SE-145-D,MAW-G-145-01,The Piercing Briar Coronet,Gift,SE-145,Briar,N/A,N/A,N/A,N/A,Slot: Accessory | Bestowal: 5%,N/A,Registry_130_to_150/145_Briar,SOMNARAK-WORLD/MAW_Codex_Sets/Registry_130_to_150/145_Briar/SE-145-D__MAW-G_The_Thorn_Crown.md
SE-150-A,SE-150-A,Risus,Side-Codex,SE-150,,I — Residue / α — Minor,Lament — Deep Blue,N/A,N/A,Master Side-Codex Dossier & Extraction Rules,N/A,Registry_130_to_150/150_Risus,SOMNARAK-WORLD/MAW_Codex_Sets/Registry_130_to_150/150_Risus/SE-150-A__SIDE_CODEX_Risus.md
SE-150-B,MAW-W-150-01,The Laughter Requiem,Weapon,SE-150,Risus,N/A,N/A,N/A,N/A,DMG: Variable | SPD: - | RNG: -,N/A,Registry_130_to_150/150_Risus,SOMNARAK-WORLD/MAW_Codex_Sets/Registry_130_to_150/150_Risus/SE-150-B__MAW-W_The_Laughter_Requiem.md
SE-150-C,MAW-S-150-01,The Laughter Shroud,Suit,SE-150,Risus,N/A,Multiplier,N/A,N/A,Standard Attire Resistances,N/A,Registry_130_to_150/150_Risus,SOMNARAK-WORLD/MAW_Codex_Sets/Registry_130_to_150/150_Risus/SE-150-C__MAW-S_The_Laughter_Shroud.md
SE-150-D,MAW-G-150-01,The Laughter Bell,Gift,SE-150,Risus,N/A,N/A,N/A,N/A,Slot: Accessory | Bestowal: 5%,N/A,Registry_130_to_150/150_Risus,SOMNARAK-WORLD/MAW_Codex_Sets/Registry_130_to_150/150_Risus/SE-150-D__MAW-G_The_Laughter_Bell.md
SE-151-A,SE-151-A,Border Tree,Side-Codex,SE-151,,IV — Entity / δ — Critical,Grudge — Crimson,N/A,N/A,Master Side-Codex Dossier & Extraction Rules,N/A,Registry_151_to_157/151_Border_Tree,SOMNARAK-WORLD/MAW_Codex_Sets/Registry_151_to_157/151_Border_Tree/SE-151-A__SIDE_CODEX_Border_Tree.md
SE-151-B,MAW-W-151-01,The Bramble Tanto,Weapon,SE-151,Border Tree,N/A,N/A,N/A,N/A,DMG: Variable | SPD: - | RNG: -,N/A,Registry_151_to_157/151_Border_Tree,SOMNARAK-WORLD/MAW_Codex_Sets/Registry_151_to_157/151_Border_Tree/SE-151-B__MAW-W_The_Border_Root.md
SE-151-C,MAW-S-151-01,The Border Plate,Suit,SE-151,Border Tree,N/A,Multiplier,N/A,N/A,Standard Attire Resistances,N/A,Registry_151_to_157/151_Border_Tree,SOMNARAK-WORLD/MAW_Codex_Sets/Registry_151_to_157/151_Border_Tree/SE-151-C__MAW-S_The_Border_Plate.md
SE-151-D,MAW-G-151-01,The Border Charm,Gift,SE-151,Border Tree,N/A,N/A,N/A,N/A,Slot: Accessory | Bestowal: 5%,N/A,Registry_151_to_157/151_Border_Tree,SOMNARAK-WORLD/MAW_Codex_Sets/Registry_151_to_157/151_Border_Tree/SE-151-D__MAW-G_The_Border_Charm.md
SE-152-A,SE-152-A,Doorway to Nowhere,Side-Codex,SE-152,,II — Echo / β — Moderate,Lament — Deep Blue,N/A,N/A,Master Side-Codex Dossier & Extraction Rules,N/A,Registry_151_to_157/152_Doorway_to_Nowhere,SOMNARAK-WORLD/MAW_Codex_Sets/Registry_151_to_157/152_Doorway_to_Nowhere/SE-152-A__SIDE_CODEX_Doorway_to_Nowhere.md
SE-152-B,MAW-W-152-01,The Wayfarer's Censer,Weapon,SE-152,Doorway to Nowhere,N/A,N/A,N/A,N/A,DMG: Variable | SPD: - | RNG: -,N/A,Registry_151_to_157/152_Doorway_to_Nowhere,SOMNARAK-WORLD/MAW_Codex_Sets/Registry_151_to_157/152_Doorway_to_Nowhere/SE-152-B__MAW-W_The_Wandering_Requiem.md
SE-152-C,MAW-S-152-01,The Wandering Shroud,Suit,SE-152,Doorway to Nowhere,N/A,Multiplier,N/A,N/A,Standard Attire Resistances,N/A,Registry_151_to_157/152_Doorway_to_Nowhere,SOMNARAK-WORLD/MAW_Codex_Sets/Registry_151_to_157/152_Doorway_to_Nowhere/SE-152-C__MAW-S_The_Wandering_Shroud.md
SE-152-D,MAW-G-152-01,The Wandering Key,Gift,SE-152,Doorway to Nowhere,N/A,N/A,N/A,N/A,Slot: Accessory | Bestowal: 5%,N/A,Registry_151_to_157/152_Doorway_to_Nowhere,SOMNARAK-WORLD/MAW_Codex_Sets/Registry_151_to_157/152_Doorway_to_Nowhere/SE-152-D__MAW-G_The_Wandering_Key.md
SE-155-A,SE-155-A,Harbinger,Side-Codex,SE-155,,III — Fragment / β — Moderate,Weight — Black,N/A,N/A,Master Side-Codex Dossier & Extraction Rules,N/A,Registry_151_to_157/155_Harbinger,SOMNARAK-WORLD/MAW_Codex_Sets/Registry_151_to_157/155_Harbinger/SE-155-A__SIDE_CODEX_Harbinger.md
SE-155-B,MAW-W-155-01,The Shadow Maul,Weapon,SE-155,Harbinger,N/A,N/A,N/A,N/A,DMG: Variable | SPD: - | RNG: -,N/A,Registry_151_to_157/155_Harbinger,SOMNARAK-WORLD/MAW_Codex_Sets/Registry_151_to_157/155_Harbinger/SE-155-B__MAW-W_The_Shadow_Maul.md
SE-155-C,MAW-S-155-01,The Shadow Step,Suit,SE-155,Harbinger,N/A,Multiplier,N/A,N/A,Standard Attire Resistances,N/A,Registry_151_to_157/155_Harbinger,SOMNARAK-WORLD/MAW_Codex_Sets/Registry_151_to_157/155_Harbinger/SE-155-C__MAW-S_The_Shadow_Step.md
SE-155-D,MAW-G-155-01,The Shadow Charm,Gift,SE-155,Harbinger,N/A,N/A,N/A,N/A,Slot: Accessory | Bestowal: 5%,N/A,Registry_151_to_157/155_Harbinger,SOMNARAK-WORLD/MAW_Codex_Sets/Registry_151_to_157/155_Harbinger/SE-155-D__MAW-G_The_Shadow_Charm.md
SE-156-A,SE-156-A,Deadline,Side-Codex,SE-156,,III — Fragment / β — Moderate,Weight — Black,N/A,N/A,Master Side-Codex Dossier & Extraction Rules,N/A,Registry_151_to_157/156_Deadline,SOMNARAK-WORLD/MAW_Codex_Sets/Registry_151_to_157/156_Deadline/SE-156-A__SIDE_CODEX_Deadline.md
SE-156-B,MAW-W-156-01,The Deadline Maul,Weapon,SE-156,Deadline,N/A,N/A,N/A,N/A,DMG: Variable | SPD: - | RNG: -,N/A,Registry_151_to_157/156_Deadline,SOMNARAK-WORLD/MAW_Codex_Sets/Registry_151_to_157/156_Deadline/SE-156-B__MAW-W_The_Deadline_Maul.md
SE-156-C,MAW-S-156-01,The Deadline Mantle,Suit,SE-156,Deadline,N/A,Multiplier,N/A,N/A,Standard Attire Resistances,N/A,Registry_151_to_157/156_Deadline,SOMNARAK-WORLD/MAW_Codex_Sets/Registry_151_to_157/156_Deadline/SE-156-C__MAW-S_The_Deadline_Mantle.md
SE-156-D,MAW-G-156-01,The Deadline Watch,Gift,SE-156,Deadline,N/A,N/A,N/A,N/A,Slot: Accessory | Bestowal: 5%,N/A,Registry_151_to_157/156_Deadline,SOMNARAK-WORLD/MAW_Codex_Sets/Registry_151_to_157/156_Deadline/SE-156-D__MAW-G_The_Deadline_Watch.md
SE-157-A,SE-157-A,Torpor,Side-Codex,SE-157,,IV — Entity / δ — Critical,Weight — Black,N/A,N/A,Master Side-Codex Dossier & Extraction Rules,N/A,Registry_151_to_157/157_Torpor,SOMNARAK-WORLD/MAW_Codex_Sets/Registry_151_to_157/157_Torpor/SE-157-A__SIDE_CODEX_Torpor.md
SE-157-B,MAW-W-157-01,The Exhale Culverin,Weapon,SE-157,Torpor,N/A,N/A,N/A,N/A,DMG: Variable | SPD: - | RNG: -,N/A,Registry_151_to_157/157_Torpor,SOMNARAK-WORLD/MAW_Codex_Sets/Registry_151_to_157/157_Torpor/SE-157-B__MAW-W_The_Sleeping_Maul.md
SE-157-C,MAW-S-157-01,The Sleeping Mantle,Suit,SE-157,Torpor,N/A,Multiplier,N/A,N/A,Standard Attire Resistances,N/A,Registry_151_to_157/157_Torpor,SOMNARAK-WORLD/MAW_Codex_Sets/Registry_151_to_157/157_Torpor/SE-157-C__MAW-S_The_Sleeping_Mantle.md
SE-157-D,MAW-G-157-01,The Sleeping Breath,Gift,SE-157,Torpor,N/A,N/A,N/A,N/A,Slot: Accessory | Bestowal: 5%,N/A,Registry_151_to_157/157_Torpor,SOMNARAK-WORLD/MAW_Codex_Sets/Registry_151_to_157/157_Torpor/SE-157-D__MAW-G_The_Sleeping_Breath.md
SE-159-A,SE-159-A,Apnea,Side-Codex,SE-159,,IV — Entity / δ — Critical,Grudge — Crimson,N/A,N/A,Master Side-Codex Dossier & Extraction Rules,N/A,Registry_159_to_169/159_Apnea,SOMNARAK-WORLD/MAW_Codex_Sets/Registry_159_to_169/159_Apnea/SE-159-A__SIDE_CODEX_Apnea.md
SE-159-B,MAW-W-159-01,The Glacial Stiletto,Weapon,SE-159,Apnea,N/A,N/A,N/A,N/A,DMG: Variable | SPD: - | RNG: -,N/A,Registry_159_to_169/159_Apnea,SOMNARAK-WORLD/MAW_Codex_Sets/Registry_159_to_169/159_Apnea/SE-159-B__MAW-W_The_Frozen_Fang.md
SE-159-C,MAW-S-159-01,The Frozen Breath,Suit,SE-159,Apnea,N/A,Multiplier,N/A,N/A,Standard Attire Resistances,N/A,Registry_159_to_169/159_Apnea,SOMNARAK-WORLD/MAW_Codex_Sets/Registry_159_to_169/159_Apnea/SE-159-C__MAW-S_The_Frozen_Breath.md
SE-159-D,MAW-G-159-01,The Frozen Charm,Gift,SE-159,Apnea,N/A,N/A,N/A,N/A,Slot: Accessory | Bestowal: 5%,N/A,Registry_159_to_169/159_Apnea,SOMNARAK-WORLD/MAW_Codex_Sets/Registry_159_to_169/159_Apnea/SE-159-D__MAW-G_The_Frozen_Charm.md
SE-160-A,SE-160-A,The Debt Chain,Side-Codex,SE-160,,III — Fragment / β — Moderate,Weight — Black,N/A,N/A,Master Side-Codex Dossier & Extraction Rules,N/A,Registry_159_to_169/160_Debt_Chain,SOMNARAK-WORLD/MAW_Codex_Sets/Registry_159_to_169/160_Debt_Chain/SE-160-A__SIDE_CODEX_The_Debt_Chain.md
SE-160-B,MAW-W-160-01,The Binding Maul,Weapon,SE-160,The Debt Chain,N/A,N/A,N/A,N/A,DMG: Variable | SPD: - | RNG: -,N/A,Registry_159_to_169/160_Debt_Chain,SOMNARAK-WORLD/MAW_Codex_Sets/Registry_159_to_169/160_Debt_Chain/SE-160-B__MAW-W_The_Binding_Maul.md
SE-160-C,MAW-S-160-01,The Binding Mantle,Suit,SE-160,The Debt Chain,N/A,Multiplier,N/A,N/A,Standard Attire Resistances,N/A,Registry_159_to_169/160_Debt_Chain,SOMNARAK-WORLD/MAW_Codex_Sets/Registry_159_to_169/160_Debt_Chain/SE-160-C__MAW-S_The_Binding_Mantle.md
SE-160-D,MAW-G-160-01,The Binding Chain,Gift,SE-160,The Debt Chain,N/A,N/A,N/A,N/A,Slot: Accessory | Bestowal: 5%,N/A,Registry_159_to_169/160_Debt_Chain,SOMNARAK-WORLD/MAW_Codex_Sets/Registry_159_to_169/160_Debt_Chain/SE-160-D__MAW-G_The_Binding_Chain.md
SE-165-A,SE-165-A,Candela,Side-Codex,SE-165,,IV — Entity / δ — Critical,Lament — Deep Blue,N/A,N/A,Master Side-Codex Dossier & Extraction Rules,N/A,Registry_159_to_169/165_Candela,SOMNARAK-WORLD/MAW_Codex_Sets/Registry_159_to_169/165_Candela/SE-165-A__SIDE_CODEX_Candela.md
SE-165-B,MAW-W-165-01,The Melted Requiem,Weapon,SE-165,Candela,N/A,N/A,N/A,N/A,DMG: Variable | SPD: - | RNG: -,N/A,Registry_159_to_169/165_Candela,SOMNARAK-WORLD/MAW_Codex_Sets/Registry_159_to_169/165_Candela/SE-165-B__MAW-W_The_Melted_Requiem.md
SE-165-C,MAW-S-165-01,The Melted Shroud,Suit,SE-165,Candela,N/A,Multiplier,N/A,N/A,Standard Attire Resistances,N/A,Registry_159_to_169/165_Candela,SOMNARAK-WORLD/MAW_Codex_Sets/Registry_159_to_169/165_Candela/SE-165-C__MAW-S_The_Melted_Shroud.md
SE-165-D,MAW-G-165-01,The Melted Halo,Gift,SE-165,Candela,N/A,N/A,N/A,N/A,Slot: Accessory | Bestowal: 5%,N/A,Registry_159_to_169/165_Candela,SOMNARAK-WORLD/MAW_Codex_Sets/Registry_159_to_169/165_Candela/SE-165-D__MAW-G_The_Melted_Halo.md
SE-168-A,SE-168-A,Quagmire,Side-Codex,SE-168,,IV — Entity / δ — Critical,Lament — Deep Blue,N/A,N/A,Master Side-Codex Dossier & Extraction Rules,N/A,Registry_159_to_169/168_Quagmire,SOMNARAK-WORLD/MAW_Codex_Sets/Registry_159_to_169/168_Quagmire/SE-168-A__SIDE_CODEX_Quagmire.md
SE-168-B,MAW-W-168-01,The Vestige Censer,Weapon,SE-168,Quagmire,N/A,N/A,N/A,N/A,DMG: Variable | SPD: - | RNG: -,N/A,Registry_159_to_169/168_Quagmire,SOMNARAK-WORLD/MAW_Codex_Sets/Registry_159_to_169/168_Quagmire/SE-168-B__MAW-W_The_Trace_Requiem.md
SE-168-C,MAW-S-168-01,The Trace Shroud,Suit,SE-168,Quagmire,N/A,Multiplier,N/A,N/A,Standard Attire Resistances,N/A,Registry_159_to_169/168_Quagmire,SOMNARAK-WORLD/MAW_Codex_Sets/Registry_159_to_169/168_Quagmire/SE-168-C__MAW-S_The_Trace_Shroud.md
SE-168-D,MAW-G-168-01,The Trace Lantern,Gift,SE-168,Quagmire,N/A,N/A,N/A,N/A,Slot: Accessory | Bestowal: 5%,N/A,Registry_159_to_169/168_Quagmire,SOMNARAK-WORLD/MAW_Codex_Sets/Registry_159_to_169/168_Quagmire/SE-168-D__MAW-G_The_Trace_Lantern.md
SE-169-A,SE-169-A,Atlas,Side-Codex,SE-169,,I — Residue / α — Minor,Weight — Black,N/A,N/A,Master Side-Codex Dossier & Extraction Rules,N/A,Registry_159_to_169/169_Atlas,SOMNARAK-WORLD/MAW_Codex_Sets/Registry_159_to_169/169_Atlas/SE-169-A__SIDE_CODEX_Atlas.md
SE-169-B,MAW-W-169-01,The Rust-Flake Seax,Weapon,SE-169,Atlas,N/A,N/A,N/A,N/A,DMG: Variable | SPD: - | RNG: -,N/A,Registry_159_to_169/169_Atlas,SOMNARAK-WORLD/MAW_Codex_Sets/Registry_159_to_169/169_Atlas/SE-169-B__MAW-W_The_Rusted_Maul.md
SE-169-C,MAW-S-169-01,The Rusted Brace,Suit,SE-169,Atlas,N/A,Multiplier,N/A,N/A,Standard Attire Resistances,N/A,Registry_159_to_169/169_Atlas,SOMNARAK-WORLD/MAW_Codex_Sets/Registry_159_to_169/169_Atlas/SE-169-C__MAW-S_The_Rusted_Brace.md
SE-169-D,MAW-G-169-01,The Rusted Charm,Gift,SE-169,Atlas,N/A,N/A,N/A,N/A,Slot: Accessory | Bestowal: 5%,N/A,Registry_159_to_169/169_Atlas,SOMNARAK-WORLD/MAW_Codex_Sets/Registry_159_to_169/169_Atlas/SE-169-D__MAW-G_The_Rusted_Charm.md
SE-170-A,SE-170-A,Unrung,Side-Codex,SE-170,,II — Echo / β — Moderate,Void — Pale White,N/A,N/A,Master Side-Codex Dossier & Extraction Rules,N/A,Registry_170_to_184/170_Unrung,SOMNARAK-WORLD/MAW_Codex_Sets/Registry_170_to_184/170_Unrung/SE-170-A__SIDE_CODEX_Unrung.md
SE-170-B,MAW-W-170-01,The Resonant Echo-Orrery,Weapon,SE-170,Unrung,N/A,N/A,N/A,N/A,DMG: Variable | SPD: - | RNG: -,N/A,Registry_170_to_184/170_Unrung,SOMNARAK-WORLD/MAW_Codex_Sets/Registry_170_to_184/170_Unrung/SE-170-B__MAW-W_The_Silence_Hammer.md
SE-170-C,MAW-S-170-01,The Soundless Velvet Cassock,Suit,SE-170,Unrung,N/A,Multiplier,N/A,N/A,Standard Attire Resistances,N/A,Registry_170_to_184/170_Unrung,SOMNARAK-WORLD/MAW_Codex_Sets/Registry_170_to_184/170_Unrung/SE-170-C__MAW-S_The_Silence_Veil.md
SE-170-D,MAW-G-170-01,The Muffled Clapper Brooch,Gift,SE-170,Unrung,N/A,N/A,N/A,N/A,Slot: Accessory | Bestowal: 5%,N/A,Registry_170_to_184/170_Unrung,SOMNARAK-WORLD/MAW_Codex_Sets/Registry_170_to_184/170_Unrung/SE-170-D__MAW-G_The_Silence_Charm.md
SE-175-A,SE-175-A,Somnium,Side-Codex,SE-175,,IV — Entity / γ — Major,Lament — Deep Blue,N/A,N/A,Master Side-Codex Dossier & Extraction Rules,N/A,Registry_170_to_184/175_Somnium,SOMNARAK-WORLD/MAW_Codex_Sets/Registry_170_to_184/175_Somnium/SE-175-A__SIDE_CODEX_Somnium.md
SE-175-B,MAW-W-175-01,The Dream Requiem,Weapon,SE-175,Somnium,N/A,N/A,N/A,N/A,DMG: Variable | SPD: - | RNG: -,N/A,Registry_170_to_184/175_Somnium,SOMNARAK-WORLD/MAW_Codex_Sets/Registry_170_to_184/175_Somnium/SE-175-B__MAW-W_The_Dream_Requiem.md
SE-175-C,MAW-S-175-01,The Dream Shroud,Suit,SE-175,Somnium,N/A,N/A,N/A,N/A,Standard Attire Resistances,N/A,Registry_170_to_184/175_Somnium,SOMNARAK-WORLD/MAW_Codex_Sets/Registry_170_to_184/175_Somnium/SE-175-C__MAW-S_The_Dream_Shroud.md
SE-175-D,MAW-G-175-01,The Dream Thread,Gift,SE-175,Somnium,N/A,N/A,N/A,N/A,Slot: Accessory | Bestowal: 5%,N/A,Registry_170_to_184/175_Somnium,SOMNARAK-WORLD/MAW_Codex_Sets/Registry_170_to_184/175_Somnium/SE-175-D__MAW-G_The_Dream_Thread.md
SE-176-A,SE-176-A,Loom of Unlived Dreams,Side-Codex,SE-176,,IV — Entity / γ — Major,Lament — Deep Blue,N/A,N/A,Master Side-Codex Dossier & Extraction Rules,N/A,Registry_170_to_184/176_Loom_of_Unlived_Dreams,SOMNARAK-WORLD/MAW_Codex_Sets/Registry_170_to_184/176_Loom_of_Unlived_Dreams/SE-176-A__SIDE_CODEX_Loom_of_Unlived_Dreams.md
SE-176-B,MAW-W-176-01,The Dream Requiem,Weapon,SE-176,Loom of Unlived Dreams,N/A,N/A,N/A,N/A,DMG: Variable | SPD: - | RNG: -,N/A,Registry_170_to_184/176_Loom_of_Unlived_Dreams,SOMNARAK-WORLD/MAW_Codex_Sets/Registry_170_to_184/176_Loom_of_Unlived_Dreams/SE-176-B__MAW-W_The_Dream_Requiem.md
SE-176-C,MAW-S-176-01,The Dream Shroud,Suit,SE-176,Loom of Unlived Dreams,N/A,N/A,N/A,N/A,Standard Attire Resistances,N/A,Registry_170_to_184/176_Loom_of_Unlived_Dreams,SOMNARAK-WORLD/MAW_Codex_Sets/Registry_170_to_184/176_Loom_of_Unlived_Dreams/SE-176-C__MAW-S_The_Dream_Shroud.md
SE-176-D,MAW-G-176-01,The Dream Shuttle,Gift,SE-176,Loom of Unlived Dreams,N/A,N/A,N/A,N/A,Slot: Accessory | Bestowal: 5%,N/A,Registry_170_to_184/176_Loom_of_Unlived_Dreams,SOMNARAK-WORLD/MAW_Codex_Sets/Registry_170_to_184/176_Loom_of_Unlived_Dreams/SE-176-D__MAW-G_The_Dream_Shuttle.md
SE-180-A,SE-180-A,Owed,Side-Codex,SE-180,,III — Fragment / γ — Major,Weight — Black,N/A,N/A,Master Side-Codex Dossier & Extraction Rules,N/A,Registry_170_to_184/180_Owed,SOMNARAK-WORLD/MAW_Codex_Sets/Registry_170_to_184/180_Owed/SE-180-A__SIDE_CODEX_Owed.md
SE-180-B,MAW-W-180-01,The Sarcophagus Wall-Ram,Weapon,SE-180,Owed,N/A,N/A,N/A,N/A,DMG: Variable | SPD: - | RNG: -,N/A,Registry_170_to_184/180_Owed,SOMNARAK-WORLD/MAW_Codex_Sets/Registry_170_to_184/180_Owed/SE-180-B__MAW-W_The_Debt_Maul.md
SE-180-C,MAW-S-180-01,The Mason's Mortar-Crusted Hauberk,Suit,SE-180,Owed,N/A,N/A,N/A,N/A,Standard Attire Resistances,N/A,Registry_170_to_184/180_Owed,SOMNARAK-WORLD/MAW_Codex_Sets/Registry_170_to_184/180_Owed/SE-180-C__MAW-S_The_Debt_Shield.md
SE-180-D,MAW-G-180-01,The Unpaid Brick Shard,Gift,SE-180,Owed,N/A,N/A,N/A,N/A,Slot: Accessory | Bestowal: 5%,N/A,Registry_170_to_184/180_Owed,SOMNARAK-WORLD/MAW_Codex_Sets/Registry_170_to_184/180_Owed/SE-180-D__MAW-G_The_Debt_Charm.md
SE-184-A,SE-184-A,Redacted,Side-Codex,SE-184,,III — Fragment / γ — Major,Void — Pale White,N/A,N/A,Master Side-Codex Dossier & Extraction Rules,N/A,Registry_170_to_184/184_Redacted,SOMNARAK-WORLD/MAW_Codex_Sets/Registry_170_to_184/184_Redacted/SE-184-A__SIDE_CODEX_Redacted.md
SE-184-B,MAW-W-184-01,The Arboretum Lance,Weapon,SE-184,Redacted,N/A,N/A,N/A,N/A,DMG: Variable | SPD: - | RNG: -,N/A,Registry_170_to_184/184_Redacted,SOMNARAK-WORLD/MAW_Codex_Sets/Registry_170_to_184/184_Redacted/SE-184-B__MAW-W_Redacted_Lens.md
SE-184-C,MAW-S-184-01,Redacted Veil,Suit,SE-184,Redacted,N/A,N/A,N/A,N/A,Standard Attire Resistances,N/A,Registry_170_to_184/184_Redacted,SOMNARAK-WORLD/MAW_Codex_Sets/Registry_170_to_184/184_Redacted/SE-184-C__MAW-S_Redacted_Veil.md
SE-184-D,MAW-G-184-01,Redacted Ring,Gift,SE-184,Redacted,N/A,N/A,N/A,N/A,Slot: Accessory | Bestowal: 5%,N/A,Registry_170_to_184/184_Redacted,SOMNARAK-WORLD/MAW_Codex_Sets/Registry_170_to_184/184_Redacted/SE-184-D__MAW-G_Redacted_Ring.md
SE-185-A,SE-185-A,The Whispering Gallery,Side-Codex,SE-185,,II — Echo / β — Moderate,"Lament — Deep Blue / SECTOR-B-01, Zone B",N/A,N/A,Master Side-Codex Dossier & Extraction Rules,N/A,Registry_185_to_195/185_Whispering_Gallery,SOMNARAK-WORLD/MAW_Codex_Sets/Registry_185_to_195/185_Whispering_Gallery/SE-185-A__SIDE_CODEX_The_Whispering_Gallery.md
SE-185-B,MAW-W-185-01,The Gallery Requiem,Weapon,SE-185,The Whispering Gallery,N/A,N/A,N/A,N/A,DMG: Variable | SPD: - | RNG: -,N/A,Registry_185_to_195/185_Whispering_Gallery,SOMNARAK-WORLD/MAW_Codex_Sets/Registry_185_to_195/185_Whispering_Gallery/SE-185-B__MAW-W_The_Gallery_Requiem.md
SE-185-C,MAW-S-185-01,The Gallery Shroud,Suit,SE-185,The Whispering Gallery,N/A,N/A,N/A,N/A,Standard Attire Resistances,N/A,Registry_185_to_195/185_Whispering_Gallery,SOMNARAK-WORLD/MAW_Codex_Sets/Registry_185_to_195/185_Whispering_Gallery/SE-185-C__MAW-S_The_Gallery_Shroud.md
SE-185-D,MAW-G-185-01,The Gallery Stone,Gift,SE-185,The Whispering Gallery,N/A,N/A,N/A,N/A,Slot: Accessory | Bestowal: 5%,N/A,Registry_185_to_195/185_Whispering_Gallery,SOMNARAK-WORLD/MAW_Codex_Sets/Registry_185_to_195/185_Whispering_Gallery/SE-185-D__MAW-G_The_Gallery_Stone.md
SE-189-A,SE-189-A,Ephemera,Side-Codex,SE-189,,I — Residue / α — Minor,"Lament — Deep Blue / Desolate, mobile",N/A,N/A,Master Side-Codex Dossier & Extraction Rules,N/A,Registry_185_to_195/189_Ephemera,SOMNARAK-WORLD/MAW_Codex_Sets/Registry_185_to_195/189_Ephemera/SE-189-A__SIDE_CODEX_Ephemera.md
SE-189-B,MAW-W-189-01,The Dusk-Memory Censer,Weapon,SE-189,Ephemera,N/A,N/A,N/A,N/A,DMG: Variable | SPD: - | RNG: -,N/A,Registry_185_to_195/189_Ephemera,SOMNARAK-WORLD/MAW_Codex_Sets/Registry_185_to_195/189_Ephemera/SE-189-B__MAW-W_The_Fading_Requiem.md
SE-189-C,MAW-S-189-01,The Fading Shroud,Suit,SE-189,Ephemera,N/A,N/A,N/A,N/A,Standard Attire Resistances,N/A,Registry_185_to_195/189_Ephemera,SOMNARAK-WORLD/MAW_Codex_Sets/Registry_185_to_195/189_Ephemera/SE-189-C__MAW-S_The_Fading_Shroud.md
SE-189-D,MAW-G-189-01,The Fading Brick,Gift,SE-189,Ephemera,N/A,N/A,N/A,N/A,Slot: Accessory | Bestowal: 5%,N/A,Registry_185_to_195/189_Ephemera,SOMNARAK-WORLD/MAW_Codex_Sets/Registry_185_to_195/189_Ephemera/SE-189-D__MAW-G_The_Fading_Brick.md
SE-190-A,SE-190-A,The Rage Statue,Side-Codex,SE-190,,III — Fragment / γ — Major,"Grudge — Crimson / SECTOR-B-01, Zone B",N/A,N/A,Master Side-Codex Dossier & Extraction Rules,N/A,Registry_185_to_195/190_Rage_Statue,SOMNARAK-WORLD/MAW_Codex_Sets/Registry_185_to_195/190_Rage_Statue/SE-190-A__SIDE_CODEX_The_Rage_Statue.md
SE-190-B,MAW-W-190-01,The Ash-Phoenix Culverin,Weapon,SE-190,The Rage Statue,N/A,N/A,N/A,N/A,DMG: Variable | SPD: - | RNG: -,N/A,Registry_185_to_195/190_Rage_Statue,SOMNARAK-WORLD/MAW_Codex_Sets/Registry_185_to_195/190_Rage_Statue/SE-190-B__MAW-W_The_Rage_Fang.md
SE-190-C,MAW-S-190-01,The Sculptor's Flame-Hardened Apron & Cuirass,Suit,SE-190,The Rage Statue,N/A,N/A,N/A,N/A,Standard Attire Resistances,N/A,Registry_185_to_195/190_Rage_Statue,SOMNARAK-WORLD/MAW_Codex_Sets/Registry_185_to_195/190_Rage_Statue/SE-190-C__MAW-S_The_Rage_Gauntlet.md
SE-190-D,MAW-G-190-01,The Chiseled Knuckle Stigma,Gift,SE-190,The Rage Statue,N/A,N/A,N/A,N/A,Slot: Accessory | Bestowal: 5%,N/A,Registry_185_to_195/190_Rage_Statue,SOMNARAK-WORLD/MAW_Codex_Sets/Registry_185_to_195/190_Rage_Statue/SE-190-D__MAW-G_The_Rage_Charm.md
SE-193-A,SE-193-A,Rift,Side-Codex,SE-193,,IV — Entity / δ — Critical,"Weight — Black / Zone B, Old Lament",N/A,N/A,Master Side-Codex Dossier & Extraction Rules,N/A,Registry_185_to_195/193_Rift,SOMNARAK-WORLD/MAW_Codex_Sets/Registry_185_to_195/193_Rift/SE-193-A__SIDE_CODEX_Rift.md
SE-193-B,MAW-W-193-01,The Wall’s Maul,Weapon,SE-193,Rift,N/A,N/A,N/A,N/A,DMG: Variable | SPD: - | RNG: -,N/A,Registry_185_to_195/193_Rift,SOMNARAK-WORLD/MAW_Codex_Sets/Registry_185_to_195/193_Rift/SE-193-B__MAW-W_The_Walls_Maul.md
SE-193-C,MAW-S-193-01,The Wall’s Absence,Suit,SE-193,Rift,N/A,N/A,N/A,N/A,Standard Attire Resistances,N/A,Registry_185_to_195/193_Rift,SOMNARAK-WORLD/MAW_Codex_Sets/Registry_185_to_195/193_Rift/SE-193-C__MAW-S_The_Walls_Absence.md
SE-193-D,MAW-G-193-01,The Wall’s Charm,Gift,SE-193,Rift,N/A,N/A,N/A,N/A,Slot: Accessory | Bestowal: 5%,N/A,Registry_185_to_195/193_Rift,SOMNARAK-WORLD/MAW_Codex_Sets/Registry_185_to_195/193_Rift/SE-193-D__MAW-G_The_Walls_Charm.md
SE-195-A,SE-195-A,Learned Your Face,Side-Codex,SE-195,,III — Fragment / γ — Major,"Void — Pale White / SECTOR-A-01, Alpha Tree",N/A,N/A,Master Side-Codex Dossier & Extraction Rules,N/A,Registry_185_to_195/195_Learned_Your_Face,SOMNARAK-WORLD/MAW_Codex_Sets/Registry_185_to_195/195_Learned_Your_Face/SE-195-A__SIDE_CODEX_Learned_Your_Face.md
SE-195-B,MAW-W-195-01,The Sorrow Lens,Weapon,SE-195,Learned Your Face,N/A,N/A,N/A,N/A,DMG: Variable | SPD: - | RNG: -,N/A,Registry_185_to_195/195_Learned_Your_Face,SOMNARAK-WORLD/MAW_Codex_Sets/Registry_185_to_195/195_Learned_Your_Face/SE-195-B__MAW-W_The_Sorrow_Lens.md
SE-195-C,MAW-S-195-01,The Sorrow Veil,Suit,SE-195,Learned Your Face,N/A,N/A,N/A,N/A,Standard Attire Resistances,N/A,Registry_185_to_195/195_Learned_Your_Face,SOMNARAK-WORLD/MAW_Codex_Sets/Registry_185_to_195/195_Learned_Your_Face/SE-195-C__MAW-S_The_Sorrow_Veil.md
SE-195-D,MAW-G-195-01,The Sorrow Lens,Gift,SE-195,Learned Your Face,N/A,N/A,N/A,N/A,Slot: Accessory | Bestowal: 5%,N/A,Registry_185_to_195/195_Learned_Your_Face,SOMNARAK-WORLD/MAW_Codex_Sets/Registry_185_to_195/195_Learned_Your_Face/SE-195-D__MAW-G_The_Sorrow_Lens.md
SE-200-A,SE-200-A,Aegis,Side-Codex,SE-200,,IV — Entity / δ — Critical,Grudge — Crimson,N/A,N/A,Master Side-Codex Dossier & Extraction Rules,N/A,Registry_200_to_219,SOMNARAK-WORLD/MAW_Codex_Sets/Registry_200_to_219/SE-200-A__SIDE_CODEX_Aegis.md
SE-200-B,MAW-W-200-01,The Gatekeeper’s Blade,Weapon,SE-200,Aegis,N/A,N/A,N/A,N/A,DMG: Variable | SPD: - | RNG: -,N/A,Registry_200_to_219,SOMNARAK-WORLD/MAW_Codex_Sets/Registry_200_to_219/SE-200-B__MAW-W_The_Gatekeepers_Blade.md
SE-200-C,MAW-S-200-01,The Gatekeeper’s Plate,Suit,SE-200,Aegis,N/A,N/A,N/A,N/A,Standard Attire Resistances,N/A,Registry_200_to_219,SOMNARAK-WORLD/MAW_Codex_Sets/Registry_200_to_219/SE-200-C__MAW-S_The_Gatekeepers_Plate.md
SE-200-D,MAW-G-200-01,The Gatekeeper’s Charm,Gift,SE-200,Aegis,N/A,N/A,N/A,N/A,Slot: Accessory | Bestowal: 5%,N/A,Registry_200_to_219,SOMNARAK-WORLD/MAW_Codex_Sets/Registry_200_to_219/SE-200-D__MAW-G_The_Gatekeepers_Charm.md
SE-205-A,SE-205-A,Timber Maw,Side-Codex,SE-205,,IV — Entity / γ — Major,Weight — Black,N/A,N/A,Master Side-Codex Dossier & Extraction Rules,N/A,Registry_200_to_219,SOMNARAK-WORLD/MAW_Codex_Sets/Registry_200_to_219/SE-205-A__SIDE_CODEX_Timber_Maw.md
SE-205-B,MAW-W-205-01,The Ravenous Timber-Jaw,Weapon,SE-205,Timber Maw,N/A,N/A,N/A,N/A,DMG: Variable | SPD: - | RNG: -,N/A,Registry_200_to_219,SOMNARAK-WORLD/MAW_Codex_Sets/Registry_200_to_219/SE-205-B__MAW-W_The_Hollow_Staff.md
SE-205-C,MAW-S-205-01,The Hollow Bark-Carapace,Suit,SE-205,Timber Maw,N/A,Multiplier,N/A,N/A,Standard Attire Resistances,N/A,Registry_200_to_219,SOMNARAK-WORLD/MAW_Codex_Sets/Registry_200_to_219/SE-205-C__MAW-S_The_Hollow_Mantle.md
SE-205-D,MAW-G-205-01,The Splintered Gullet,Gift,SE-205,Timber Maw,N/A,N/A,N/A,N/A,Slot: Accessory | Bestowal: 5%,N/A,Registry_200_to_219,SOMNARAK-WORLD/MAW_Codex_Sets/Registry_200_to_219/SE-205-D__MAW-G_The_Hollow_Charm.md
SE-210-A,SE-210-A,Levity,Side-Codex,SE-210,,II — Echo / β — Moderate,Void — Pale White,N/A,N/A,Master Side-Codex Dossier & Extraction Rules,N/A,Registry_200_to_219,SOMNARAK-WORLD/MAW_Codex_Sets/Registry_200_to_219/SE-210-A__SIDE_CODEX_Levity.md
SE-210-B,MAW-W-210-01,The Laughter Lens,Weapon,SE-210,Levity,N/A,N/A,N/A,N/A,DMG: Variable | SPD: - | RNG: -,N/A,Registry_200_to_219,SOMNARAK-WORLD/MAW_Codex_Sets/Registry_200_to_219/SE-210-B__MAW-W_The_Laughter_Lens.md
SE-210-C,MAW-S-210-01,The Laughter Veil,Suit,SE-210,Levity,N/A,Multiplier,N/A,N/A,Standard Attire Resistances,N/A,Registry_200_to_219,SOMNARAK-WORLD/MAW_Codex_Sets/Registry_200_to_219/SE-210-C__MAW-S_The_Laughter_Veil.md
SE-210-D,MAW-G-210-01,The Laughter Facade,Gift,SE-210,Levity,N/A,N/A,N/A,N/A,Slot: Accessory | Bestowal: 5%,N/A,Registry_200_to_219,SOMNARAK-WORLD/MAW_Codex_Sets/Registry_200_to_219/SE-210-D__MAW-G_The_Laughter_Facade.md
SE-215-A,SE-215-A,Name No One Remembers,Side-Codex,SE-215,,II — Echo / α — Minor,Void — Pale White,N/A,N/A,Master Side-Codex Dossier & Extraction Rules,N/A,Registry_200_to_219,SOMNARAK-WORLD/MAW_Codex_Sets/Registry_200_to_219/SE-215-A__SIDE_CODEX_Name_No_One_Remembers.md
SE-215-B,MAW-W-215-01,The Name Lens,Weapon,SE-215,Name No One Remembers,N/A,N/A,N/A,N/A,DMG: Variable | SPD: - | RNG: -,N/A,Registry_200_to_219,SOMNARAK-WORLD/MAW_Codex_Sets/Registry_200_to_219/SE-215-B__MAW-W_The_Name_Lens.md
SE-215-C,MAW-S-215-01,The Name Veil,Suit,SE-215,Name No One Remembers,N/A,Multiplier,N/A,N/A,Standard Attire Resistances,N/A,Registry_200_to_219,SOMNARAK-WORLD/MAW_Codex_Sets/Registry_200_to_219/SE-215-C__MAW-S_The_Name_Veil.md
SE-215-D,MAW-G-215-01,The Name Thread,Gift,SE-215,Name No One Remembers,N/A,N/A,N/A,N/A,Slot: Accessory | Bestowal: 5%,N/A,Registry_200_to_219,SOMNARAK-WORLD/MAW_Codex_Sets/Registry_200_to_219/SE-215-D__MAW-G_The_Name_Thread.md
SE-219-A,SE-219-A,Splinter,Side-Codex,SE-219,,IV — Entity / δ — Critical,Lament — Deep Blue,N/A,N/A,Master Side-Codex Dossier & Extraction Rules,N/A,Registry_200_to_219,SOMNARAK-WORLD/MAW_Codex_Sets/Registry_200_to_219/SE-219-A__SIDE_CODEX_Splinter.md
SE-219-B,MAW-W-219-01,Splinter Requiem,Weapon,SE-219,Splinter,N/A,δ / Lament,N/A,N/A,DMG: Variable | SPD: - | RNG: -,N/A,Registry_200_to_219,SOMNARAK-WORLD/MAW_Codex_Sets/Registry_200_to_219/SE-219-B__MAW-W_Splinter_Requiem.md
SE-219-C,MAW-S-219-01,Splinter Shroud,Suit,SE-219,Splinter,N/A,N/A,N/A,N/A,Standard Attire Resistances,N/A,Registry_200_to_219,SOMNARAK-WORLD/MAW_Codex_Sets/Registry_200_to_219/SE-219-C__MAW-S_Splinter_Shroud.md
SE-219-D,MAW-G-219-01,Splinter Pendant,Gift,SE-219,Splinter,N/A,** δ / Lament,N/A,N/A,Slot: Accessory | Bestowal: 5%,N/A,Registry_200_to_219,SOMNARAK-WORLD/MAW_Codex_Sets/Registry_200_to_219/SE-219-D__MAW-G_Splinter_Pendant.md
SE-220-A,SE-220-A,Walking Calendar,Side-Codex,SE-220,,IV — Entity / δ — Critical,Weight — Black,N/A,N/A,Master Side-Codex Dossier & Extraction Rules,N/A,Registry_220_to_233,SOMNARAK-WORLD/MAW_Codex_Sets/Registry_220_to_233/SE-220-A__SIDE_CODEX_Walking_Calendar.md
SE-220-B,MAW-W-220-01,The Years Maul,Weapon,SE-220,Walking Calendar,N/A,Damage,N/A,N/A,DMG: Variable | SPD: - | RNG: -,N/A,Registry_220_to_233,SOMNARAK-WORLD/MAW_Codex_Sets/Registry_220_to_233/SE-220-B__MAW-W_The_Years_Maul.md
SE-220-C,MAW-S-220-01,The Years Mantle,Suit,SE-220,Walking Calendar,N/A,N/A,N/A,N/A,Standard Attire Resistances,N/A,Registry_220_to_233,SOMNARAK-WORLD/MAW_Codex_Sets/Registry_220_to_233/SE-220-C__MAW-S_The_Years_Mantle.md
SE-220-D,MAW-G-220-01,The Years Charm,Gift,SE-220,Walking Calendar,N/A,** δ / Weight,N/A,N/A,Slot: Accessory | Bestowal: 5%,N/A,Registry_220_to_233,SOMNARAK-WORLD/MAW_Codex_Sets/Registry_220_to_233/SE-220-D__MAW-G_The_Years_Charm.md
SE-222-A,SE-222-A,Patina,Side-Codex,SE-222,,IV — Entity / δ — Critical,Grudge — Crimson,N/A,N/A,Master Side-Codex Dossier & Extraction Rules,N/A,Registry_220_to_233,SOMNARAK-WORLD/MAW_Codex_Sets/Registry_220_to_233/SE-222-A__SIDE_CODEX_Patina.md
SE-222-B,MAW-W-222-01,Patina Fang,Weapon,SE-222,Patina,N/A,Damage,N/A,N/A,DMG: Variable | SPD: - | RNG: -,N/A,Registry_220_to_233,SOMNARAK-WORLD/MAW_Codex_Sets/Registry_220_to_233/SE-222-B__MAW-W_Patina_Fang.md
SE-222-C,MAW-S-222-01,Patina Plate,Suit,SE-222,Patina,N/A,N/A,N/A,N/A,Standard Attire Resistances,N/A,Registry_220_to_233,SOMNARAK-WORLD/MAW_Codex_Sets/Registry_220_to_233/SE-222-C__MAW-S_Patina_Plate.md
SE-222-D,MAW-G-222-01,Patina Charm,Gift,SE-222,Patina,N/A,** δ / Grudge,N/A,N/A,Slot: Accessory | Bestowal: 5%,N/A,Registry_220_to_233,SOMNARAK-WORLD/MAW_Codex_Sets/Registry_220_to_233/SE-222-D__MAW-G_Patina_Charm.md
SE-225-A,SE-225-A,Black River,Side-Codex,SE-225,,V — Sovereign / γ — Major,Weight — Black,N/A,N/A,Master Side-Codex Dossier & Extraction Rules,N/A,Registry_220_to_233,SOMNARAK-WORLD/MAW_Codex_Sets/Registry_220_to_233/SE-225-A__SIDE_CODEX_Black_River.md
SE-225-B,MAW-W-225-01,The River Maul,Weapon,SE-225,Black River,N/A,Damage,N/A,N/A,DMG: Variable | SPD: - | RNG: -,N/A,Registry_220_to_233,SOMNARAK-WORLD/MAW_Codex_Sets/Registry_220_to_233/SE-225-B__MAW-W_The_River_Maul.md
SE-225-C,MAW-S-225-01,The River Mantle,Suit,SE-225,Black River,N/A,N/A,N/A,N/A,Standard Attire Resistances,N/A,Registry_220_to_233,SOMNARAK-WORLD/MAW_Codex_Sets/Registry_220_to_233/SE-225-C__MAW-S_The_River_Mantle.md
SE-225-D,MAW-G-225-01,The River Stone,Gift,SE-225,Black River,N/A,** γ / Weight,N/A,N/A,Slot: Accessory | Bestowal: 5%,N/A,Registry_220_to_233,SOMNARAK-WORLD/MAW_Codex_Sets/Registry_220_to_233/SE-225-D__MAW-G_The_River_Stone.md
SE-230-A,SE-230-A,Every Last Goodbye,Side-Codex,SE-230,,IV — Entity / δ — Critical,Void — Pale White,N/A,N/A,Master Side-Codex Dossier & Extraction Rules,N/A,Registry_220_to_233,SOMNARAK-WORLD/MAW_Codex_Sets/Registry_220_to_233/SE-230-A__SIDE_CODEX_Every_Last_Goodbye.md
SE-230-B,MAW-W-230-01,The Final Lens,Weapon,SE-230,Every Last Goodbye,N/A,Damage,N/A,N/A,DMG: Variable | SPD: - | RNG: -,N/A,Registry_220_to_233,SOMNARAK-WORLD/MAW_Codex_Sets/Registry_220_to_233/SE-230-B__MAW-W_The_Final_Lens.md
SE-230-C,MAW-S-230-01,The Final Veil,Suit,SE-230,Every Last Goodbye,N/A,N/A,N/A,N/A,Standard Attire Resistances,N/A,Registry_220_to_233,SOMNARAK-WORLD/MAW_Codex_Sets/Registry_220_to_233/SE-230-C__MAW-S_The_Final_Veil.md
SE-230-D,MAW-G-230-01,The Final Hour,Gift,SE-230,Every Last Goodbye,N/A,** δ / Void,N/A,N/A,Slot: Accessory | Bestowal: 5%,N/A,Registry_220_to_233,SOMNARAK-WORLD/MAW_Codex_Sets/Registry_220_to_233/SE-230-D__MAW-G_The_Final_Hour.md
SE-233-A,SE-233-A,Soul the Ledgers Lost,Side-Codex,SE-233,,III — Fragment / γ — Major,Lament — Deep Blue,N/A,N/A,Master Side-Codex Dossier & Extraction Rules,N/A,Registry_220_to_233,SOMNARAK-WORLD/MAW_Codex_Sets/Registry_220_to_233/SE-233-A__SIDE_CODEX_Soul_the_Ledgers_Lost.md
SE-233-B,MAW-W-233-01,The Soul Requiem,Weapon,SE-233,Soul the Ledgers Lost,N/A,Damage,N/A,N/A,DMG: Variable | SPD: - | RNG: -,N/A,Registry_220_to_233,SOMNARAK-WORLD/MAW_Codex_Sets/Registry_220_to_233/SE-233-B__MAW-W_The_Soul_Requiem.md
SE-233-C,MAW-S-233-01,The Soul Shroud,Suit,SE-233,Soul the Ledgers Lost,N/A,N/A,N/A,N/A,Standard Attire Resistances,N/A,Registry_220_to_233,SOMNARAK-WORLD/MAW_Codex_Sets/Registry_220_to_233/SE-233-C__MAW-S_The_Soul_Shroud.md
SE-233-D,MAW-G-233-01,The Soul Thread,Gift,SE-233,Soul the Ledgers Lost,N/A,** γ / Lament,N/A,N/A,Slot: Accessory | Bestowal: 5%,N/A,Registry_220_to_233,SOMNARAK-WORLD/MAW_Codex_Sets/Registry_220_to_233/SE-233-D__MAW-G_The_Soul_Thread.md
SE-235-A,SE-235-A,Panopticon,Side-Codex,SE-235,,II — Echo / β — Moderate,Void — Pale White,N/A,N/A,Master Side-Codex Dossier & Extraction Rules,N/A,Registry_235_to_247,SOMNARAK-WORLD/MAW_Codex_Sets/Registry_235_to_247/SE-235-A__SIDE_CODEX_Panopticon.md
SE-235-B,MAW-W-235-01,The Watcher’s Lens,Weapon,SE-235,Panopticon,N/A,Damage,N/A,N/A,DMG: Variable | SPD: - | RNG: -,N/A,Registry_235_to_247,SOMNARAK-WORLD/MAW_Codex_Sets/Registry_235_to_247/SE-235-B__MAW-W_The_Watchers_Lens.md
SE-235-C,MAW-S-235-01,The Watcher’s Veil,Suit,SE-235,Panopticon,N/A,N/A,N/A,N/A,Standard Attire Resistances,N/A,Registry_235_to_247,SOMNARAK-WORLD/MAW_Codex_Sets/Registry_235_to_247/SE-235-C__MAW-S_The_Watchers_Veil.md
SE-235-D,MAW-G-235-01,The Watcher’s Lens,Gift,SE-235,Panopticon,N/A,** β / Void,N/A,N/A,Slot: Accessory | Bestowal: 5%,N/A,Registry_235_to_247,SOMNARAK-WORLD/MAW_Codex_Sets/Registry_235_to_247/SE-235-D__MAW-G_The_Watchers_Lens.md
SE-236-A,SE-236-A,Unwitnessed,Side-Codex,SE-236,,I — Residue / α — Minor,Lament — Deep Blue,N/A,N/A,Master Side-Codex Dossier & Extraction Rules,N/A,Registry_235_to_247,SOMNARAK-WORLD/MAW_Codex_Sets/Registry_235_to_247/SE-236-A__SIDE_CODEX_Unwitnessed.md
SE-236-B,MAW-W-236-01,The Seedless Requiem,Weapon,SE-236,Unwitnessed,N/A,Damage,N/A,N/A,DMG: Variable | SPD: - | RNG: -,N/A,Registry_235_to_247,SOMNARAK-WORLD/MAW_Codex_Sets/Registry_235_to_247/SE-236-B__MAW-W_The_Seedless_Requiem.md
SE-236-C,MAW-S-236-01,The Seedless Shroud,Suit,SE-236,Unwitnessed,N/A,N/A,N/A,N/A,Standard Attire Resistances,N/A,Registry_235_to_247,SOMNARAK-WORLD/MAW_Codex_Sets/Registry_235_to_247/SE-236-C__MAW-S_The_Seedless_Shroud.md
SE-236-D,MAW-G-236-01,The Seedless Pod,Gift,SE-236,Unwitnessed,N/A,** α / Lament,N/A,N/A,Slot: Accessory | Bestowal: 5%,N/A,Registry_235_to_247,SOMNARAK-WORLD/MAW_Codex_Sets/Registry_235_to_247/SE-236-D__MAW-G_The_Seedless_Pod.md
SE-240-A,SE-240-A,Holdout,Side-Codex,SE-240,,II — Echo / β — Moderate,Grudge — Crimson,N/A,N/A,Master Side-Codex Dossier & Extraction Rules,N/A,Registry_235_to_247,SOMNARAK-WORLD/MAW_Codex_Sets/Registry_235_to_247/SE-240-A__SIDE_CODEX_Holdout.md
SE-240-B,MAW-W-240-01,The Ruin Fang,Weapon,SE-240,Holdout,N/A,Damage,N/A,N/A,DMG: Variable | SPD: - | RNG: -,N/A,Registry_235_to_247,SOMNARAK-WORLD/MAW_Codex_Sets/Registry_235_to_247/SE-240-B__MAW-W_The_Ruin_Fang.md
SE-240-C,MAW-S-240-01,The Ruin Plate,Suit,SE-240,Holdout,N/A,N/A,N/A,N/A,Standard Attire Resistances,N/A,Registry_235_to_247,SOMNARAK-WORLD/MAW_Codex_Sets/Registry_235_to_247/SE-240-C__MAW-S_The_Ruin_Plate.md
SE-240-D,MAW-G-240-01,The Ruin Charm,Gift,SE-240,Holdout,N/A,** β / Grudge,N/A,N/A,Slot: Accessory | Bestowal: 5%,N/A,Registry_235_to_247,SOMNARAK-WORLD/MAW_Codex_Sets/Registry_235_to_247/SE-240-D__MAW-G_The_Ruin_Charm.md
SE-245-A,SE-245-A,Midnight Choir,Side-Codex,SE-245,,II — Echo / β — Moderate,Lament — Deep Blue,N/A,N/A,Master Side-Codex Dossier & Extraction Rules,N/A,Registry_235_to_247,SOMNARAK-WORLD/MAW_Codex_Sets/Registry_235_to_247/SE-245-A__SIDE_CODEX_Midnight_Choir.md
SE-245-B,MAW-W-245-01,The Wall Requiem,Weapon,SE-245,Midnight Choir,N/A,Damage,N/A,N/A,DMG: Variable | SPD: - | RNG: -,N/A,Registry_235_to_247,SOMNARAK-WORLD/MAW_Codex_Sets/Registry_235_to_247/SE-245-B__MAW-W_The_Wall_Requiem.md
SE-245-C,MAW-S-245-01,The Wall Shroud,Suit,SE-245,Midnight Choir,N/A,N/A,N/A,N/A,Standard Attire Resistances,N/A,Registry_235_to_247,SOMNARAK-WORLD/MAW_Codex_Sets/Registry_235_to_247/SE-245-C__MAW-S_The_Wall_Shroud.md
SE-245-D,MAW-G-245-01,The Wall Stone,Gift,SE-245,Midnight Choir,N/A,** β / Lament,N/A,N/A,Slot: Accessory | Bestowal: 5%,N/A,Registry_235_to_247,SOMNARAK-WORLD/MAW_Codex_Sets/Registry_235_to_247/SE-245-D__MAW-G_The_Wall_Stone.md
SE-247-A,SE-247-A,Unopened Bloom,Side-Codex,SE-247,,I — Residue / α — Minor,Grudge — Crimson,N/A,N/A,Master Side-Codex Dossier & Extraction Rules,N/A,Registry_235_to_247,SOMNARAK-WORLD/MAW_Codex_Sets/Registry_235_to_247/SE-247-A__SIDE_CODEX_Unopened_Bloom.md
SE-247-B,MAW-W-247-01,Unopened Bloom Sword,Weapon,SE-247,Unopened Bloom,N/A,Damage,N/A,N/A,DMG: Variable | SPD: - | RNG: -,N/A,Registry_235_to_247,SOMNARAK-WORLD/MAW_Codex_Sets/Registry_235_to_247/SE-247-B__MAW-W_Unopened_Bloom_Sword.md
SE-247-C,MAW-S-247-01,Unopened Bloom Plate,Suit,SE-247,Unopened Bloom,N/A,N/A,N/A,N/A,Standard Attire Resistances,N/A,Registry_235_to_247,SOMNARAK-WORLD/MAW_Codex_Sets/Registry_235_to_247/SE-247-C__MAW-S_Unopened_Bloom_Plate.md
SE-247-D,MAW-G-247-01,Unopened Bloom Charm,Gift,SE-247,Unopened Bloom,N/A,** α / Grudge,N/A,N/A,Slot: Accessory | Bestowal: 5%,N/A,Registry_235_to_247,SOMNARAK-WORLD/MAW_Codex_Sets/Registry_235_to_247/SE-247-D__MAW-G_Unopened_Bloom_Charm.md
SE-249-A,SE-249-A,The Collapsed Whisper,Side-Codex,SE-249,,IV — Entity / δ — Critical,Grudge — Crimson,N/A,N/A,Master Side-Codex Dossier & Extraction Rules,N/A,Registry_249_to_260,SOMNARAK-WORLD/MAW_Codex_Sets/Registry_249_to_260/SE-249-A__SIDE_CODEX_The_Collapsed_Whisper.md
SE-249-B,MAW-W-249-01,The Warning Fang,Weapon,SE-249,The Collapsed Whisper,N/A,Damage,N/A,N/A,DMG: Variable | SPD: - | RNG: -,N/A,Registry_249_to_260,SOMNARAK-WORLD/MAW_Codex_Sets/Registry_249_to_260/SE-249-B__MAW-W_The_Warning_Fang.md
SE-249-C,MAW-S-249-01,The Warning Plate,Suit,SE-249,The Collapsed Whisper,N/A,N/A,N/A,N/A,Standard Attire Resistances,N/A,Registry_249_to_260,SOMNARAK-WORLD/MAW_Codex_Sets/Registry_249_to_260/SE-249-C__MAW-S_The_Warning_Plate.md
SE-249-D,MAW-G-249-01,The Warning Thread,Gift,SE-249,The Collapsed Whisper,N/A,** δ / Grudge,N/A,N/A,Slot: Accessory | Bestowal: 5%,N/A,Registry_249_to_260,SOMNARAK-WORLD/MAW_Codex_Sets/Registry_249_to_260/SE-249-D__MAW-G_The_Warning_Thread.md
SE-250-A,SE-250-A,Memory Rain,Side-Codex,SE-250,,II — Echo / β — Moderate,Lament — Deep Blue,N/A,N/A,Master Side-Codex Dossier & Extraction Rules,N/A,Registry_249_to_260,SOMNARAK-WORLD/MAW_Codex_Sets/Registry_249_to_260/SE-250-A__SIDE_CODEX_Memory_Rain.md
SE-250-B,MAW-W-250-01,The Memory Requiem,Weapon,SE-250,Memory Rain,N/A,Damage,N/A,N/A,DMG: Variable | SPD: - | RNG: -,N/A,Registry_249_to_260,SOMNARAK-WORLD/MAW_Codex_Sets/Registry_249_to_260/SE-250-B__MAW-W_The_Memory_Requiem.md
SE-250-C,MAW-S-250-01,The Memory Umbrella,Suit,SE-250,Memory Rain,N/A,N/A,N/A,N/A,Standard Attire Resistances,N/A,Registry_249_to_260,SOMNARAK-WORLD/MAW_Codex_Sets/Registry_249_to_260/SE-250-C__MAW-S_The_Memory_Umbrella.md
SE-250-D,MAW-G-250-01,The Memory Charm,Gift,SE-250,Memory Rain,N/A,** β / Lament,N/A,N/A,Slot: Accessory | Bestowal: 5%,N/A,Registry_249_to_260,SOMNARAK-WORLD/MAW_Codex_Sets/Registry_249_to_260/SE-250-D__MAW-G_The_Memory_Charm.md
SE-252-A,SE-252-A,Sorrow Gate,Side-Codex,SE-252,,IV — Entity / δ — Critical,Void — Pale White,N/A,N/A,Master Side-Codex Dossier & Extraction Rules,N/A,Registry_249_to_260,SOMNARAK-WORLD/MAW_Codex_Sets/Registry_249_to_260/SE-252-A__SIDE_CODEX_Sorrow_Gate.md
SE-252-B,MAW-W-252-01,The Unknown — Extraction Lens,Weapon,SE-252,Sorrow Gate,N/A,δ — Critical / Void,N/A,N/A,DMG: Variable | SPD: - | RNG: -,N/A,Registry_249_to_260,SOMNARAK-WORLD/MAW_Codex_Sets/Registry_249_to_260/SE-252-B__MAW-W_The_Unknown_Extraction_Lens.md
SE-252-C,MAW-S-252-01,The Unknown — Extraction Veil,Suit,SE-252,Sorrow Gate,N/A,N/A,N/A,N/A,Standard Attire Resistances,N/A,Registry_249_to_260,SOMNARAK-WORLD/MAW_Codex_Sets/Registry_249_to_260/SE-252-C__MAW-S_The_Unknown_Extraction_Veil.md
SE-252-D,MAW-G-252-01,The Unknown — Extraction Charm,Gift,SE-252,Sorrow Gate,N/A,** δ / Void,N/A,N/A,Slot: Accessory | Bestowal: 5%,N/A,Registry_249_to_260,SOMNARAK-WORLD/MAW_Codex_Sets/Registry_249_to_260/SE-252-D__MAW-G_The_Unknown_Extraction_Charm.md
SE-255-A,SE-255-A,The Hollow Architect,Side-Codex,SE-255,,IV — Entity / γ — Major,Weight — Black,N/A,N/A,Master Side-Codex Dossier & Extraction Rules,N/A,Registry_249_to_260,SOMNARAK-WORLD/MAW_Codex_Sets/Registry_249_to_260/SE-255-A__SIDE_CODEX_The_Hollow_Architect.md
SE-255-B,MAW-W-255-01,The Architect’s Maul,Weapon,SE-255,The Hollow Architect,N/A,Damage,N/A,N/A,DMG: Variable | SPD: - | RNG: -,N/A,Registry_249_to_260,SOMNARAK-WORLD/MAW_Codex_Sets/Registry_249_to_260/SE-255-B__MAW-W_The_Architects_Maul.md
SE-255-C,MAW-S-255-01,The Architect’s Mantle,Suit,SE-255,The Hollow Architect,N/A,N/A,N/A,N/A,Standard Attire Resistances,N/A,Registry_249_to_260,SOMNARAK-WORLD/MAW_Codex_Sets/Registry_249_to_260/SE-255-C__MAW-S_The_Architects_Mantle.md
SE-255-D,MAW-G-255-01,The Architect’s Compass,Gift,SE-255,The Hollow Architect,N/A,** γ / Weight,N/A,N/A,Slot: Accessory | Bestowal: 5%,N/A,Registry_249_to_260,SOMNARAK-WORLD/MAW_Codex_Sets/Registry_249_to_260/SE-255-D__MAW-G_The_Architects_Compass.md
SE-260-A,SE-260-A,Bridge to Nowhere,Side-Codex,SE-260,,IV — Entity / δ — Critical,Lament — Deep Blue,N/A,N/A,Master Side-Codex Dossier & Extraction Rules,N/A,Registry_249_to_260,SOMNARAK-WORLD/MAW_Codex_Sets/Registry_249_to_260/SE-260-A__SIDE_CODEX_Bridge_to_Nowhere.md
SE-260-B,MAW-W-260-01,The Memory Requiem,Weapon,SE-260,Bridge to Nowhere,N/A,Damage,N/A,N/A,DMG: Variable | SPD: - | RNG: -,N/A,Registry_249_to_260,SOMNARAK-WORLD/MAW_Codex_Sets/Registry_249_to_260/SE-260-B__MAW-W_The_Memory_Requiem.md
SE-260-C,MAW-S-260-01,The Memory Shroud,Suit,SE-260,Bridge to Nowhere,N/A,N/A,N/A,N/A,Standard Attire Resistances,N/A,Registry_249_to_260,SOMNARAK-WORLD/MAW_Codex_Sets/Registry_249_to_260/SE-260-C__MAW-S_The_Memory_Shroud.md
SE-260-D,MAW-G-260-01,The Memory Span,Gift,SE-260,Bridge to Nowhere,N/A,** δ / Lament,N/A,N/A,Slot: Accessory | Bestowal: 5%,N/A,Registry_249_to_260,SOMNARAK-WORLD/MAW_Codex_Sets/Registry_249_to_260/SE-260-D__MAW-G_The_Memory_Span.md
SE-265-A,SE-265-A,Sornos,Side-Codex,SE-265,,V — Sovereign / δ — Critical,N/A,N/A,N/A,Master Side-Codex Dossier & Extraction Rules,N/A,Registry_265_to_285,SOMNARAK-WORLD/MAW_Codex_Sets/Registry_265_to_285/SE-265-A__SIDE_CODEX_Sornos.md
SE-270-A,SE-270-A,Mnemosyne,Side-Codex,SE-270,,IV — Entity / γ — Major,Lament — Deep Blue,N/A,N/A,Master Side-Codex Dossier & Extraction Rules,N/A,Registry_265_to_285,SOMNARAK-WORLD/MAW_Codex_Sets/Registry_265_to_285/SE-270-A__SIDE_CODEX_Mnemosyne.md
SE-270-B,MAW-W-270-01,The Lake Requiem,Weapon,SE-270,Mnemosyne,N/A,Damage,N/A,N/A,DMG: Variable | SPD: - | RNG: -,N/A,Registry_265_to_285,SOMNARAK-WORLD/MAW_Codex_Sets/Registry_265_to_285/SE-270-B__MAW-W_The_Lake_Requiem.md
SE-270-C,MAW-S-270-01,The Lake Shroud,Suit,SE-270,Mnemosyne,N/A,N/A,N/A,N/A,Standard Attire Resistances,N/A,Registry_265_to_285,SOMNARAK-WORLD/MAW_Codex_Sets/Registry_265_to_285/SE-270-C__MAW-S_The_Lake_Shroud.md
SE-270-D,MAW-G-270-01,The Lake Flask,Gift,SE-270,Mnemosyne,N/A,** γ / Lament,N/A,N/A,Slot: Accessory | Bestowal: 5%,N/A,Registry_265_to_285,SOMNARAK-WORLD/MAW_Codex_Sets/Registry_265_to_285/SE-270-D__MAW-G_The_Lake_Flask.md
SE-275-A,SE-275-A,Crucible,Side-Codex,SE-275,,III — Fragment / β — Moderate,Grudge — Crimson,N/A,N/A,Master Side-Codex Dossier & Extraction Rules,N/A,Registry_265_to_285,SOMNARAK-WORLD/MAW_Codex_Sets/Registry_265_to_285/SE-275-A__SIDE_CODEX_Crucible.md
SE-275-B,MAW-W-275-01,The Rage Hammer,Weapon,SE-275,Crucible,N/A,Damage,N/A,N/A,DMG: Variable | SPD: - | RNG: -,N/A,Registry_265_to_285,SOMNARAK-WORLD/MAW_Codex_Sets/Registry_265_to_285/SE-275-B__MAW-W_The_Rage_Hammer.md
SE-275-C,MAW-S-275-01,The Rage Plate,Suit,SE-275,Crucible,N/A,N/A,N/A,N/A,Standard Attire Resistances,N/A,Registry_265_to_285,SOMNARAK-WORLD/MAW_Codex_Sets/Registry_265_to_285/SE-275-C__MAW-S_The_Rage_Plate.md
SE-275-D,MAW-G-275-01,The Rage Charm,Gift,SE-275,Crucible,N/A,** β / Grudge,N/A,N/A,Slot: Accessory | Bestowal: 5%,N/A,Registry_265_to_285,SOMNARAK-WORLD/MAW_Codex_Sets/Registry_265_to_285/SE-275-D__MAW-G_The_Rage_Charm.md
SE-280-A,SE-280-A,Pall,Side-Codex,SE-280,,II — Echo / β — Moderate,Lament — Deep Blue,N/A,N/A,Master Side-Codex Dossier & Extraction Rules,N/A,Registry_265_to_285,SOMNARAK-WORLD/MAW_Codex_Sets/Registry_265_to_285/SE-280-A__SIDE_CODEX_Pall.md
SE-280-B,MAW-W-280-01,The Weeping Veil-Pavise & Tear Javelin,Weapon,SE-280,Pall,N/A,Damage,N/A,N/A,DMG: Variable | SPD: - | RNG: -,N/A,Registry_265_to_285,SOMNARAK-WORLD/MAW_Codex_Sets/Registry_265_to_285/SE-280-B__MAW-W_The_Tear_Requiem.md
SE-280-C,MAW-S-280-01,The Pallbearer's Layered Shroud,Suit,SE-280,Pall,N/A,N/A,N/A,N/A,Standard Attire Resistances,N/A,Registry_265_to_285,SOMNARAK-WORLD/MAW_Codex_Sets/Registry_265_to_285/SE-280-C__MAW-S_The_Tear_Veil.md
SE-280-D,MAW-G-280-01,The Weeping Veil Clip,Gift,SE-280,Pall,N/A,** β / Lament,N/A,N/A,Slot: Accessory | Bestowal: 5%,N/A,Registry_265_to_285,SOMNARAK-WORLD/MAW_Codex_Sets/Registry_265_to_285/SE-280-D__MAW-G_The_Tear_Charm.md
SE-283-A,SE-283-A,Barrier of Nothing,Side-Codex,SE-283,,III — Fragment / γ — Major,Weight — Black,N/A,N/A,Master Side-Codex Dossier & Extraction Rules,N/A,Registry_265_to_285,SOMNARAK-WORLD/MAW_Codex_Sets/Registry_265_to_285/SE-283-A__SIDE_CODEX_Barrier_of_Nothing.md
SE-283-B,MAW-W-283-01,The Rust Wall Maul,Weapon,SE-283,Barrier of Nothing,N/A,Damage,N/A,N/A,DMG: Variable | SPD: - | RNG: -,N/A,Registry_265_to_285,SOMNARAK-WORLD/MAW_Codex_Sets/Registry_265_to_285/SE-283-B__MAW-W_The_Rust_Wall_Maul.md
SE-283-C,MAW-S-283-01,The Rust Wall Plate,Suit,SE-283,Barrier of Nothing,N/A,N/A,N/A,N/A,Standard Attire Resistances,N/A,Registry_265_to_285,SOMNARAK-WORLD/MAW_Codex_Sets/Registry_265_to_285/SE-283-C__MAW-S_The_Rust_Wall_Plate.md
SE-283-D,MAW-G-283-01,The Rust Wall Charm,Gift,SE-283,Barrier of Nothing,N/A,** γ / Weight,N/A,N/A,Slot: Accessory | Bestowal: 5%,N/A,Registry_265_to_285,SOMNARAK-WORLD/MAW_Codex_Sets/Registry_265_to_285/SE-283-D__MAW-G_The_Rust_Wall_Charm.md
SE-285-A,SE-285-A,Weight of Silence,Side-Codex,SE-285,,II — Echo / α — Minor,Weight — Black,N/A,N/A,Master Side-Codex Dossier & Extraction Rules,N/A,Registry_265_to_285,SOMNARAK-WORLD/MAW_Codex_Sets/Registry_265_to_285/SE-285-A__SIDE_CODEX_Weight_of_Silence.md
SE-285-B,MAW-W-285-01,The Silence Maul,Weapon,SE-285,Weight of Silence,N/A,Damage,N/A,N/A,DMG: Variable | SPD: - | RNG: -,N/A,Registry_265_to_285,SOMNARAK-WORLD/MAW_Codex_Sets/Registry_265_to_285/SE-285-B__MAW-W_The_Silence_Maul.md
SE-285-C,MAW-S-285-01,The Silence Mantle,Suit,SE-285,Weight of Silence,N/A,N/A,N/A,N/A,Standard Attire Resistances,N/A,Registry_265_to_285,SOMNARAK-WORLD/MAW_Codex_Sets/Registry_265_to_285/SE-285-C__MAW-S_The_Silence_Mantle.md
SE-285-D,MAW-G-285-01,The Silence Weight,Gift,SE-285,Weight of Silence,N/A,** α / Weight,N/A,N/A,Slot: Accessory | Bestowal: 5%,N/A,Registry_265_to_285,SOMNARAK-WORLD/MAW_Codex_Sets/Registry_265_to_285/SE-285-D__MAW-G_The_Silence_Weight.md
SE-290-A,SE-290-A,Compass Without North,Side-Codex,SE-290,,II — Echo / β — Moderate,Void — Pale White,N/A,N/A,Master Side-Codex Dossier & Extraction Rules,N/A,Registry_290_to_310,SOMNARAK-WORLD/MAW_Codex_Sets/Registry_290_to_310/SE-290-A__SIDE_CODEX_Compass_Without_North.md
SE-290-B,MAW-W-290-01,The Lost Lens,Weapon,SE-290,Compass Without North,N/A,Damage,N/A,N/A,DMG: Variable | SPD: - | RNG: -,N/A,Registry_290_to_310,SOMNARAK-WORLD/MAW_Codex_Sets/Registry_290_to_310/SE-290-B__MAW-W_The_Lost_Lens.md
SE-290-C,MAW-S-290-01,The Lost Veil,Suit,SE-290,Compass Without North,N/A,N/A,N/A,N/A,Standard Attire Resistances,N/A,Registry_290_to_310,SOMNARAK-WORLD/MAW_Codex_Sets/Registry_290_to_310/SE-290-C__MAW-S_The_Lost_Veil.md
SE-290-D,MAW-G-290-01,The Lost Compass,Gift,SE-290,Compass Without North,N/A,** β / Void,N/A,N/A,Slot: Accessory | Bestowal: 5%,N/A,Registry_290_to_310,SOMNARAK-WORLD/MAW_Codex_Sets/Registry_290_to_310/SE-290-D__MAW-G_The_Lost_Compass.md
SE-300-A,SE-300-A,The Memory Lock,Side-Codex,SE-300,,III — Fragment / γ — Major,Void — Pale White,N/A,N/A,Master Side-Codex Dossier & Extraction Rules,N/A,Registry_290_to_310,SOMNARAK-WORLD/MAW_Codex_Sets/Registry_290_to_310/SE-300-A__SIDE_CODEX_The_Memory_Lock.md
SE-300-B,MAW-W-300-01,The Secret Lens,Weapon,SE-300,The Memory Lock,N/A,Damage,N/A,N/A,DMG: Variable | SPD: - | RNG: -,N/A,Registry_290_to_310,SOMNARAK-WORLD/MAW_Codex_Sets/Registry_290_to_310/SE-300-B__MAW-W_The_Secret_Lens.md
SE-300-C,MAW-S-300-01,The Secret Veil,Suit,SE-300,The Memory Lock,N/A,N/A,N/A,N/A,Standard Attire Resistances,N/A,Registry_290_to_310,SOMNARAK-WORLD/MAW_Codex_Sets/Registry_290_to_310/SE-300-C__MAW-S_The_Secret_Veil.md
SE-300-D,MAW-G-300-01,The Secret Key,Gift,SE-300,The Memory Lock,N/A,** γ / Void,N/A,N/A,Slot: Accessory | Bestowal: 5%,N/A,Registry_290_to_310,SOMNARAK-WORLD/MAW_Codex_Sets/Registry_290_to_310/SE-300-D__MAW-G_The_Secret_Key.md
SE-301-A,SE-301-A,Feu Follet,Side-Codex,SE-301,,II — Echo / β — Moderate,Lament — Deep Blue,N/A,N/A,Master Side-Codex Dossier & Extraction Rules,N/A,Registry_290_to_310,SOMNARAK-WORLD/MAW_Codex_Sets/Registry_290_to_310/SE-301-A__SIDE_CODEX_Feu_Follet.md
SE-301-B,MAW-W-301-01,Feu Follet Requiem,Weapon,SE-301,Feu Follet,N/A,Damage,N/A,N/A,DMG: Variable | SPD: - | RNG: -,N/A,Registry_290_to_310,SOMNARAK-WORLD/MAW_Codex_Sets/Registry_290_to_310/SE-301-B__MAW-W_Feu_Follet_Requiem.md
SE-301-C,MAW-S-301-01,Feu Follet Shroud,Suit,SE-301,Feu Follet,N/A,N/A,N/A,N/A,Standard Attire Resistances,N/A,Registry_290_to_310,SOMNARAK-WORLD/MAW_Codex_Sets/Registry_290_to_310/SE-301-C__MAW-S_Feu_Follet_Shroud.md
SE-301-D,MAW-G-301-01,Feu Follet Ember,Gift,SE-301,Feu Follet,N/A,** β / Lament,N/A,N/A,Slot: Accessory | Bestowal: 5%,N/A,Registry_290_to_310,SOMNARAK-WORLD/MAW_Codex_Sets/Registry_290_to_310/SE-301-D__MAW-G_Feu_Follet_Ember.md
SE-308-A,SE-308-A,Vault of Unspoken Spite,Side-Codex,SE-308,,III — Fragment / γ — Major,Grudge — Crimson,N/A,N/A,Master Side-Codex Dossier & Extraction Rules,N/A,Registry_290_to_310,SOMNARAK-WORLD/MAW_Codex_Sets/Registry_290_to_310/SE-308-A__SIDE_CODEX_Vault_of_Unspoken_Spite.md
SE-308-B,MAW-W-308-01,Vault of Unspoken Spite’s Fang,Weapon,SE-308,Vault of Unspoken Spite,N/A,Damage,N/A,N/A,DMG: Variable | SPD: - | RNG: -,N/A,Registry_290_to_310,SOMNARAK-WORLD/MAW_Codex_Sets/Registry_290_to_310/SE-308-B__MAW-W_Vault_of_Unspoken_Spites_Fang.md
SE-308-C,MAW-S-308-01,Vault of Unspoken Spite’s Veil,Suit,SE-308,Vault of Unspoken Spite,N/A,N/A,N/A,N/A,Standard Attire Resistances,N/A,Registry_290_to_310,SOMNARAK-WORLD/MAW_Codex_Sets/Registry_290_to_310/SE-308-C__MAW-S_Vault_of_Unspoken_Spites_Veil.md
SE-308-D,MAW-G-308-01,Vault of Unspoken Spite’s Charm,Gift,SE-308,Vault of Unspoken Spite,N/A,** γ / Grudge,N/A,N/A,Slot: Accessory | Bestowal: 5%,N/A,Registry_290_to_310,SOMNARAK-WORLD/MAW_Codex_Sets/Registry_290_to_310/SE-308-D__MAW-G_Vault_of_Unspoken_Spites_Charm.md
SE-310-A,SE-310-A,Cracked Mirror,Side-Codex,SE-310,,II — Echo / β — Moderate,Void — Pale White,N/A,N/A,Master Side-Codex Dossier & Extraction Rules,N/A,Registry_290_to_310,SOMNARAK-WORLD/MAW_Codex_Sets/Registry_290_to_310/SE-310-A__SIDE_CODEX_Cracked_Mirror.md
SE-310-B,MAW-W-310-01,The Truth Lens,Weapon,SE-310,Cracked Mirror,N/A,Damage,N/A,N/A,DMG: Variable | SPD: - | RNG: -,N/A,Registry_290_to_310,SOMNARAK-WORLD/MAW_Codex_Sets/Registry_290_to_310/SE-310-B__MAW-W_The_Truth_Lens.md
SE-310-C,MAW-S-310-01,The Truth Veil,Suit,SE-310,Cracked Mirror,N/A,N/A,N/A,N/A,Standard Attire Resistances,N/A,Registry_290_to_310,SOMNARAK-WORLD/MAW_Codex_Sets/Registry_290_to_310/SE-310-C__MAW-S_The_Truth_Veil.md
SE-310-D,MAW-G-310-01,The Truth Lens,Gift,SE-310,Cracked Mirror,N/A,** β / Void,N/A,N/A,Slot: Accessory | Bestowal: 5%,N/A,Registry_290_to_310,SOMNARAK-WORLD/MAW_Codex_Sets/Registry_290_to_310/SE-310-D__MAW-G_The_Truth_Lens.md
SE-315-A,SE-315-A,Unsprouted Life,Side-Codex,SE-315,,IV — Entity / δ — Critical,Lament — Deep Blue,N/A,N/A,Master Side-Codex Dossier & Extraction Rules,N/A,Registry_315_to_330,SOMNARAK-WORLD/MAW_Codex_Sets/Registry_315_to_330/SE-315-A__SIDE_CODEX_Unsprouted_Life.md
SE-315-B,MAW-W-315-01,Unsprouted Life Requiem,Weapon,SE-315,Unsprouted Life,N/A,Damage,N/A,N/A,DMG: Variable | SPD: - | RNG: -,N/A,Registry_315_to_330,SOMNARAK-WORLD/MAW_Codex_Sets/Registry_315_to_330/SE-315-B__MAW-W_Unsprouted_Life_Requiem.md
SE-315-C,MAW-S-315-01,Unsprouted Life Shroud,Suit,SE-315,Unsprouted Life,N/A,N/A,N/A,N/A,Standard Attire Resistances,N/A,Registry_315_to_330,SOMNARAK-WORLD/MAW_Codex_Sets/Registry_315_to_330/SE-315-C__MAW-S_Unsprouted_Life_Shroud.md
SE-315-D,MAW-G-315-01,Unsprouted Life Core,Gift,SE-315,Unsprouted Life,N/A,** δ / Lament,N/A,N/A,Slot: Accessory | Bestowal: 5%,N/A,Registry_315_to_330,SOMNARAK-WORLD/MAW_Codex_Sets/Registry_315_to_330/SE-315-D__MAW-G_Unsprouted_Life_Core.md
SE-316-A,SE-316-A,Tether,Side-Codex,SE-316,,I — Residue / α — Minor,Grudge — Crimson,N/A,N/A,Master Side-Codex Dossier & Extraction Rules,N/A,Registry_315_to_330,SOMNARAK-WORLD/MAW_Codex_Sets/Registry_315_to_330/SE-316-A__SIDE_CODEX_Tether.md
SE-316-B,MAW-W-316-01,The Empty Fang,Weapon,SE-316,Tether,N/A,Damage,N/A,N/A,DMG: Variable | SPD: - | RNG: -,N/A,Registry_315_to_330,SOMNARAK-WORLD/MAW_Codex_Sets/Registry_315_to_330/SE-316-B__MAW-W_The_Empty_Fang.md
SE-316-C,MAW-S-316-01,The Empty Plate,Suit,SE-316,Tether,N/A,N/A,N/A,N/A,Standard Attire Resistances,N/A,Registry_315_to_330,SOMNARAK-WORLD/MAW_Codex_Sets/Registry_315_to_330/SE-316-C__MAW-S_The_Empty_Plate.md
SE-316-D,MAW-G-316-01,The Empty Knot,Gift,SE-316,Tether,N/A,** α / Grudge,N/A,N/A,Slot: Accessory | Bestowal: 5%,N/A,Registry_315_to_330,SOMNARAK-WORLD/MAW_Codex_Sets/Registry_315_to_330/SE-316-D__MAW-G_The_Empty_Knot.md
SE-320-A,SE-320-A,Unwept Storm,Side-Codex,SE-320,,V — Sovereign / γ — Major,Weight — Black,N/A,N/A,Master Side-Codex Dossier & Extraction Rules,N/A,Registry_315_to_330,SOMNARAK-WORLD/MAW_Codex_Sets/Registry_315_to_330/SE-320-A__SIDE_CODEX_Unwept_Storm.md
SE-320-B,MAW-W-320-01,The Storm Maul,Weapon,SE-320,Unwept Storm,N/A,Damage,N/A,N/A,DMG: Variable | SPD: - | RNG: -,N/A,Registry_315_to_330,SOMNARAK-WORLD/MAW_Codex_Sets/Registry_315_to_330/SE-320-B__MAW-W_The_Storm_Maul.md
SE-320-C,MAW-S-320-01,The Storm Shield,Suit,SE-320,Unwept Storm,N/A,N/A,N/A,N/A,Standard Attire Resistances,N/A,Registry_315_to_330,SOMNARAK-WORLD/MAW_Codex_Sets/Registry_315_to_330/SE-320-C__MAW-S_The_Storm_Shield.md
SE-320-D,MAW-G-320-01,The Storm Charm,Gift,SE-320,Unwept Storm,N/A,** γ / Weight,N/A,N/A,Slot: Accessory | Bestowal: 5%,N/A,Registry_315_to_330,SOMNARAK-WORLD/MAW_Codex_Sets/Registry_315_to_330/SE-320-D__MAW-G_The_Storm_Charm.md
SE-329-A,SE-329-A,Folly,Side-Codex,SE-329,,I — Residue / α — Minor,Void — Pale White,N/A,N/A,Master Side-Codex Dossier & Extraction Rules,N/A,Registry_315_to_330,SOMNARAK-WORLD/MAW_Codex_Sets/Registry_315_to_330/SE-329-A__SIDE_CODEX_Folly.md
SE-329-B,MAW-W-329-01,The Melting Lens,Weapon,SE-329,Folly,N/A,Damage,N/A,N/A,DMG: Variable | SPD: - | RNG: -,N/A,Registry_315_to_330,SOMNARAK-WORLD/MAW_Codex_Sets/Registry_315_to_330/SE-329-B__MAW-W_The_Melting_Lens.md
SE-329-C,MAW-S-329-01,The Melting Veil,Suit,SE-329,Folly,N/A,N/A,N/A,N/A,Standard Attire Resistances,N/A,Registry_315_to_330,SOMNARAK-WORLD/MAW_Codex_Sets/Registry_315_to_330/SE-329-C__MAW-S_The_Melting_Veil.md
SE-329-D,MAW-G-329-01,The Melting Brick,Gift,SE-329,Folly,N/A,** α / Void,N/A,N/A,Slot: Accessory | Bestowal: 5%,N/A,Registry_315_to_330,SOMNARAK-WORLD/MAW_Codex_Sets/Registry_315_to_330/SE-329-D__MAW-G_The_Melting_Brick.md
SE-330-A,SE-330-A,Sitting Boundary,Side-Codex,SE-330,,II — Echo / β — Moderate,Weight — Black,N/A,N/A,Master Side-Codex Dossier & Extraction Rules,N/A,Registry_315_to_330,SOMNARAK-WORLD/MAW_Codex_Sets/Registry_315_to_330/SE-330-A__SIDE_CODEX_Sitting_Boundary.md
SE-330-B,MAW-W-330-01,The Glazed Mullion-Pike,Weapon,SE-330,Sitting Boundary,β — Moderate,Weight — Black,4 — Standard Cadre,25 Sorrow Echoes,DMG: Weight 5–9 | SPD: 2 — Measured | RNG: 2 — Medium Reach,Circuit Breaker,Registry_315_to_330,SOMNARAK-WORLD/MAW_Codex_Sets/Registry_315_to_330/SE-330-B__MAW-W_The_Frozen_Maul.md
SE-330-C,MAW-S-330-01,The Shuttered Window-Plate,Suit,SE-330,Sitting Boundary,β — Moderate,Weight — Black,4 — Standard Cadre,20 Sorrow Echoes,Res: L:1.0 — Standard Neutral | G:1.0 — Standard Neutral | V:1.5 — Vulnerable (Subject to direct cognitive erosion) | W:0.5 — Heavy Resistance (Dampens kinetic & gravity load),Louvered Glaze,Registry_315_to_330,SOMNARAK-WORLD/MAW_Codex_Sets/Registry_315_to_330/SE-330-C__MAW-S_The_Frozen_Pane.md
SE-330-D,MAW-G-330-01,The Rime-Pane Monocle,Gift,SE-330,Sitting Boundary,β — Moderate,N/A,N/A,N/A,Slot: Head / Right Eye | Bestowal: 5% on Successful Ferrehan or Viderehan work,Terminal Clarity,Registry_315_to_330,SOMNARAK-WORLD/MAW_Codex_Sets/Registry_315_to_330/SE-330-D__MAW-G_The_Frozen_Charm.md
SE-339-A,SE-339-A,Breach,Side-Codex,SE-339,,IV / δ,Lament — Deep Blue,N/A,N/A,Master Side-Codex Dossier & Extraction Rules,N/A,Registry_339_to_371,SOMNARAK-WORLD/MAW_Codex_Sets/Registry_339_to_371/SE-339-A__SIDE_CODEX_Breach.md
SE-339-B,MAW-W-339-01,The Fallen Requiem,Weapon,SE-339,Breach,N/A,Damage,N/A,N/A,DMG: Variable | SPD: - | RNG: -,N/A,Registry_339_to_371,SOMNARAK-WORLD/MAW_Codex_Sets/Registry_339_to_371/SE-339-B__MAW-W_The_Fallen_Requiem.md
SE-339-C,MAW-S-339-01,The Fallen Barrier,Suit,SE-339,Breach,N/A,N/A,N/A,N/A,Standard Attire Resistances,N/A,Registry_339_to_371,SOMNARAK-WORLD/MAW_Codex_Sets/Registry_339_to_371/SE-339-C__MAW-S_The_Fallen_Barrier.md
SE-339-D,MAW-G-339-01,The Fallen Charm,Gift,SE-339,Breach,N/A,** δ / Lament,N/A,N/A,Slot: Accessory | Bestowal: 5%,N/A,Registry_339_to_371,SOMNARAK-WORLD/MAW_Codex_Sets/Registry_339_to_371/SE-339-D__MAW-G_The_Fallen_Charm.md
SE-340-A,SE-340-A,Clapperless,Side-Codex,SE-340,,II / β,N/A,N/A,N/A,Master Side-Codex Dossier & Extraction Rules,N/A,Registry_339_to_371,SOMNARAK-WORLD/MAW_Codex_Sets/Registry_339_to_371/SE-340-A__SIDE_CODEX_Clapperless.md
SE-340-B,MAW-W-340-01,The Clapperless Chime-Sceptre,Weapon,SE-340,Clapperless,N/A,Damage,N/A,N/A,DMG: Variable | SPD: - | RNG: -,N/A,Registry_339_to_371,SOMNARAK-WORLD/MAW_Codex_Sets/Registry_339_to_371/SE-340-B__MAW-W_The_Silence_Hammer.md
SE-340-C,MAW-S-340-01,The Resonance-Dampening Shroud,Suit,SE-340,Clapperless,N/A,N/A,N/A,N/A,Standard Attire Resistances,N/A,Registry_339_to_371,SOMNARAK-WORLD/MAW_Codex_Sets/Registry_339_to_371/SE-340-C__MAW-S_The_Silence_Veil.md
SE-340-D,MAW-G-340-01,The Hollow Bell Pendant,Gift,SE-340,Clapperless,N/A,** β / Void,N/A,N/A,Slot: Accessory | Bestowal: 5%,N/A,Registry_339_to_371,SOMNARAK-WORLD/MAW_Codex_Sets/Registry_339_to_371/SE-340-D__MAW-G_The_Silence_Charm.md
SE-357-A,SE-357-A,Carrying Nothing,Side-Codex,SE-357,,II / β,Grudge — Crimson,N/A,N/A,Master Side-Codex Dossier & Extraction Rules,N/A,Registry_339_to_371,SOMNARAK-WORLD/MAW_Codex_Sets/Registry_339_to_371/SE-357-A__SIDE_CODEX_Carrying_Nothing.md
SE-357-B,MAW-W-357-01,The Absent Fang,Weapon,SE-357,Carrying Nothing,N/A,Damage,N/A,N/A,DMG: Variable | SPD: - | RNG: -,N/A,Registry_339_to_371,SOMNARAK-WORLD/MAW_Codex_Sets/Registry_339_to_371/SE-357-B__MAW-W_The_Absent_Fang.md
SE-357-C,MAW-S-357-01,The Absent Plate,Suit,SE-357,Carrying Nothing,N/A,N/A,N/A,N/A,Standard Attire Resistances,N/A,Registry_339_to_371,SOMNARAK-WORLD/MAW_Codex_Sets/Registry_339_to_371/SE-357-C__MAW-S_The_Absent_Plate.md
SE-357-D,MAW-G-357-01,The Absent Burden,Gift,SE-357,Carrying Nothing,N/A,** β / Grudge,N/A,N/A,Slot: Accessory | Bestowal: 5%,N/A,Registry_339_to_371,SOMNARAK-WORLD/MAW_Codex_Sets/Registry_339_to_371/SE-357-D__MAW-G_The_Absent_Burden.md
SE-369-A,SE-369-A,Susurrus,Side-Codex,SE-369,,III / γ,Lament,N/A,N/A,Master Side-Codex Dossier & Extraction Rules,N/A,Registry_339_to_371,SOMNARAK-WORLD/MAW_Codex_Sets/Registry_339_to_371/SE-369-A__SIDE_CODEX_Susurrus.md
SE-369-B,MAW-W-369-01,Susurrus’s Requiem,Weapon,SE-369,Susurrus,N/A,Damage,N/A,N/A,DMG: Variable | SPD: - | RNG: -,N/A,Registry_339_to_371,SOMNARAK-WORLD/MAW_Codex_Sets/Registry_339_to_371/SE-369-B__MAW-W_Susurruss_Requiem.md
SE-369-C,MAW-S-369-01,Susurrus’s Shroud,Suit,SE-369,Susurrus,N/A,N/A,N/A,N/A,Standard Attire Resistances,N/A,Registry_339_to_371,SOMNARAK-WORLD/MAW_Codex_Sets/Registry_339_to_371/SE-369-C__MAW-S_Susurruss_Shroud.md
SE-369-D,MAW-G-369-01,Susurrus’s Bell,Gift,SE-369,Susurrus,N/A,** γ / Lament,N/A,N/A,Slot: Accessory | Bestowal: 5%,N/A,Registry_339_to_371,SOMNARAK-WORLD/MAW_Codex_Sets/Registry_339_to_371/SE-369-D__MAW-G_Susurruss_Bell.md
SE-371-A,SE-371-A,Protest No One Remembers,Side-Codex,SE-371,,III / γ,Void,N/A,N/A,Master Side-Codex Dossier & Extraction Rules,N/A,Registry_339_to_371,SOMNARAK-WORLD/MAW_Codex_Sets/Registry_339_to_371/SE-371-A__SIDE_CODEX_Protest_No_One_Remembers.md
SE-371-B,MAW-W-371-01,The Vanished Lens,Weapon,SE-371,Protest No One Remembers,N/A,Damage,N/A,N/A,DMG: Variable | SPD: - | RNG: -,N/A,Registry_339_to_371,SOMNARAK-WORLD/MAW_Codex_Sets/Registry_339_to_371/SE-371-B__MAW-W_The_Vanished_Lens.md
SE-371-C,MAW-S-371-01,The Vanished Veil,Suit,SE-371,Protest No One Remembers,N/A,N/A,N/A,N/A,Standard Attire Resistances,N/A,Registry_339_to_371,SOMNARAK-WORLD/MAW_Codex_Sets/Registry_339_to_371/SE-371-C__MAW-S_The_Vanished_Veil.md
SE-371-D,MAW-G-371-01,The Vanished Word,Gift,SE-371,Protest No One Remembers,N/A,** γ / Void,N/A,N/A,Slot: Accessory | Bestowal: 5%,N/A,Registry_339_to_371,SOMNARAK-WORLD/MAW_Codex_Sets/Registry_339_to_371/SE-371-D__MAW-G_The_Vanished_Word.md
SE-373-A,SE-373-A,Till Someone Understands,Side-Codex,SE-373,,III / γ,N/A,N/A,N/A,Master Side-Codex Dossier & Extraction Rules,N/A,Registry_373_to_407,SOMNARAK-WORLD/MAW_Codex_Sets/Registry_373_to_407/SE-373-A__SIDE_CODEX_Till_Someone_Understands.md
SE-373-B,MAW-W-373-01,The Spreading Requiem,Weapon,SE-373,Till Someone Understands,N/A,Damage,N/A,N/A,DMG: Variable | SPD: - | RNG: -,N/A,Registry_373_to_407,SOMNARAK-WORLD/MAW_Codex_Sets/Registry_373_to_407/SE-373-B__MAW-W_The_Spreading_Requiem.md
SE-373-C,MAW-S-373-01,The Spreading Shroud,Suit,SE-373,Till Someone Understands,N/A,N/A,N/A,N/A,Standard Attire Resistances,N/A,Registry_373_to_407,SOMNARAK-WORLD/MAW_Codex_Sets/Registry_373_to_407/SE-373-C__MAW-S_The_Spreading_Shroud.md
SE-373-D,MAW-G-373-01,The Spreading Vial,Gift,SE-373,Till Someone Understands,N/A,** γ / Lament,N/A,N/A,Slot: Accessory | Bestowal: 5%,N/A,Registry_373_to_407,SOMNARAK-WORLD/MAW_Codex_Sets/Registry_373_to_407/SE-373-D__MAW-G_The_Spreading_Vial.md
SE-374-A,SE-374-A,Slept Because You Never Returned,Side-Codex,SE-374,,III / γ,Grudge,N/A,N/A,Master Side-Codex Dossier & Extraction Rules,N/A,Registry_373_to_407,SOMNARAK-WORLD/MAW_Codex_Sets/Registry_373_to_407/SE-374-A__SIDE_CODEX_Slept_Because_You_Never_Returned.md
SE-374-B,MAW-W-374-01,The Sleeping Fang,Weapon,SE-374,Slept Because You Never Returned,N/A,Damage,N/A,N/A,DMG: Variable | SPD: - | RNG: -,N/A,Registry_373_to_407,SOMNARAK-WORLD/MAW_Codex_Sets/Registry_373_to_407/SE-374-B__MAW-W_The_Sleeping_Fang.md
SE-374-C,MAW-S-374-01,The Sleeping Plate,Suit,SE-374,Slept Because You Never Returned,N/A,N/A,N/A,N/A,Standard Attire Resistances,N/A,Registry_373_to_407,SOMNARAK-WORLD/MAW_Codex_Sets/Registry_373_to_407/SE-374-C__MAW-S_The_Sleeping_Plate.md
SE-374-D,MAW-G-374-01,The Sleeping Bracelet,Gift,SE-374,Slept Because You Never Returned,N/A,** β / Grudge,N/A,N/A,Slot: Accessory | Bestowal: 5%,N/A,Registry_373_to_407,SOMNARAK-WORLD/MAW_Codex_Sets/Registry_373_to_407/SE-374-D__MAW-G_The_Sleeping_Bracelet.md
SE-378-A,SE-378-A,Fathom,Side-Codex,SE-378,,II / β,Lament,N/A,N/A,Master Side-Codex Dossier & Extraction Rules,N/A,Registry_373_to_407,SOMNARAK-WORLD/MAW_Codex_Sets/Registry_373_to_407/SE-378-A__SIDE_CODEX_Fathom.md
SE-378-B,MAW-W-378-01,The Drowned Requiem,Weapon,SE-378,Fathom,N/A,Damage,N/A,N/A,DMG: Variable | SPD: - | RNG: -,N/A,Registry_373_to_407,SOMNARAK-WORLD/MAW_Codex_Sets/Registry_373_to_407/SE-378-B__MAW-W_The_Drowned_Requiem.md
SE-378-C,MAW-S-378-01,The Drowned Shroud,Suit,SE-378,Fathom,N/A,N/A,N/A,N/A,Standard Attire Resistances,N/A,Registry_373_to_407,SOMNARAK-WORLD/MAW_Codex_Sets/Registry_373_to_407/SE-378-C__MAW-S_The_Drowned_Shroud.md
SE-378-D,MAW-G-378-01,The Drowned Bell,Gift,SE-378,Fathom,N/A,** β / Lament,N/A,N/A,Slot: Accessory | Bestowal: 5%,N/A,Registry_373_to_407,SOMNARAK-WORLD/MAW_Codex_Sets/Registry_373_to_407/SE-378-D__MAW-G_The_Drowned_Bell.md
SE-392-A,SE-392-A,Mirror of Rising,Side-Codex,SE-392,,I / α,Weight,N/A,N/A,Master Side-Codex Dossier & Extraction Rules,N/A,Registry_373_to_407,SOMNARAK-WORLD/MAW_Codex_Sets/Registry_373_to_407/SE-392-A__SIDE_CODEX_Mirror_of_Rising.md
SE-392-B,MAW-W-392-01,The Rising Hammer,Weapon,SE-392,Mirror of Rising,N/A,Damage,N/A,N/A,DMG: Variable | SPD: - | RNG: -,N/A,Registry_373_to_407,SOMNARAK-WORLD/MAW_Codex_Sets/Registry_373_to_407/SE-392-B__MAW-W_The_Rising_Hammer.md
SE-392-C,MAW-S-392-01,The Rising Mantle,Suit,SE-392,Mirror of Rising,N/A,N/A,N/A,N/A,Standard Attire Resistances,N/A,Registry_373_to_407,SOMNARAK-WORLD/MAW_Codex_Sets/Registry_373_to_407/SE-392-C__MAW-S_The_Rising_Mantle.md
SE-392-D,MAW-G-392-01,The Rising Charm,Gift,SE-392,Mirror of Rising,N/A,** α / Weight,N/A,N/A,Slot: Accessory | Bestowal: 5%,N/A,Registry_373_to_407,SOMNARAK-WORLD/MAW_Codex_Sets/Registry_373_to_407/SE-392-D__MAW-G_The_Rising_Charm.md
SE-407-A,SE-407-A,Lingering Place,Side-Codex,SE-407,,III / γ,Void,N/A,N/A,Master Side-Codex Dossier & Extraction Rules,N/A,Registry_373_to_407,SOMNARAK-WORLD/MAW_Codex_Sets/Registry_373_to_407/SE-407-A__SIDE_CODEX_Lingering_Place.md
SE-407-B,MAW-W-407-01,The Lingering Lens,Weapon,SE-407,Lingering Place,N/A,Damage,N/A,N/A,DMG: Variable | SPD: - | RNG: -,N/A,Registry_373_to_407,SOMNARAK-WORLD/MAW_Codex_Sets/Registry_373_to_407/SE-407-B__MAW-W_The_Lingering_Lens.md
SE-407-C,MAW-S-407-01,The Lingering Veil,Suit,SE-407,Lingering Place,N/A,N/A,N/A,N/A,Standard Attire Resistances,N/A,Registry_373_to_407,SOMNARAK-WORLD/MAW_Codex_Sets/Registry_373_to_407/SE-407-C__MAW-S_The_Lingering_Veil.md
SE-407-D,MAW-G-407-01,The Lingering Key,Gift,SE-407,Lingering Place,N/A,** δ / Void,N/A,N/A,Slot: Accessory | Bestowal: 5%,N/A,Registry_373_to_407,SOMNARAK-WORLD/MAW_Codex_Sets/Registry_373_to_407/SE-407-D__MAW-G_The_Lingering_Key.md
SE-409-A,SE-409-A,Pillar Holding Nothing,Side-Codex,SE-409,,III / γ,Void,N/A,N/A,Master Side-Codex Dossier & Extraction Rules,N/A,Registry_409_to_453,SOMNARAK-WORLD/MAW_Codex_Sets/Registry_409_to_453/SE-409-A__SIDE_CODEX_Pillar_Holding_Nothing.md
SE-409-B,MAW-W-409-01,The Empty Lens,Weapon,SE-409,Pillar Holding Nothing,N/A,Damage,N/A,N/A,DMG: Variable | SPD: - | RNG: -,N/A,Registry_409_to_453,SOMNARAK-WORLD/MAW_Codex_Sets/Registry_409_to_453/SE-409-B__MAW-W_The_Empty_Lens.md
SE-409-C,MAW-S-409-01,The Empty Veil,Suit,SE-409,Pillar Holding Nothing,N/A,N/A,N/A,N/A,Standard Attire Resistances,N/A,Registry_409_to_453,SOMNARAK-WORLD/MAW_Codex_Sets/Registry_409_to_453/SE-409-C__MAW-S_The_Empty_Veil.md
SE-409-D,MAW-G-409-01,The Empty Pillar,Gift,SE-409,Pillar Holding Nothing,N/A,** γ / Void,N/A,N/A,Slot: Accessory | Bestowal: 5%,N/A,Registry_409_to_453,SOMNARAK-WORLD/MAW_Codex_Sets/Registry_409_to_453/SE-409-D__MAW-G_The_Empty_Pillar.md
SE-426-A,SE-426-A,Hollowcast,Side-Codex,SE-426,,II / β,Grudge,N/A,N/A,Master Side-Codex Dossier & Extraction Rules,N/A,Registry_409_to_453,SOMNARAK-WORLD/MAW_Codex_Sets/Registry_409_to_453/SE-426-A__SIDE_CODEX_Hollowcast.md
SE-426-B,MAW-W-426-01,The Torn Fang,Weapon,SE-426,Hollowcast,N/A,Damage,N/A,N/A,DMG: Variable | SPD: - | RNG: -,N/A,Registry_409_to_453,SOMNARAK-WORLD/MAW_Codex_Sets/Registry_409_to_453/SE-426-B__MAW-W_The_Torn_Fang.md
SE-426-C,MAW-S-426-01,The Torn Plate,Suit,SE-426,Hollowcast,N/A,N/A,N/A,N/A,Standard Attire Resistances,N/A,Registry_409_to_453,SOMNARAK-WORLD/MAW_Codex_Sets/Registry_409_to_453/SE-426-C__MAW-S_The_Torn_Plate.md
SE-426-D,MAW-G-426-01,The Torn Bracelet,Gift,SE-426,Hollowcast,N/A,** β / Grudge,N/A,N/A,Slot: Accessory | Bestowal: 5%,N/A,Registry_409_to_453,SOMNARAK-WORLD/MAW_Codex_Sets/Registry_409_to_453/SE-426-D__MAW-G_The_Torn_Bracelet.md
SE-447-A,SE-447-A,Rope Held Too Long,Side-Codex,SE-447,,III / γ,Lament,N/A,N/A,Master Side-Codex Dossier & Extraction Rules,N/A,Registry_409_to_453,SOMNARAK-WORLD/MAW_Codex_Sets/Registry_409_to_453/SE-447-A__SIDE_CODEX_Rope_Held_Too_Long.md
SE-447-B,MAW-W-447-01,The Melting Requiem,Weapon,SE-447,Rope Held Too Long,N/A,Damage,N/A,N/A,DMG: Variable | SPD: - | RNG: -,N/A,Registry_409_to_453,SOMNARAK-WORLD/MAW_Codex_Sets/Registry_409_to_453/SE-447-B__MAW-W_The_Melting_Requiem.md
SE-447-C,MAW-S-447-01,The Melting Shroud,Suit,SE-447,Rope Held Too Long,N/A,N/A,N/A,N/A,Standard Attire Resistances,N/A,Registry_409_to_453,SOMNARAK-WORLD/MAW_Codex_Sets/Registry_409_to_453/SE-447-C__MAW-S_The_Melting_Shroud.md
SE-447-D,MAW-G-447-01,The Melting Knot,Gift,SE-447,Rope Held Too Long,N/A,** γ / Lament,N/A,N/A,Slot: Accessory | Bestowal: 5%,N/A,Registry_409_to_453,SOMNARAK-WORLD/MAW_Codex_Sets/Registry_409_to_453/SE-447-D__MAW-G_The_Melting_Knot.md
SE-448-A,SE-448-A,Overflow,Side-Codex,SE-448,,III / γ,Grudge,N/A,N/A,Master Side-Codex Dossier & Extraction Rules,N/A,Registry_409_to_453,SOMNARAK-WORLD/MAW_Codex_Sets/Registry_409_to_453/SE-448-A__SIDE_CODEX_Overflow.md
SE-448-B,MAW-W-448-01,Overflow Fang,Weapon,SE-448,Overflow,N/A,Damage,N/A,N/A,DMG: Variable | SPD: - | RNG: -,N/A,Registry_409_to_453,SOMNARAK-WORLD/MAW_Codex_Sets/Registry_409_to_453/SE-448-B__MAW-W_Overflow_Fang.md
SE-448-C,MAW-S-448-01,Overflow Plate,Suit,SE-448,Overflow,N/A,N/A,N/A,N/A,Standard Attire Resistances,N/A,Registry_409_to_453,SOMNARAK-WORLD/MAW_Codex_Sets/Registry_409_to_453/SE-448-C__MAW-S_Overflow_Plate.md
SE-448-D,MAW-G-448-01,Overflow Ring,Gift,SE-448,Overflow,N/A,** δ / Grudge,N/A,N/A,Slot: Accessory | Bestowal: 5%,N/A,Registry_409_to_453,SOMNARAK-WORLD/MAW_Codex_Sets/Registry_409_to_453/SE-448-D__MAW-G_Overflow_Ring.md
SE-453-A,SE-453-A,Spoor,Side-Codex,SE-453,,II / β,Lament,N/A,N/A,Master Side-Codex Dossier & Extraction Rules,N/A,Registry_409_to_453,SOMNARAK-WORLD/MAW_Codex_Sets/Registry_409_to_453/SE-453-A__SIDE_CODEX_Spoor.md
SE-453-B,MAW-W-453-01,The Shadow Requiem,Weapon,SE-453,Spoor,N/A,Damage,N/A,N/A,DMG: Variable | SPD: - | RNG: -,N/A,Registry_409_to_453,SOMNARAK-WORLD/MAW_Codex_Sets/Registry_409_to_453/SE-453-B__MAW-W_The_Shadow_Requiem.md
SE-453-C,MAW-S-453-01,The Shadow Shroud,Suit,SE-453,Spoor,N/A,N/A,N/A,N/A,Standard Attire Resistances,N/A,Registry_409_to_453,SOMNARAK-WORLD/MAW_Codex_Sets/Registry_409_to_453/SE-453-C__MAW-S_The_Shadow_Shroud.md
SE-453-D,MAW-G-453-01,The Shadow Song,Gift,SE-453,Spoor,N/A,** β / Lament,N/A,N/A,Slot: Accessory | Bestowal: 5%,N/A,Registry_409_to_453,SOMNARAK-WORLD/MAW_Codex_Sets/Registry_409_to_453/SE-453-D__MAW-G_The_Shadow_Song.md
SE-456-A,SE-456-A,Orchard of the Indebted,Side-Codex,SE-456,,II / β,Grudge,N/A,N/A,Master Side-Codex Dossier & Extraction Rules,N/A,Registry_456_to_488,SOMNARAK-WORLD/MAW_Codex_Sets/Registry_456_to_488/SE-456-A__SIDE_CODEX_Orchard_of_the_Indebted.md
SE-456-B,MAW-W-456-01,The Indebted Dagger,Weapon,SE-456,Orchard of the Indebted,N/A,Damage,N/A,N/A,DMG: Variable | SPD: - | RNG: -,N/A,Registry_456_to_488,SOMNARAK-WORLD/MAW_Codex_Sets/Registry_456_to_488/SE-456-B__MAW-W_The_Indebted_Dagger.md
SE-456-C,MAW-S-456-01,The Indebted Plate,Suit,SE-456,Orchard of the Indebted,N/A,N/A,N/A,N/A,Standard Attire Resistances,N/A,Registry_456_to_488,SOMNARAK-WORLD/MAW_Codex_Sets/Registry_456_to_488/SE-456-C__MAW-S_The_Indebted_Plate.md
SE-456-D,MAW-G-456-01,The Indebted Charm,Gift,SE-456,Orchard of the Indebted,N/A,** α / Grudge,N/A,N/A,Slot: Accessory | Bestowal: 5%,N/A,Registry_456_to_488,SOMNARAK-WORLD/MAW_Codex_Sets/Registry_456_to_488/SE-456-D__MAW-G_The_Indebted_Charm.md
SE-459-A,SE-459-A,Bulwark,Side-Codex,SE-459,,I / α,Void,N/A,N/A,Master Side-Codex Dossier & Extraction Rules,N/A,Registry_456_to_488,SOMNARAK-WORLD/MAW_Codex_Sets/Registry_456_to_488/SE-459-A__SIDE_CODEX_Bulwark.md
SE-459-B,MAW-W-459-01,The Bulwark Lens,Weapon,SE-459,Bulwark,N/A,Damage,N/A,N/A,DMG: Variable | SPD: - | RNG: -,N/A,Registry_456_to_488,SOMNARAK-WORLD/MAW_Codex_Sets/Registry_456_to_488/SE-459-B__MAW-W_The_Bulwark_Lens.md
SE-459-C,MAW-S-459-01,The Bulwark Plate,Suit,SE-459,Bulwark,N/A,N/A,N/A,N/A,Standard Attire Resistances,N/A,Registry_456_to_488,SOMNARAK-WORLD/MAW_Codex_Sets/Registry_456_to_488/SE-459-C__MAW-S_The_Bulwark_Plate.md
SE-459-D,MAW-G-459-01,The Bulwark Charm,Gift,SE-459,Bulwark,N/A,** α / Void,N/A,N/A,Slot: Accessory | Bestowal: 5%,N/A,Registry_456_to_488,SOMNARAK-WORLD/MAW_Codex_Sets/Registry_456_to_488/SE-459-D__MAW-G_The_Bulwark_Charm.md
SE-467-A,SE-467-A,Memory Chain,Side-Codex,SE-467,,II / β,Lament,N/A,N/A,Master Side-Codex Dossier & Extraction Rules,N/A,Registry_456_to_488,SOMNARAK-WORLD/MAW_Codex_Sets/Registry_456_to_488/SE-467-A__SIDE_CODEX_Memory_Chain.md
SE-467-B,MAW-W-467-01,The Soaking Requiem,Weapon,SE-467,Memory Chain,N/A,Damage,N/A,N/A,DMG: Variable | SPD: - | RNG: -,N/A,Registry_456_to_488,SOMNARAK-WORLD/MAW_Codex_Sets/Registry_456_to_488/SE-467-B__MAW-W_The_Soaking_Requiem.md
SE-467-C,MAW-S-467-01,The Soaking Shroud,Suit,SE-467,Memory Chain,N/A,N/A,N/A,N/A,Standard Attire Resistances,N/A,Registry_456_to_488,SOMNARAK-WORLD/MAW_Codex_Sets/Registry_456_to_488/SE-467-C__MAW-S_The_Soaking_Shroud.md
SE-467-D,MAW-G-467-01,The Soaking Link,Gift,SE-467,Memory Chain,N/A,** β / Lament,N/A,N/A,Slot: Accessory | Bestowal: 5%,N/A,Registry_456_to_488,SOMNARAK-WORLD/MAW_Codex_Sets/Registry_456_to_488/SE-467-D__MAW-G_The_Soaking_Link.md
SE-476-A,SE-476-A,Sehnsucht,Side-Codex,SE-476,,III / γ,Weight,N/A,N/A,Master Side-Codex Dossier & Extraction Rules,N/A,Registry_456_to_488,SOMNARAK-WORLD/MAW_Codex_Sets/Registry_456_to_488/SE-476-A__SIDE_CODEX_Sehnsucht.md
SE-476-B,MAW-W-476-01,The Sehnsucht Maul,Weapon,SE-476,Sehnsucht,N/A,Damage,N/A,N/A,DMG: Variable | SPD: - | RNG: -,N/A,Registry_456_to_488,SOMNARAK-WORLD/MAW_Codex_Sets/Registry_456_to_488/SE-476-B__MAW-W_The_Sehnsucht_Maul.md
SE-476-C,MAW-S-476-01,The Sehnsucht Mantle,Suit,SE-476,Sehnsucht,N/A,N/A,N/A,N/A,Standard Attire Resistances,N/A,Registry_456_to_488,SOMNARAK-WORLD/MAW_Codex_Sets/Registry_456_to_488/SE-476-C__MAW-S_The_Sehnsucht_Mantle.md
SE-476-D,MAW-G-476-01,The Sehnsucht Shard,Gift,SE-476,Sehnsucht,N/A,** γ / Weight,N/A,N/A,Slot: Accessory | Bestowal: 5%,N/A,Registry_456_to_488,SOMNARAK-WORLD/MAW_Codex_Sets/Registry_456_to_488/SE-476-D__MAW-G_The_Sehnsucht_Shard.md
SE-488-A,SE-488-A,Friendless Bridge,Side-Codex,SE-488,,II / β,Grudge,N/A,N/A,Master Side-Codex Dossier & Extraction Rules,N/A,Registry_456_to_488,SOMNARAK-WORLD/MAW_Codex_Sets/Registry_456_to_488/SE-488-A__SIDE_CODEX_Friendless_Bridge.md
SE-488-B,MAW-W-488-01,The Bridge Fang,Weapon,SE-488,Friendless Bridge,N/A,Damage,N/A,N/A,DMG: Variable | SPD: - | RNG: -,N/A,Registry_456_to_488,SOMNARAK-WORLD/MAW_Codex_Sets/Registry_456_to_488/SE-488-B__MAW-W_The_Bridge_Fang.md
SE-488-C,MAW-S-488-01,The Bridge Plate,Suit,SE-488,Friendless Bridge,N/A,N/A,N/A,N/A,Standard Attire Resistances,N/A,Registry_456_to_488,SOMNARAK-WORLD/MAW_Codex_Sets/Registry_456_to_488/SE-488-C__MAW-S_The_Bridge_Plate.md
SE-488-D,MAW-G-488-01,The Bridge Bracelet,Gift,SE-488,Friendless Bridge,N/A,** β / Grudge,N/A,N/A,Slot: Accessory | Bestowal: 5%,N/A,Registry_456_to_488,SOMNARAK-WORLD/MAW_Codex_Sets/Registry_456_to_488/SE-488-D__MAW-G_The_Bridge_Bracelet.md
SE-489-A,SE-489-A,Silence We Forgot We Made,Side-Codex,SE-489,,IV / δ,Lament,N/A,N/A,Master Side-Codex Dossier & Extraction Rules,N/A,Registry_489_to_519,SOMNARAK-WORLD/MAW_Codex_Sets/Registry_489_to_519/SE-489-A__SIDE_CODEX_Silence_We_Forgot_We_Made.md
SE-489-B,MAW-W-489-01,The Quiet Requiem,Weapon,SE-489,Silence We Forgot We Made,N/A,Damage,N/A,N/A,DMG: Variable | SPD: - | RNG: -,N/A,Registry_489_to_519,SOMNARAK-WORLD/MAW_Codex_Sets/Registry_489_to_519/SE-489-B__MAW-W_The_Quiet_Requiem.md
SE-489-C,MAW-S-489-01,The Quiet Shroud,Suit,SE-489,Silence We Forgot We Made,N/A,N/A,N/A,N/A,Standard Attire Resistances,N/A,Registry_489_to_519,SOMNARAK-WORLD/MAW_Codex_Sets/Registry_489_to_519/SE-489-C__MAW-S_The_Quiet_Shroud.md
SE-489-D,MAW-G-489-01,The Quiet Lens,Gift,SE-489,Silence We Forgot We Made,N/A,** δ / Lament,N/A,N/A,Slot: Accessory | Bestowal: 5%,N/A,Registry_489_to_519,SOMNARAK-WORLD/MAW_Codex_Sets/Registry_489_to_519/SE-489-D__MAW-G_The_Quiet_Lens.md
SE-503-A,SE-503-A,Hover,Side-Codex,SE-503,,IV / δ,Lament,N/A,N/A,Master Side-Codex Dossier & Extraction Rules,N/A,Registry_489_to_519,SOMNARAK-WORLD/MAW_Codex_Sets/Registry_489_to_519/SE-503-A__SIDE_CODEX_Hover.md
SE-503-B,MAW-W-503-01,Hover Requiem,Weapon,SE-503,Hover,N/A,Damage,N/A,N/A,DMG: Variable | SPD: - | RNG: -,N/A,Registry_489_to_519,SOMNARAK-WORLD/MAW_Codex_Sets/Registry_489_to_519/SE-503-B__MAW-W_Hover_Requiem.md
SE-503-C,MAW-S-503-01,Hover Shroud,Suit,SE-503,Hover,N/A,N/A,N/A,N/A,Standard Attire Resistances,N/A,Registry_489_to_519,SOMNARAK-WORLD/MAW_Codex_Sets/Registry_489_to_519/SE-503-C__MAW-S_Hover_Shroud.md
SE-503-D,MAW-G-503-01,Hover Lantern,Gift,SE-503,Hover,N/A,** α / Lament,N/A,N/A,Slot: Accessory | Bestowal: 5%,N/A,Registry_489_to_519,SOMNARAK-WORLD/MAW_Codex_Sets/Registry_489_to_519/SE-503-D__MAW-G_Hover_Lantern.md
SE-505-A,SE-505-A,Cold Burn,Side-Codex,SE-505,,IV / δ,Void,N/A,N/A,Master Side-Codex Dossier & Extraction Rules,N/A,Registry_489_to_519,SOMNARAK-WORLD/MAW_Codex_Sets/Registry_489_to_519/SE-505-A__SIDE_CODEX_Cold_Burn.md
SE-505-B,MAW-W-505-01,Cold Burn Lens,Weapon,SE-505,Cold Burn,N/A,Damage,N/A,N/A,DMG: Variable | SPD: - | RNG: -,N/A,Registry_489_to_519,SOMNARAK-WORLD/MAW_Codex_Sets/Registry_489_to_519/SE-505-B__MAW-W_Cold_Burn_Lens.md
SE-505-C,MAW-S-505-01,Cold Burn Veil,Suit,SE-505,Cold Burn,N/A,N/A,N/A,N/A,Standard Attire Resistances,N/A,Registry_489_to_519,SOMNARAK-WORLD/MAW_Codex_Sets/Registry_489_to_519/SE-505-C__MAW-S_Cold_Burn_Veil.md
SE-505-D,MAW-G-505-01,Cold Burn Ring,Gift,SE-505,Cold Burn,N/A,** β / Void,N/A,N/A,Slot: Accessory | Bestowal: 5%,N/A,Registry_489_to_519,SOMNARAK-WORLD/MAW_Codex_Sets/Registry_489_to_519/SE-505-D__MAW-G_Cold_Burn_Ring.md
SE-517-A,SE-517-A,Lachrymose,Side-Codex,SE-517,,IV / δ,Lament,N/A,N/A,Master Side-Codex Dossier & Extraction Rules,N/A,Registry_489_to_519,SOMNARAK-WORLD/MAW_Codex_Sets/Registry_489_to_519/SE-517-A__SIDE_CODEX_Lachrymose.md
SE-517-B,MAW-W-517-01,Lachrymose Requiem,Weapon,SE-517,Lachrymose,N/A,Damage,N/A,N/A,DMG: Variable | SPD: - | RNG: -,N/A,Registry_489_to_519,SOMNARAK-WORLD/MAW_Codex_Sets/Registry_489_to_519/SE-517-B__MAW-W_Lachrymose_Requiem.md
SE-517-C,MAW-S-517-01,Lachrymose Shroud,Suit,SE-517,Lachrymose,N/A,N/A,N/A,N/A,Standard Attire Resistances,N/A,Registry_489_to_519,SOMNARAK-WORLD/MAW_Codex_Sets/Registry_489_to_519/SE-517-C__MAW-S_Lachrymose_Shroud.md
SE-517-D,MAW-G-517-01,Lachrymose Shard,Gift,SE-517,Lachrymose,N/A,** δ / Lament,N/A,N/A,Slot: Accessory | Bestowal: 5%,N/A,Registry_489_to_519,SOMNARAK-WORLD/MAW_Codex_Sets/Registry_489_to_519/SE-517-D__MAW-G_Lachrymose_Shard.md
SE-518-A,SE-518-A,Life Behind Glass,Side-Codex,SE-518,,I / α,Lament,N/A,N/A,Master Side-Codex Dossier & Extraction Rules,N/A,Registry_489_to_519,SOMNARAK-WORLD/MAW_Codex_Sets/Registry_489_to_519/SE-518-A__SIDE_CODEX_Life_Behind_Glass.md
SE-518-B,MAW-W-518-01,The Glass Requiem,Weapon,SE-518,Life Behind Glass,N/A,Damage,N/A,N/A,DMG: Variable | SPD: - | RNG: -,N/A,Registry_489_to_519,SOMNARAK-WORLD/MAW_Codex_Sets/Registry_489_to_519/SE-518-B__MAW-W_The_Glass_Requiem.md
SE-518-C,MAW-S-518-01,The Glass Shroud,Suit,SE-518,Life Behind Glass,N/A,N/A,N/A,N/A,Standard Attire Resistances,N/A,Registry_489_to_519,SOMNARAK-WORLD/MAW_Codex_Sets/Registry_489_to_519/SE-518-C__MAW-S_The_Glass_Shroud.md
SE-518-D,MAW-G-518-01,The Glass Shard,Gift,SE-518,Life Behind Glass,N/A,** α / Lament,N/A,N/A,Slot: Accessory | Bestowal: 5%,N/A,Registry_489_to_519,SOMNARAK-WORLD/MAW_Codex_Sets/Registry_489_to_519/SE-518-D__MAW-G_The_Glass_Shard.md
SE-519-A,SE-519-A,Mourning a Life I Never Lived,Side-Codex,SE-519,,I / α,Void,N/A,N/A,Master Side-Codex Dossier & Extraction Rules,N/A,Registry_489_to_519,SOMNARAK-WORLD/MAW_Codex_Sets/Registry_489_to_519/SE-519-A__SIDE_CODEX_Mourning_a_Life_I_Never_Lived.md
SE-519-B,MAW-W-519-01,The Empty Lens,Weapon,SE-519,Mourning a Life I Never Lived,N/A,Damage,N/A,N/A,DMG: Variable | SPD: - | RNG: -,N/A,Registry_489_to_519,SOMNARAK-WORLD/MAW_Codex_Sets/Registry_489_to_519/SE-519-B__MAW-W_The_Empty_Lens.md
SE-519-C,MAW-S-519-01,The Empty Veil,Suit,SE-519,Mourning a Life I Never Lived,N/A,N/A,N/A,N/A,Standard Attire Resistances,N/A,Registry_489_to_519,SOMNARAK-WORLD/MAW_Codex_Sets/Registry_489_to_519/SE-519-C__MAW-S_The_Empty_Veil.md
SE-519-D,MAW-G-519-01,The Empty Seed,Gift,SE-519,Mourning a Life I Never Lived,N/A,** α / Void,N/A,N/A,Slot: Accessory | Bestowal: 5%,N/A,Registry_489_to_519,SOMNARAK-WORLD/MAW_Codex_Sets/Registry_489_to_519/SE-519-D__MAW-G_The_Empty_Seed.md
SE-525-A,SE-525-A,Cenotaph,Side-Codex,SE-525,,IV / δ,Grudge,N/A,N/A,Master Side-Codex Dossier & Extraction Rules,N/A,Registry_525_to_559,SOMNARAK-WORLD/MAW_Codex_Sets/Registry_525_to_559/SE-525-A__SIDE_CODEX_Cenotaph.md
SE-525-B,MAW-W-525-01,Cenotaph Fang,Weapon,SE-525,Cenotaph,N/A,Damage,N/A,N/A,DMG: Variable | SPD: - | RNG: -,N/A,Registry_525_to_559,SOMNARAK-WORLD/MAW_Codex_Sets/Registry_525_to_559/SE-525-B__MAW-W_Cenotaph_Fang.md
SE-525-C,MAW-S-525-01,Cenotaph Plate,Suit,SE-525,Cenotaph,N/A,N/A,N/A,N/A,Standard Attire Resistances,N/A,Registry_525_to_559,SOMNARAK-WORLD/MAW_Codex_Sets/Registry_525_to_559/SE-525-C__MAW-S_Cenotaph_Plate.md
SE-525-D,MAW-G-525-01,Cenotaph Ring,Gift,SE-525,Cenotaph,N/A,** α / Grudge,N/A,N/A,Slot: Accessory | Bestowal: 5%,N/A,Registry_525_to_559,SOMNARAK-WORLD/MAW_Codex_Sets/Registry_525_to_559/SE-525-D__MAW-G_Cenotaph_Ring.md
SE-554-A,SE-554-A,Fallow,Side-Codex,SE-554,,I / α,Lament,N/A,N/A,Master Side-Codex Dossier & Extraction Rules,N/A,Registry_525_to_559,SOMNARAK-WORLD/MAW_Codex_Sets/Registry_525_to_559/SE-554-A__SIDE_CODEX_Fallow.md
SE-554-B,MAW-W-554-01,Fallow Requiem,Weapon,SE-554,Fallow,N/A,Damage,N/A,N/A,DMG: Variable | SPD: - | RNG: -,N/A,Registry_525_to_559,SOMNARAK-WORLD/MAW_Codex_Sets/Registry_525_to_559/SE-554-B__MAW-W_Fallow_Requiem.md
SE-554-C,MAW-S-554-01,Fallow Shroud,Suit,SE-554,Fallow,N/A,N/A,N/A,N/A,Standard Attire Resistances,N/A,Registry_525_to_559,SOMNARAK-WORLD/MAW_Codex_Sets/Registry_525_to_559/SE-554-C__MAW-S_Fallow_Shroud.md
SE-554-D,MAW-G-554-01,Fallow Core,Gift,SE-554,Fallow,N/A,** α / Lament,N/A,N/A,Slot: Accessory | Bestowal: 5%,N/A,Registry_525_to_559,SOMNARAK-WORLD/MAW_Codex_Sets/Registry_525_to_559/SE-554-D__MAW-G_Fallow_Core.md
SE-558-A,SE-558-A,Emberroot,Side-Codex,SE-558,,III / γ,Weight (Black),N/A,N/A,Master Side-Codex Dossier & Extraction Rules,N/A,Registry_525_to_559,SOMNARAK-WORLD/MAW_Codex_Sets/Registry_525_to_559/SE-558-A__SIDE_CODEX_Emberroot.md
SE-558-B,MAW-W-558-01,The Familiar Maul,Weapon,SE-558,Emberroot,N/A,γ / Weight,N/A,N/A,DMG: Variable | SPD: - | RNG: -,N/A,Registry_525_to_559,SOMNARAK-WORLD/MAW_Codex_Sets/Registry_525_to_559/SE-558-B__MAW-W_The_Familiar_Maul.md
SE-558-C,MAW-S-558-01,The Familiar Burden,Suit,SE-558,Emberroot,N/A,γ / Weight,N/A,N/A,Standard Attire Resistances,N/A,Registry_525_to_559,SOMNARAK-WORLD/MAW_Codex_Sets/Registry_525_to_559/SE-558-C__MAW-S_The_Familiar_Burden.md
SE-558-D,MAW-G-558-01,The Familiar Charm,Gift,SE-558,Emberroot,N/A,γ / Weight,N/A,N/A,Slot: Accessory | Bestowal: 5%,N/A,Registry_525_to_559,SOMNARAK-WORLD/MAW_Codex_Sets/Registry_525_to_559/SE-558-D__MAW-G_The_Familiar_Charm.md
SE-559-A,SE-559-A,Souvenir,Side-Codex,SE-559,,III / γ,Lament (Deep Blue),N/A,N/A,Master Side-Codex Dossier & Extraction Rules,N/A,Registry_525_to_559,SOMNARAK-WORLD/MAW_Codex_Sets/Registry_525_to_559/SE-559-A__SIDE_CODEX_Souvenir.md
SE-559-B,MAW-W-559-01,The Ruin Requiem,Weapon,SE-559,Souvenir,N/A,γ / Lament,N/A,N/A,DMG: Variable | SPD: - | RNG: -,N/A,Registry_525_to_559,SOMNARAK-WORLD/MAW_Codex_Sets/Registry_525_to_559/SE-559-B__MAW-W_The_Ruin_Requiem.md
SE-559-C,MAW-S-559-01,The Ruin Shroud,Suit,SE-559,Souvenir,N/A,γ / Lament,N/A,N/A,Standard Attire Resistances,N/A,Registry_525_to_559,SOMNARAK-WORLD/MAW_Codex_Sets/Registry_525_to_559/SE-559-C__MAW-S_The_Ruin_Shroud.md
SE-559-D,MAW-G-559-01,The Ruin Fragment,Gift,SE-559,Souvenir,N/A,γ / Lament,N/A,N/A,Slot: Accessory | Bestowal: 5%,N/A,Registry_525_to_559,SOMNARAK-WORLD/MAW_Codex_Sets/Registry_525_to_559/SE-559-D__MAW-G_The_Ruin_Fragment.md
SE-560-A,SE-560-A,Dismissed Cry,Side-Codex,SE-560,,II / β,Grudge (Crimson),N/A,N/A,Master Side-Codex Dossier & Extraction Rules,N/A,Registry_560_to_585,SOMNARAK-WORLD/MAW_Codex_Sets/Registry_560_to_585/SE-560-A__SIDE_CODEX_Dismissed_Cry.md
SE-560-B,MAW-W-560-01,The Scream Shard,Weapon,SE-560,Dismissed Cry,N/A,β / Grudge,N/A,N/A,DMG: Variable | SPD: - | RNG: -,N/A,Registry_560_to_585,SOMNARAK-WORLD/MAW_Codex_Sets/Registry_560_to_585/SE-560-B__MAW-W_The_Scream_Shard.md
SE-560-C,MAW-S-560-01,The Scream Plate,Suit,SE-560,Dismissed Cry,N/A,β / Grudge,N/A,N/A,Standard Attire Resistances,N/A,Registry_560_to_585,SOMNARAK-WORLD/MAW_Codex_Sets/Registry_560_to_585/SE-560-C__MAW-S_The_Scream_Plate.md
SE-560-D,MAW-G-560-01,The Scream Charm,Gift,SE-560,Dismissed Cry,N/A,β / Grudge,N/A,N/A,Slot: Accessory | Bestowal: 5%,N/A,Registry_560_to_585,SOMNARAK-WORLD/MAW_Codex_Sets/Registry_560_to_585/SE-560-D__MAW-G_The_Scream_Charm.md
SE-565-A,SE-565-A,Upwell,Side-Codex,SE-565,,II / β,Grudge (Crimson),N/A,N/A,Master Side-Codex Dossier & Extraction Rules,N/A,Registry_560_to_585,SOMNARAK-WORLD/MAW_Codex_Sets/Registry_560_to_585/SE-565-A__SIDE_CODEX_Upwell.md
SE-565-B,MAW-W-565-01,Upwell Fang,Weapon,SE-565,Upwell,N/A,α / Grudge,N/A,N/A,DMG: Variable | SPD: - | RNG: -,N/A,Registry_560_to_585,SOMNARAK-WORLD/MAW_Codex_Sets/Registry_560_to_585/SE-565-B__MAW-W_Upwell_Fang.md
SE-565-C,MAW-S-565-01,Upwell Plate,Suit,SE-565,Upwell,N/A,α / Grudge,N/A,N/A,Standard Attire Resistances,N/A,Registry_560_to_585,SOMNARAK-WORLD/MAW_Codex_Sets/Registry_560_to_585/SE-565-C__MAW-S_Upwell_Plate.md
SE-565-D,MAW-G-565-01,Upwell Lantern,Gift,SE-565,Upwell,N/A,α / Grudge,N/A,N/A,Slot: Accessory | Bestowal: 5%,N/A,Registry_560_to_585,SOMNARAK-WORLD/MAW_Codex_Sets/Registry_560_to_585/SE-565-D__MAW-G_Upwell_Lantern.md
SE-585-A,SE-585-A,Rootless,Side-Codex,SE-585,,III / γ,Lament (Deep Blue),N/A,N/A,Master Side-Codex Dossier & Extraction Rules,N/A,Registry_560_to_585,SOMNARAK-WORLD/MAW_Codex_Sets/Registry_560_to_585/SE-585-A__SIDE_CODEX_Rootless.md
SE-585-B,MAW-W-585-01,The Floating Root,Weapon,SE-585,Rootless,N/A,γ / Lament,N/A,N/A,DMG: Variable | SPD: - | RNG: -,N/A,Registry_560_to_585,SOMNARAK-WORLD/MAW_Codex_Sets/Registry_560_to_585/SE-585-B__MAW-W_The_Floating_Root.md
SE-585-C,MAW-S-585-01,The Floating Shroud,Suit,SE-585,Rootless,N/A,γ / Lament,N/A,N/A,Standard Attire Resistances,N/A,Registry_560_to_585,SOMNARAK-WORLD/MAW_Codex_Sets/Registry_560_to_585/SE-585-C__MAW-S_The_Floating_Shroud.md
SE-585-D,MAW-G-585-01,The Floating Charm,Gift,SE-585,Rootless,N/A,γ / Lament,N/A,N/A,Slot: Accessory | Bestowal: 5%,N/A,Registry_560_to_585,SOMNARAK-WORLD/MAW_Codex_Sets/Registry_560_to_585/SE-585-D__MAW-G_The_Floating_Charm.md
SE-589-A,SE-589-A,Nemo,Side-Codex,SE-589,,III / γ,Lament (Deep Blue),N/A,N/A,Master Side-Codex Dossier & Extraction Rules,N/A,Registry_589_to_617,SOMNARAK-WORLD/MAW_Codex_Sets/Registry_589_to_617/SE-589-A__SIDE_CODEX_Nemo.md
SE-589-B,MAW-W-589-01,Nemo’s Blade,Weapon,SE-589,Nemo,N/A,β / Lament,N/A,N/A,DMG: Variable | SPD: - | RNG: -,N/A,Registry_589_to_617,SOMNARAK-WORLD/MAW_Codex_Sets/Registry_589_to_617/SE-589-B__MAW-W_Nemos_Blade.md
SE-589-C,MAW-S-589-01,Nemo’s Shroud,Suit,SE-589,Nemo,N/A,β / Lament,N/A,N/A,Standard Attire Resistances,N/A,Registry_589_to_617,SOMNARAK-WORLD/MAW_Codex_Sets/Registry_589_to_617/SE-589-C__MAW-S_Nemos_Shroud.md
SE-589-D,MAW-G-589-01,Nemo’s Charm,Gift,SE-589,Nemo,N/A,β / Lament,N/A,N/A,Slot: Accessory | Bestowal: 5%,N/A,Registry_589_to_617,SOMNARAK-WORLD/MAW_Codex_Sets/Registry_589_to_617/SE-589-D__MAW-G_Nemos_Charm.md
SE-606-A,SE-606-A,Banyan,Side-Codex,SE-606,,IV / δ,Lament (Deep Blue),N/A,N/A,Master Side-Codex Dossier & Extraction Rules,N/A,Registry_589_to_617,SOMNARAK-WORLD/MAW_Codex_Sets/Registry_589_to_617/SE-606-A__SIDE_CODEX_Banyan.md
SE-606-B,MAW-W-606-01,The Sunken Requiem,Weapon,SE-606,Banyan,N/A,δ / Lament,N/A,N/A,DMG: Variable | SPD: - | RNG: -,N/A,Registry_589_to_617,SOMNARAK-WORLD/MAW_Codex_Sets/Registry_589_to_617/SE-606-B__MAW-W_The_Sunken_Requiem.md
SE-606-C,MAW-S-606-01,The Sunken Shroud,Suit,SE-606,Banyan,N/A,δ / Lament,N/A,N/A,Standard Attire Resistances,N/A,Registry_589_to_617,SOMNARAK-WORLD/MAW_Codex_Sets/Registry_589_to_617/SE-606-C__MAW-S_The_Sunken_Shroud.md
SE-606-D,MAW-G-606-01,The Sunken Root,Gift,SE-606,Banyan,N/A,δ / Lament,N/A,N/A,Slot: Accessory | Bestowal: 5%,N/A,Registry_589_to_617,SOMNARAK-WORLD/MAW_Codex_Sets/Registry_589_to_617/SE-606-D__MAW-G_The_Sunken_Root.md
SE-609-A,SE-609-A,Thousand Hands,Side-Codex,SE-609,,III / γ,Lament (Deep Blue),N/A,N/A,Master Side-Codex Dossier & Extraction Rules,N/A,Registry_589_to_617,SOMNARAK-WORLD/MAW_Codex_Sets/Registry_589_to_617/SE-609-A__SIDE_CODEX_Thousand_Hands.md
SE-609-B,MAW-W-609-01,Thousand Hands Requiem,Weapon,SE-609,Thousand Hands,N/A,γ / Lament,N/A,N/A,DMG: Variable | SPD: - | RNG: -,N/A,Registry_589_to_617,SOMNARAK-WORLD/MAW_Codex_Sets/Registry_589_to_617/SE-609-B__MAW-W_Thousand_Hands_Requiem.md
SE-609-C,MAW-S-609-01,Thousand Hands Shield,Suit,SE-609,Thousand Hands,N/A,γ / Lament,N/A,N/A,Standard Attire Resistances,N/A,Registry_589_to_617,SOMNARAK-WORLD/MAW_Codex_Sets/Registry_589_to_617/SE-609-C__MAW-S_Thousand_Hands_Shield.md
SE-609-D,MAW-G-609-01,Thousand Hands Charm,Gift,SE-609,Thousand Hands,N/A,γ / Lament,N/A,N/A,Slot: Accessory | Bestowal: 5%,N/A,Registry_589_to_617,SOMNARAK-WORLD/MAW_Codex_Sets/Registry_589_to_617/SE-609-D__MAW-G_Thousand_Hands_Charm.md
SE-611-A,SE-611-A,Somnalith,Side-Codex,SE-611,,IV / δ,Void (Pale White),N/A,N/A,Master Side-Codex Dossier & Extraction Rules,N/A,Registry_589_to_617,SOMNARAK-WORLD/MAW_Codex_Sets/Registry_589_to_617/SE-611-A__SIDE_CODEX_Somnalith.md
SE-611-B,MAW-W-611-01,Somnalith Lens,Weapon,SE-611,Somnalith,N/A,α / Void,N/A,N/A,DMG: Variable | SPD: - | RNG: -,N/A,Registry_589_to_617,SOMNARAK-WORLD/MAW_Codex_Sets/Registry_589_to_617/SE-611-B__MAW-W_Somnalith_Lens.md
SE-611-C,MAW-S-611-01,Somnalith Veil,Suit,SE-611,Somnalith,N/A,α / Void,N/A,N/A,Standard Attire Resistances,N/A,Registry_589_to_617,SOMNARAK-WORLD/MAW_Codex_Sets/Registry_589_to_617/SE-611-C__MAW-S_Somnalith_Veil.md
SE-611-D,MAW-G-611-01,Somnalith Vial,Gift,SE-611,Somnalith,N/A,α / Void,N/A,N/A,Slot: Accessory | Bestowal: 5%,N/A,Registry_589_to_617,SOMNARAK-WORLD/MAW_Codex_Sets/Registry_589_to_617/SE-611-D__MAW-G_Somnalith_Vial.md
SE-617-A,SE-617-A,Exiles Wall,Side-Codex,SE-617,,III / γ,Grudge (Crimson),N/A,N/A,Master Side-Codex Dossier & Extraction Rules,N/A,Registry_589_to_617,SOMNARAK-WORLD/MAW_Codex_Sets/Registry_589_to_617/SE-617-A__SIDE_CODEX_Exiles_Wall.md
SE-617-B,MAW-W-617-01,Exiles’ Wall Fang,Weapon,SE-617,Exiles’ Wall,N/A,α / Grudge,N/A,N/A,DMG: Variable | SPD: - | RNG: -,N/A,Registry_589_to_617,SOMNARAK-WORLD/MAW_Codex_Sets/Registry_589_to_617/SE-617-B__MAW-W_Exiles_Wall_Fang.md
SE-617-C,MAW-S-617-01,Exiles’ Wall Plate,Suit,SE-617,Exiles’ Wall,N/A,α / Grudge,N/A,N/A,Standard Attire Resistances,N/A,Registry_589_to_617,SOMNARAK-WORLD/MAW_Codex_Sets/Registry_589_to_617/SE-617-C__MAW-S_Exiles_Wall_Plate.md
SE-617-D,MAW-G-617-01,Exiles’ Wall Ring,Gift,SE-617,Exiles’ Wall,N/A,α / Grudge,N/A,N/A,Slot: Accessory | Bestowal: 5%,N/A,Registry_589_to_617,SOMNARAK-WORLD/MAW_Codex_Sets/Registry_589_to_617/SE-617-D__MAW-G_Exiles_Wall_Ring.md
SE-622-A,SE-622-A,Vestige,Side-Codex,SE-622,,I / α,Grudge (Crimson),N/A,N/A,Master Side-Codex Dossier & Extraction Rules,N/A,Registry_622_to_641,SOMNARAK-WORLD/MAW_Codex_Sets/Registry_622_to_641/SE-622-A__SIDE_CODEX_Vestige.md
SE-622-B,MAW-W-622-01,Vestige Fang,Weapon,SE-622,Vestige,N/A,α / Grudge,N/A,N/A,DMG: Variable | SPD: - | RNG: -,N/A,Registry_622_to_641,SOMNARAK-WORLD/MAW_Codex_Sets/Registry_622_to_641/SE-622-B__MAW-W_Vestige_Fang.md
SE-622-C,MAW-S-622-01,Vestige Plate,Suit,SE-622,Vestige,N/A,α / Grudge,N/A,N/A,Standard Attire Resistances,N/A,Registry_622_to_641,SOMNARAK-WORLD/MAW_Codex_Sets/Registry_622_to_641/SE-622-C__MAW-S_Vestige_Plate.md
SE-622-D,MAW-G-622-01,Vestige Pendant,Gift,SE-622,Vestige,N/A,α / Grudge,N/A,N/A,Slot: Accessory | Bestowal: 5%,N/A,Registry_622_to_641,SOMNARAK-WORLD/MAW_Codex_Sets/Registry_622_to_641/SE-622-D__MAW-G_Vestige_Pendant.md
SE-627-A,SE-627-A,Harvest Beyond the Gate,Side-Codex,SE-627,,II / β,Grudge (Crimson),N/A,N/A,Master Side-Codex Dossier & Extraction Rules,N/A,Registry_622_to_641,SOMNARAK-WORLD/MAW_Codex_Sets/Registry_622_to_641/SE-627-A__SIDE_CODEX_Harvest_Beyond_the_Gate.md
SE-627-B,MAW-W-627-01,The Melting Fang,Weapon,SE-627,Harvest Beyond the Gate,N/A,β / Grudge,N/A,N/A,DMG: Variable | SPD: - | RNG: -,N/A,Registry_622_to_641,SOMNARAK-WORLD/MAW_Codex_Sets/Registry_622_to_641/SE-627-B__MAW-W_The_Melting_Fang.md
SE-627-C,MAW-S-627-01,The Melting Plate,Suit,SE-627,Harvest Beyond the Gate,N/A,β / Grudge,N/A,N/A,Standard Attire Resistances,N/A,Registry_622_to_641,SOMNARAK-WORLD/MAW_Codex_Sets/Registry_622_to_641/SE-627-C__MAW-S_The_Melting_Plate.md
SE-627-D,MAW-G-627-01,The Melting Seed,Gift,SE-627,Harvest Beyond the Gate,N/A,β / Grudge,N/A,N/A,Slot: Accessory | Bestowal: 5%,N/A,Registry_622_to_641,SOMNARAK-WORLD/MAW_Codex_Sets/Registry_622_to_641/SE-627-D__MAW-G_The_Melting_Seed.md
SE-628-A,SE-628-A,Patrimoine,Side-Codex,SE-628,,III / γ,Weight (Black),N/A,N/A,Master Side-Codex Dossier & Extraction Rules,N/A,Registry_622_to_641,SOMNARAK-WORLD/MAW_Codex_Sets/Registry_622_to_641/SE-628-A__SIDE_CODEX_Patrimoine.md
SE-628-B,MAW-W-628-01,Patrimoine Maul,Weapon,SE-628,Patrimoine,N/A,α / Weight,N/A,N/A,DMG: Variable | SPD: - | RNG: -,N/A,Registry_622_to_641,SOMNARAK-WORLD/MAW_Codex_Sets/Registry_622_to_641/SE-628-B__MAW-W_Patrimoine_Maul.md
SE-628-C,MAW-S-628-01,Patrimoine Mantle,Suit,SE-628,Patrimoine,N/A,α / Weight,N/A,N/A,Standard Attire Resistances,N/A,Registry_622_to_641,SOMNARAK-WORLD/MAW_Codex_Sets/Registry_622_to_641/SE-628-C__MAW-S_Patrimoine_Mantle.md
SE-628-D,MAW-G-628-01,Patrimoine Vial,Gift,SE-628,Patrimoine,N/A,α / Weight,N/A,N/A,Slot: Accessory | Bestowal: 5%,N/A,Registry_622_to_641,SOMNARAK-WORLD/MAW_Codex_Sets/Registry_622_to_641/SE-628-D__MAW-G_Patrimoine_Vial.md
SE-631-A,SE-631-A,Errant,Side-Codex,SE-631,,I / α,Weight (Black),N/A,N/A,Master Side-Codex Dossier & Extraction Rules,N/A,Registry_622_to_641,SOMNARAK-WORLD/MAW_Codex_Sets/Registry_622_to_641/SE-631-A__SIDE_CODEX_Errant.md
SE-631-B,MAW-W-631-01,The Rootless Maul,Weapon,SE-631,Errant,N/A,α / Weight,N/A,N/A,DMG: Variable | SPD: - | RNG: -,N/A,Registry_622_to_641,SOMNARAK-WORLD/MAW_Codex_Sets/Registry_622_to_641/SE-631-B__MAW-W_The_Rootless_Maul.md
SE-631-C,MAW-S-631-01,The Rootless Mantle,Suit,SE-631,Errant,N/A,α / Weight,N/A,N/A,Standard Attire Resistances,N/A,Registry_622_to_641,SOMNARAK-WORLD/MAW_Codex_Sets/Registry_622_to_641/SE-631-C__MAW-S_The_Rootless_Mantle.md
SE-631-D,MAW-G-631-01,The Rootless Charm,Gift,SE-631,Errant,N/A,α / Weight,N/A,N/A,Slot: Accessory | Bestowal: 5%,N/A,Registry_622_to_641,SOMNARAK-WORLD/MAW_Codex_Sets/Registry_622_to_641/SE-631-D__MAW-G_The_Rootless_Charm.md
SE-641-A,SE-641-A,Home to No One Who Knew Me,Side-Codex,SE-641,,IV / δ,Grudge (Crimson),N/A,N/A,Master Side-Codex Dossier & Extraction Rules,N/A,Registry_622_to_641,SOMNARAK-WORLD/MAW_Codex_Sets/Registry_622_to_641/SE-641-A__SIDE_CODEX_Home_to_No_One_Who_Knew_Me.md
SE-641-B,MAW-W-641-01,Home to No One Who Knew Me’s Fang,Weapon,SE-641,Home to No One Who Knew Me,N/A,δ / Grudge,N/A,N/A,DMG: Variable | SPD: - | RNG: -,N/A,Registry_622_to_641,SOMNARAK-WORLD/MAW_Codex_Sets/Registry_622_to_641/SE-641-B__MAW-W_Home_to_No_One_Who_Knew_Mes_Fang.md
SE-641-C,MAW-S-641-01,Home to No One Who Knew Me’s Plate,Suit,SE-641,Home to No One Who Knew Me,N/A,δ / Grudge,N/A,N/A,Standard Attire Resistances,N/A,Registry_622_to_641,SOMNARAK-WORLD/MAW_Codex_Sets/Registry_622_to_641/SE-641-C__MAW-S_Home_to_No_One_Who_Knew_Mes_Plate.md
SE-641-D,MAW-G-641-01,Home to No One Who Knew Me’s Ember,Gift,SE-641,Home to No One Who Knew Me,N/A,δ / Grudge,N/A,N/A,Slot: Accessory | Bestowal: 5%,N/A,Registry_622_to_641,SOMNARAK-WORLD/MAW_Codex_Sets/Registry_622_to_641/SE-641-D__MAW-G_Home_to_No_One_Who_Knew_Mes_Ember.md
SE-643-A,SE-643-A,Vanity,Side-Codex,SE-643,,I / α,Grudge,N/A,N/A,Master Side-Codex Dossier & Extraction Rules,N/A,Registry_643_to_677,SOMNARAK-WORLD/MAW_Codex_Sets/Registry_643_to_677/SE-643-A__SIDE_CODEX_Vanity.md
SE-643-B,MAW-W-643-01,The Frozen Fang,Weapon,SE-643,Vanity,N/A,Damage,N/A,N/A,DMG: Variable | SPD: - | RNG: -,N/A,Registry_643_to_677,SOMNARAK-WORLD/MAW_Codex_Sets/Registry_643_to_677/SE-643-B__MAW-W_The_Frozen_Fang.md
SE-643-C,MAW-S-643-01,The Frozen Plate,Suit,SE-643,Vanity,N/A,** α / Grudge,N/A,N/A,Standard Attire Resistances,N/A,Registry_643_to_677,SOMNARAK-WORLD/MAW_Codex_Sets/Registry_643_to_677/SE-643-C__MAW-S_The_Frozen_Plate.md
SE-643-D,MAW-G-643-01,The Frozen Reflection,Gift,SE-643,Vanity,N/A,** α / Grudge,N/A,N/A,Slot: Accessory | Bestowal: 5%,N/A,Registry_643_to_677,SOMNARAK-WORLD/MAW_Codex_Sets/Registry_643_to_677/SE-643-D__MAW-G_The_Frozen_Reflection.md
SE-649-A,SE-649-A,Unborn Monument,Side-Codex,SE-649,,III / γ,Void,N/A,N/A,Master Side-Codex Dossier & Extraction Rules,N/A,Registry_643_to_677,SOMNARAK-WORLD/MAW_Codex_Sets/Registry_643_to_677/SE-649-A__SIDE_CODEX_Unborn_Monument.md
SE-649-B,MAW-W-649-01,The Missing Lens,Weapon,SE-649,Unborn Monument,N/A,Damage,N/A,N/A,DMG: Variable | SPD: - | RNG: -,N/A,Registry_643_to_677,SOMNARAK-WORLD/MAW_Codex_Sets/Registry_643_to_677/SE-649-B__MAW-W_The_Missing_Lens.md
SE-649-C,MAW-S-649-01,The Missing Column,Suit,SE-649,Unborn Monument,N/A,** γ / Void,N/A,N/A,Standard Attire Resistances,N/A,Registry_643_to_677,SOMNARAK-WORLD/MAW_Codex_Sets/Registry_643_to_677/SE-649-C__MAW-S_The_Missing_Column.md
SE-649-D,MAW-G-649-01,The Missing Charm,Gift,SE-649,Unborn Monument,N/A,** γ / Void,N/A,N/A,Slot: Accessory | Bestowal: 5%,N/A,Registry_643_to_677,SOMNARAK-WORLD/MAW_Codex_Sets/Registry_643_to_677/SE-649-D__MAW-G_The_Missing_Charm.md
SE-651-A,SE-651-A,Relic Waiting for Its Maker,Side-Codex,SE-651,,III / γ,Void,N/A,N/A,Master Side-Codex Dossier & Extraction Rules,N/A,Registry_643_to_677,SOMNARAK-WORLD/MAW_Codex_Sets/Registry_643_to_677/SE-651-A__SIDE_CODEX_Relic_Waiting_for_Its_Maker.md
SE-651-B,MAW-W-651-01,Relic Waiting for Its Maker’s Lens,Weapon,SE-651,Relic Waiting for Its Maker,N/A,Damage,N/A,N/A,DMG: Variable | SPD: - | RNG: -,N/A,Registry_643_to_677,SOMNARAK-WORLD/MAW_Codex_Sets/Registry_643_to_677/SE-651-B__MAW-W_Relic_Waiting_for_Its_Makers_Lens.md
SE-651-C,MAW-S-651-01,Relic Waiting for Its Maker’s Cover,Suit,SE-651,Relic Waiting for Its Maker,N/A,** γ / Void,N/A,N/A,Standard Attire Resistances,N/A,Registry_643_to_677,SOMNARAK-WORLD/MAW_Codex_Sets/Registry_643_to_677/SE-651-C__MAW-S_Relic_Waiting_for_Its_Makers_Cover.md
SE-651-D,MAW-G-651-01,Relic Waiting for Its Maker’s Charm,Gift,SE-651,Relic Waiting for Its Maker,N/A,** γ / Void,N/A,N/A,Slot: Accessory | Bestowal: 5%,N/A,Registry_643_to_677,SOMNARAK-WORLD/MAW_Codex_Sets/Registry_643_to_677/SE-651-D__MAW-G_Relic_Waiting_for_Its_Makers_Charm.md
SE-668-A,SE-668-A,Frozen Fury,Side-Codex,SE-668,,IV / δ,Void,N/A,N/A,Master Side-Codex Dossier & Extraction Rules,N/A,Registry_643_to_677,SOMNARAK-WORLD/MAW_Codex_Sets/Registry_643_to_677/SE-668-A__SIDE_CODEX_Frozen_Fury.md
SE-668-B,MAW-W-668-01,Frozen Fury Lens,Weapon,SE-668,Frozen Fury,N/A,Damage,N/A,N/A,DMG: Variable | SPD: - | RNG: -,N/A,Registry_643_to_677,SOMNARAK-WORLD/MAW_Codex_Sets/Registry_643_to_677/SE-668-B__MAW-W_Frozen_Fury_Lens.md
SE-668-C,MAW-S-668-01,Frozen Fury Veil,Suit,SE-668,Frozen Fury,N/A,** δ / Void,N/A,N/A,Standard Attire Resistances,N/A,Registry_643_to_677,SOMNARAK-WORLD/MAW_Codex_Sets/Registry_643_to_677/SE-668-C__MAW-S_Frozen_Fury_Veil.md
SE-668-D,MAW-G-668-01,Frozen Fury Bracelet,Gift,SE-668,Frozen Fury,N/A,** δ / Void,N/A,N/A,Slot: Accessory | Bestowal: 5%,N/A,Registry_643_to_677,SOMNARAK-WORLD/MAW_Codex_Sets/Registry_643_to_677/SE-668-D__MAW-G_Frozen_Fury_Bracelet.md
SE-677-A,SE-677-A,Tower Erased Overnight,Side-Codex,SE-677,,II / β,Grudge,N/A,N/A,Master Side-Codex Dossier & Extraction Rules,N/A,Registry_643_to_677,SOMNARAK-WORLD/MAW_Codex_Sets/Registry_643_to_677/SE-677-A__SIDE_CODEX_Tower_Erased_Overnight.md
SE-677-B,MAW-W-677-01,The Vanished Fang,Weapon,SE-677,Tower Erased Overnight,N/A,Damage,N/A,N/A,DMG: Variable | SPD: - | RNG: -,N/A,Registry_643_to_677,SOMNARAK-WORLD/MAW_Codex_Sets/Registry_643_to_677/SE-677-B__MAW-W_The_Vanished_Fang.md
SE-677-C,MAW-S-677-01,The Vanished Plate,Suit,SE-677,Tower Erased Overnight,N/A,** β / Grudge,N/A,N/A,Standard Attire Resistances,N/A,Registry_643_to_677,SOMNARAK-WORLD/MAW_Codex_Sets/Registry_643_to_677/SE-677-C__MAW-S_The_Vanished_Plate.md
SE-677-D,MAW-G-677-01,The Vanished Floor,Gift,SE-677,Tower Erased Overnight,N/A,** β / Grudge,N/A,N/A,Slot: Accessory | Bestowal: 5%,N/A,Registry_643_to_677,SOMNARAK-WORLD/MAW_Codex_Sets/Registry_643_to_677/SE-677-D__MAW-G_The_Vanished_Floor.md
SE-683-A,SE-683-A,Swallowed Fury,Side-Codex,SE-683,,I / α,"Grudge / Zone D, Forge District",N/A,N/A,Master Side-Codex Dossier & Extraction Rules,N/A,Registry_683_to_709,SOMNARAK-WORLD/MAW_Codex_Sets/Registry_683_to_709/SE-683-A__SIDE_CODEX_Swallowed_Fury.md
SE-683-B,MAW-W-683-01,Swallowed Fury’s Fang,Weapon,SE-683,Swallowed Fury,N/A,N/A,N/A,N/A,DMG: Variable | SPD: - | RNG: -,N/A,Registry_683_to_709,SOMNARAK-WORLD/MAW_Codex_Sets/Registry_683_to_709/SE-683-B__MAW-W_Swallowed_Furys_Fang.md
SE-683-C,MAW-S-683-01,Swallowed Fury’s Plate,Suit,SE-683,Swallowed Fury,N/A,α/Grudge. Resistances L/G/V/W: 1.0/0.4/1.8/1.2; max5; 10 Echoes.**,N/A,N/A,Standard Attire Resistances,N/A,Registry_683_to_709,SOMNARAK-WORLD/MAW_Codex_Sets/Registry_683_to_709/SE-683-C__MAW-S_Swallowed_Furys_Plate.md
SE-683-D,MAW-G-683-01,Swallowed Fury’s Ember,Gift,SE-683,Swallowed Fury,N/A,N/A,N/A,N/A,Slot: Accessory | Bestowal: 5%,N/A,Registry_683_to_709,SOMNARAK-WORLD/MAW_Codex_Sets/Registry_683_to_709/SE-683-D__MAW-G_Swallowed_Furys_Ember.md
SE-686-A,SE-686-A,Window of a Thousand Goodbyes,Side-Codex,SE-686,,I / α,Grudge / Zone B deep tunnels,N/A,N/A,Master Side-Codex Dossier & Extraction Rules,N/A,Registry_683_to_709,SOMNARAK-WORLD/MAW_Codex_Sets/Registry_683_to_709/SE-686-A__SIDE_CODEX_Window_of_a_Thousand_Goodbyes.md
SE-686-B,MAW-W-686-01,Window of a Thousand Goodbyes Fang,Weapon,SE-686,Window of a Thousand Goodbyes,N/A,N/A,N/A,N/A,DMG: Variable | SPD: - | RNG: -,N/A,Registry_683_to_709,SOMNARAK-WORLD/MAW_Codex_Sets/Registry_683_to_709/SE-686-B__MAW-W_Window_of_a_Thousand_Goodbyes_Fang.md
SE-686-C,MAW-S-686-01,Window of a Thousand Goodbyes Plate,Suit,SE-686,Window of a Thousand Goodbyes,N/A,N/A,N/A,N/A,Standard Attire Resistances,N/A,Registry_683_to_709,SOMNARAK-WORLD/MAW_Codex_Sets/Registry_683_to_709/SE-686-C__MAW-S_Window_of_a_Thousand_Goodbyes_Plate.md
SE-686-D,MAW-G-686-01,Window of a Thousand Goodbyes Shard,Gift,SE-686,Window of a Thousand Goodbyes,N/A,N/A,N/A,N/A,Slot: Accessory | Bestowal: 5%,N/A,Registry_683_to_709,SOMNARAK-WORLD/MAW_Codex_Sets/Registry_683_to_709/SE-686-D__MAW-G_Window_of_a_Thousand_Goodbyes_Shard.md
SE-689-A,SE-689-A,Face Beneath Masks,Side-Codex,SE-689,,II / β,"Void / Zone C, Mask Market",N/A,N/A,Master Side-Codex Dossier & Extraction Rules,N/A,Registry_683_to_709,SOMNARAK-WORLD/MAW_Codex_Sets/Registry_683_to_709/SE-689-A__SIDE_CODEX_Face_Beneath_Masks.md
SE-689-B,MAW-W-689-01,The Wall Lens,Weapon,SE-689,Face Beneath Masks,N/A,N/A,N/A,N/A,DMG: Variable | SPD: - | RNG: -,N/A,Registry_683_to_709,SOMNARAK-WORLD/MAW_Codex_Sets/Registry_683_to_709/SE-689-B__MAW-W_The_Wall_Lens.md
SE-689-C,MAW-S-689-01,The Wall Veil,Suit,SE-689,Face Beneath Masks,N/A,N/A,N/A,N/A,Standard Attire Resistances,N/A,Registry_683_to_709,SOMNARAK-WORLD/MAW_Codex_Sets/Registry_683_to_709/SE-689-C__MAW-S_The_Wall_Veil.md
SE-689-D,MAW-G-689-01,The Wall Shard,Gift,SE-689,Face Beneath Masks,N/A,N/A,N/A,N/A,Slot: Accessory | Bestowal: 5%,N/A,Registry_683_to_709,SOMNARAK-WORLD/MAW_Codex_Sets/Registry_683_to_709/SE-689-D__MAW-G_The_Wall_Shard.md
SE-693-A,SE-693-A,Undercurrent,Side-Codex,SE-693,,IV / δ,"Weight / Zone B, Old Lament",N/A,N/A,Master Side-Codex Dossier & Extraction Rules,N/A,Registry_683_to_709,SOMNARAK-WORLD/MAW_Codex_Sets/Registry_683_to_709/SE-693-A__SIDE_CODEX_Undercurrent.md
SE-693-B,MAW-W-693-01,The Rootbound Maul,Weapon,SE-693,Undercurrent,N/A,N/A,N/A,N/A,DMG: Variable | SPD: - | RNG: -,N/A,Registry_683_to_709,SOMNARAK-WORLD/MAW_Codex_Sets/Registry_683_to_709/SE-693-B__MAW-W_The_Rootbound_Maul.md
SE-693-C,MAW-S-693-01,The Rootbound Mantle,Suit,SE-693,Undercurrent,N/A,N/A,N/A,N/A,Standard Attire Resistances,N/A,Registry_683_to_709,SOMNARAK-WORLD/MAW_Codex_Sets/Registry_683_to_709/SE-693-C__MAW-S_The_Rootbound_Mantle.md
SE-693-D,MAW-G-693-01,The Rootbound Staff,Gift,SE-693,Undercurrent,N/A,N/A,N/A,N/A,Slot: Accessory | Bestowal: 5%,N/A,Registry_683_to_709,SOMNARAK-WORLD/MAW_Codex_Sets/Registry_683_to_709/SE-693-D__MAW-G_The_Rootbound_Staff.md
SE-709-A,SE-709-A,Ungrievingness,Side-Codex,SE-709,,I / α,"Grudge / Zone A, Alpha Tree vault",N/A,N/A,Master Side-Codex Dossier & Extraction Rules,N/A,Registry_683_to_709,SOMNARAK-WORLD/MAW_Codex_Sets/Registry_683_to_709/SE-709-A__SIDE_CODEX_Ungrievingness.md
SE-709-B,MAW-W-709-01,Ungrievingness Fang,Weapon,SE-709,Ungrievingness,N/A,N/A,N/A,N/A,DMG: Variable | SPD: - | RNG: -,N/A,Registry_683_to_709,SOMNARAK-WORLD/MAW_Codex_Sets/Registry_683_to_709/SE-709-B__MAW-W_Ungrievingness_Fang.md
SE-709-C,MAW-S-709-01,Ungrievingness Plate,Suit,SE-709,Ungrievingness,N/A,N/A,N/A,N/A,Standard Attire Resistances,N/A,Registry_683_to_709,SOMNARAK-WORLD/MAW_Codex_Sets/Registry_683_to_709/SE-709-C__MAW-S_Ungrievingness_Plate.md
SE-709-D,MAW-G-709-01,Ungrievingness Shard,Gift,SE-709,Ungrievingness,N/A,N/A,N/A,N/A,Slot: Accessory | Bestowal: 5%,N/A,Registry_683_to_709,SOMNARAK-WORLD/MAW_Codex_Sets/Registry_683_to_709/SE-709-D__MAW-G_Ungrievingness_Shard.md
SE-716-A,SE-716-A,Double Mouth,Side-Codex,SE-716,,N/A,"Grudge / Zone D, Mantle Commons",N/A,N/A,Master Side-Codex Dossier & Extraction Rules,N/A,Registry_716_to_757,SOMNARAK-WORLD/MAW_Codex_Sets/Registry_716_to_757/SE-716-A__SIDE_CODEX_Double_Mouth.md
SE-716-B,MAW-W-716-01,The Twofold Fang,Weapon,SE-716,Double Mouth,N/A,** β / Grudge,N/A,N/A,DMG: Variable | SPD: - | RNG: -,N/A,Registry_716_to_757,SOMNARAK-WORLD/MAW_Codex_Sets/Registry_716_to_757/SE-716-B__MAW-W_The_Twofold_Fang.md
SE-716-C,MAW-S-716-01,The Twofold Plate,Suit,SE-716,Double Mouth,N/A,** β / Grudge,N/A,N/A,Standard Attire Resistances,N/A,Registry_716_to_757,SOMNARAK-WORLD/MAW_Codex_Sets/Registry_716_to_757/SE-716-C__MAW-S_The_Twofold_Plate.md
SE-716-D,MAW-G-716-01,The Twofold Voice,Gift,SE-716,Double Mouth,N/A,** β / Grudge,N/A,N/A,Slot: Accessory | Bestowal: 5%,N/A,Registry_716_to_757,SOMNARAK-WORLD/MAW_Codex_Sets/Registry_716_to_757/SE-716-D__MAW-G_The_Twofold_Voice.md
SE-720-A,SE-720-A,Aphasia,Side-Codex,SE-720,,N/A,"Grudge / Zone B, Old Lament — ambient",N/A,N/A,Master Side-Codex Dossier & Extraction Rules,N/A,Registry_716_to_757,SOMNARAK-WORLD/MAW_Codex_Sets/Registry_716_to_757/SE-720-A__SIDE_CODEX_Aphasia.md
SE-720-B,MAW-W-720-01,The Melted Fang,Weapon,SE-720,Aphasia,N/A,** α / Grudge,N/A,N/A,DMG: Variable | SPD: - | RNG: -,N/A,Registry_716_to_757,SOMNARAK-WORLD/MAW_Codex_Sets/Registry_716_to_757/SE-720-B__MAW-W_The_Melted_Fang.md
SE-720-C,MAW-S-720-01,The Melted Plate,Suit,SE-720,Aphasia,N/A,** α / Grudge,N/A,N/A,Standard Attire Resistances,N/A,Registry_716_to_757,SOMNARAK-WORLD/MAW_Codex_Sets/Registry_716_to_757/SE-720-C__MAW-S_The_Melted_Plate.md
SE-720-D,MAW-G-720-01,The Melted Word,Gift,SE-720,Aphasia,N/A,** α / Grudge,N/A,N/A,Slot: Accessory | Bestowal: 5%,N/A,Registry_716_to_757,SOMNARAK-WORLD/MAW_Codex_Sets/Registry_716_to_757/SE-720-D__MAW-G_The_Melted_Word.md
SE-723-A,SE-723-A,The Vanished Rope,Side-Codex,SE-723,,N/A,Lament / The Desolate — mobile,N/A,N/A,Master Side-Codex Dossier & Extraction Rules,N/A,Registry_716_to_757,SOMNARAK-WORLD/MAW_Codex_Sets/Registry_716_to_757/SE-723-A__SIDE_CODEX_The_Vanished_Rope.md
SE-723-B,MAW-W-723-01,The Severed Requiem,Weapon,SE-723,The Vanished Rope,N/A,** α / Lament,N/A,N/A,DMG: Variable | SPD: - | RNG: -,N/A,Registry_716_to_757,SOMNARAK-WORLD/MAW_Codex_Sets/Registry_716_to_757/SE-723-B__MAW-W_The_Severed_Requiem.md
SE-723-C,MAW-S-723-01,The Severed Shroud,Suit,SE-723,The Vanished Rope,N/A,** α / Lament,N/A,N/A,Standard Attire Resistances,N/A,Registry_716_to_757,SOMNARAK-WORLD/MAW_Codex_Sets/Registry_716_to_757/SE-723-C__MAW-S_The_Severed_Shroud.md
SE-723-D,MAW-G-723-01,The Severed Knot,Gift,SE-723,The Vanished Rope,N/A,** α / Lament,N/A,N/A,Slot: Accessory | Bestowal: 5%,N/A,Registry_716_to_757,SOMNARAK-WORLD/MAW_Codex_Sets/Registry_716_to_757/SE-723-D__MAW-G_The_Severed_Knot.md
SE-754-A,SE-754-A,Thralldom,Side-Codex,SE-754,,N/A,"Grudge / Zone B, Old Lament — ambient",N/A,N/A,Master Side-Codex Dossier & Extraction Rules,N/A,Registry_716_to_757,SOMNARAK-WORLD/MAW_Codex_Sets/Registry_716_to_757/SE-754-A__SIDE_CODEX_Thralldom.md
SE-754-B,MAW-W-754-01,The Wandering Fang,Weapon,SE-754,Thralldom,N/A,** α / Grudge,N/A,N/A,DMG: Variable | SPD: - | RNG: -,N/A,Registry_716_to_757,SOMNARAK-WORLD/MAW_Codex_Sets/Registry_716_to_757/SE-754-B__MAW-W_The_Wandering_Fang.md
SE-754-C,MAW-S-754-01,The Wandering Plate,Suit,SE-754,Thralldom,N/A,** α / Grudge,N/A,N/A,Standard Attire Resistances,N/A,Registry_716_to_757,SOMNARAK-WORLD/MAW_Codex_Sets/Registry_716_to_757/SE-754-C__MAW-S_The_Wandering_Plate.md
SE-754-D,MAW-G-754-01,The Wandering Link,Gift,SE-754,Thralldom,N/A,** α / Grudge,N/A,N/A,Slot: Accessory | Bestowal: 5%,N/A,Registry_716_to_757,SOMNARAK-WORLD/MAW_Codex_Sets/Registry_716_to_757/SE-754-D__MAW-G_The_Wandering_Link.md
SE-757-A,SE-757-A,Door to No One,Side-Codex,SE-757,,N/A,"Grudge / Zone D, Echo Gardens",N/A,N/A,Master Side-Codex Dossier & Extraction Rules,N/A,Registry_716_to_757,SOMNARAK-WORLD/MAW_Codex_Sets/Registry_716_to_757/SE-757-A__SIDE_CODEX_Door_to_No_One.md
SE-757-B,MAW-W-757-01,The Broken Fang,Weapon,SE-757,Door to No One,N/A,** β / Grudge,N/A,N/A,DMG: Variable | SPD: - | RNG: -,N/A,Registry_716_to_757,SOMNARAK-WORLD/MAW_Codex_Sets/Registry_716_to_757/SE-757-B__MAW-W_The_Broken_Fang.md
SE-757-C,MAW-S-757-01,The Broken Plate,Suit,SE-757,Door to No One,N/A,** β / Grudge,N/A,N/A,Standard Attire Resistances,N/A,Registry_716_to_757,SOMNARAK-WORLD/MAW_Codex_Sets/Registry_716_to_757/SE-757-C__MAW-S_The_Broken_Plate.md
SE-757-D,MAW-G-757-01,The Broken Hinge,Gift,SE-757,Door to No One,N/A,** β / Grudge,N/A,N/A,Slot: Accessory | Bestowal: 5%,N/A,Registry_716_to_757,SOMNARAK-WORLD/MAW_Codex_Sets/Registry_716_to_757/SE-757-D__MAW-G_The_Broken_Hinge.md
SE-762-A,SE-762-A,Grasp,Side-Codex,SE-762,,Entity (IV) / Critical (δ),"Lament (Deep Blue) / The Desolate, near The Scar",N/A,N/A,Master Side-Codex Dossier & Extraction Rules,N/A,Registry_762_to_801/762_Grasp,SOMNARAK-WORLD/MAW_Codex_Sets/Registry_762_to_801/762_Grasp/SE-762-A__SIDE_CODEX_Grasp.md
SE-762-B,MAW-W-762-01,Grasp Requiem,Weapon,SE-762,Grasp,N/A,** γ / Lament,N/A,N/A,DMG: Variable | SPD: - | RNG: -,N/A,Registry_762_to_801/762_Grasp,SOMNARAK-WORLD/MAW_Codex_Sets/Registry_762_to_801/762_Grasp/SE-762-B__MAW-W_Grasp_Requiem.md
SE-762-C,MAW-S-762-01,Grasp Shroud,Suit,SE-762,Grasp,N/A,** γ / Lament,N/A,N/A,Standard Attire Resistances,N/A,Registry_762_to_801/762_Grasp,SOMNARAK-WORLD/MAW_Codex_Sets/Registry_762_to_801/762_Grasp/SE-762-C__MAW-S_Grasp_Shroud.md
SE-762-D,MAW-G-762-01,Grasp Crown,Gift,SE-762,Grasp,N/A,** γ / Lament,N/A,N/A,Slot: Accessory | Bestowal: 5%,N/A,Registry_762_to_801/762_Grasp,SOMNARAK-WORLD/MAW_Codex_Sets/Registry_762_to_801/762_Grasp/SE-762-D__MAW-G_Grasp_Crown.md
SE-763-A,SE-763-A,Memorial Flame Mid Ceremony,Side-Codex,SE-763,,Entity (IV) / Critical (δ),"Lament (Deep Blue) / Zone A, Alpha Tree vault",N/A,N/A,Master Side-Codex Dossier & Extraction Rules,N/A,Registry_762_to_801/763_Memorial_Flame_Mid_Ceremony,SOMNARAK-WORLD/MAW_Codex_Sets/Registry_762_to_801/763_Memorial_Flame_Mid_Ceremony/SE-763-A__SIDE_CODEX_Memorial_Flame_Mid_Ceremony.md
SE-763-B,MAW-W-763-01,The Candelabrum Bodkin,Weapon,SE-763,Memorial Flame Mid-Ceremony,N/A,** δ / Lament,N/A,N/A,DMG: Variable | SPD: - | RNG: -,N/A,Registry_762_to_801/763_Memorial_Flame_Mid_Ceremony,SOMNARAK-WORLD/MAW_Codex_Sets/Registry_762_to_801/763_Memorial_Flame_Mid_Ceremony/SE-763-B__MAW-W_The_Absent_Requiem.md
SE-763-C,MAW-S-763-01,The Extinguished Mourner's Shroud,Suit,SE-763,Memorial Flame Mid-Ceremony,N/A,** δ / Lament,N/A,N/A,Standard Attire Resistances,N/A,Registry_762_to_801/763_Memorial_Flame_Mid_Ceremony,SOMNARAK-WORLD/MAW_Codex_Sets/Registry_762_to_801/763_Memorial_Flame_Mid_Ceremony/SE-763-C__MAW-S_The_Absent_Shroud.md
SE-763-D,MAW-G-763-01,The Purple Wick Stigma,Gift,SE-763,Memorial Flame Mid-Ceremony,N/A,** δ / Lament,N/A,N/A,Slot: Accessory | Bestowal: 5%,N/A,Registry_762_to_801/763_Memorial_Flame_Mid_Ceremony,SOMNARAK-WORLD/MAW_Codex_Sets/Registry_762_to_801/763_Memorial_Flame_Mid_Ceremony/SE-763-D__MAW-G_The_Absent_Flame.md
SE-767-A,SE-767-A,Swallow,Side-Codex,SE-767,,Entity (IV) / Critical (δ),"Lament (Deep Blue) / Zone A, Alpha Tree",N/A,N/A,Master Side-Codex Dossier & Extraction Rules,N/A,Registry_762_to_801/767_Swallow,SOMNARAK-WORLD/MAW_Codex_Sets/Registry_762_to_801/767_Swallow/SE-767-A__SIDE_CODEX_Swallow.md
SE-767-B,MAW-W-767-01,The Fading Requiem,Weapon,SE-767,Swallow,N/A,** δ / Lament,N/A,N/A,DMG: Variable | SPD: - | RNG: -,N/A,Registry_762_to_801/767_Swallow,SOMNARAK-WORLD/MAW_Codex_Sets/Registry_762_to_801/767_Swallow/SE-767-B__MAW-W_The_Fading_Requiem.md
SE-767-C,MAW-S-767-01,The Fading Veil,Suit,SE-767,Swallow,N/A,** δ / Lament,N/A,N/A,Standard Attire Resistances,N/A,Registry_762_to_801/767_Swallow,SOMNARAK-WORLD/MAW_Codex_Sets/Registry_762_to_801/767_Swallow/SE-767-C__MAW-S_The_Fading_Veil.md
SE-767-D,MAW-G-767-01,The Fading Charm,Gift,SE-767,Swallow,N/A,** δ / Lament,N/A,N/A,Slot: Accessory | Bestowal: 5%,N/A,Registry_762_to_801/767_Swallow,SOMNARAK-WORLD/MAW_Codex_Sets/Registry_762_to_801/767_Swallow/SE-767-D__MAW-G_The_Fading_Charm.md
SE-775-A,SE-775-A,Cleaved,Side-Codex,SE-775,,Echo (II) / Moderate (β),"Void (Pale White) / Zone B, Old Lament",N/A,N/A,Master Side-Codex Dossier & Extraction Rules,N/A,Registry_762_to_801/775_Cleaved,SOMNARAK-WORLD/MAW_Codex_Sets/Registry_762_to_801/775_Cleaved/SE-775-A__SIDE_CODEX_Cleaved.md
SE-775-B,MAW-W-775-01,The Torn Lens,Weapon,SE-775,Cleaved,N/A,** β / Void,N/A,N/A,DMG: Variable | SPD: - | RNG: -,N/A,Registry_762_to_801/775_Cleaved,SOMNARAK-WORLD/MAW_Codex_Sets/Registry_762_to_801/775_Cleaved/SE-775-B__MAW-W_The_Torn_Lens.md
SE-775-C,MAW-S-775-01,The Torn Veil,Suit,SE-775,Cleaved,N/A,** β / Void,N/A,N/A,Standard Attire Resistances,N/A,Registry_762_to_801/775_Cleaved,SOMNARAK-WORLD/MAW_Codex_Sets/Registry_762_to_801/775_Cleaved/SE-775-C__MAW-S_The_Torn_Veil.md
SE-775-D,MAW-G-775-01,The Torn Keystone,Gift,SE-775,Cleaved,N/A,** β / Void,N/A,N/A,Slot: Accessory | Bestowal: 5%,N/A,Registry_762_to_801/775_Cleaved,SOMNARAK-WORLD/MAW_Codex_Sets/Registry_762_to_801/775_Cleaved/SE-775-D__MAW-G_The_Torn_Keystone.md
SE-777-A,SE-777-A,Last Fruit,Side-Codex,SE-777,,Echo (II) / Moderate (β),"Grudge (Crimson) / Zone C, Mask Market",N/A,N/A,Master Side-Codex Dossier & Extraction Rules,N/A,Registry_762_to_801/777_Last_Fruit,SOMNARAK-WORLD/MAW_Codex_Sets/Registry_762_to_801/777_Last_Fruit/SE-777-A__SIDE_CODEX_Last_Fruit.md
SE-777-B,MAW-W-777-01,The Burning Fang,Weapon,SE-777,Last Fruit,N/A,** β / Grudge,N/A,N/A,DMG: Variable | SPD: - | RNG: -,N/A,Registry_762_to_801/777_Last_Fruit,SOMNARAK-WORLD/MAW_Codex_Sets/Registry_762_to_801/777_Last_Fruit/SE-777-B__MAW-W_The_Burning_Fang.md
SE-777-C,MAW-S-777-01,The Burning Plate,Suit,SE-777,Last Fruit,N/A,** β / Grudge,N/A,N/A,Standard Attire Resistances,N/A,Registry_762_to_801/777_Last_Fruit,SOMNARAK-WORLD/MAW_Codex_Sets/Registry_762_to_801/777_Last_Fruit/SE-777-C__MAW-S_The_Burning_Plate.md
SE-777-D,MAW-G-777-01,The Burning Seed,Gift,SE-777,Last Fruit,N/A,** β / Grudge,N/A,N/A,Slot: Accessory | Bestowal: 5%,N/A,Registry_762_to_801/777_Last_Fruit,SOMNARAK-WORLD/MAW_Codex_Sets/Registry_762_to_801/777_Last_Fruit/SE-777-D__MAW-G_The_Burning_Seed.md
SE-778-A,SE-778-A,Well of Unfinished Words,Side-Codex,SE-778,,Echo (II) / Moderate (β),"Lament (Deep Blue) / Zone E, Border region",N/A,N/A,Master Side-Codex Dossier & Extraction Rules,N/A,Registry_762_to_801/778_Well_of_Unfinished_Words,SOMNARAK-WORLD/MAW_Codex_Sets/Registry_762_to_801/778_Well_of_Unfinished_Words/SE-778-A__SIDE_CODEX_Well_of_Unfinished_Words.md
SE-778-B,MAW-W-778-01,The Vigilance Sceptre,Weapon,SE-778,Well of Unfinished Words,N/A,** β / Lament,N/A,N/A,DMG: Variable | SPD: - | RNG: -,N/A,Registry_762_to_801/778_Well_of_Unfinished_Words,SOMNARAK-WORLD/MAW_Codex_Sets/Registry_762_to_801/778_Well_of_Unfinished_Words/SE-778-B__MAW-W_The_Listening_Requiem.md
SE-778-C,MAW-S-778-01,The Listening Shroud,Suit,SE-778,Well of Unfinished Words,N/A,** β / Lament,N/A,N/A,Standard Attire Resistances,N/A,Registry_762_to_801/778_Well_of_Unfinished_Words,SOMNARAK-WORLD/MAW_Codex_Sets/Registry_762_to_801/778_Well_of_Unfinished_Words/SE-778-C__MAW-S_The_Listening_Shroud.md
SE-778-D,MAW-G-778-01,The Listening Vial,Gift,SE-778,Well of Unfinished Words,N/A,** β / Lament,N/A,N/A,Slot: Accessory | Bestowal: 5%,N/A,Registry_762_to_801/778_Well_of_Unfinished_Words,SOMNARAK-WORLD/MAW_Codex_Sets/Registry_762_to_801/778_Well_of_Unfinished_Words/SE-778-D__MAW-G_The_Listening_Vial.md
SE-779-A,SE-779-A,Miscast,Side-Codex,SE-779,,Residue (I) / Minor (α),"Grudge (Crimson) / Zone D, Forge District",N/A,N/A,Master Side-Codex Dossier & Extraction Rules,N/A,Registry_762_to_801/779_Miscast,SOMNARAK-WORLD/MAW_Codex_Sets/Registry_762_to_801/779_Miscast/SE-779-A__SIDE_CODEX_Miscast.md
SE-779-B,MAW-W-779-01,The Fracture Sundial,Weapon,SE-779,Miscast,N/A,** α / Grudge,N/A,N/A,DMG: Variable | SPD: - | RNG: -,N/A,Registry_762_to_801/779_Miscast,SOMNARAK-WORLD/MAW_Codex_Sets/Registry_762_to_801/779_Miscast/SE-779-B__MAW-W_The_Torn_Edge.md
SE-779-C,MAW-S-779-01,The Torn Plate,Suit,SE-779,Miscast,N/A,** α / Grudge,N/A,N/A,Standard Attire Resistances,N/A,Registry_762_to_801/779_Miscast,SOMNARAK-WORLD/MAW_Codex_Sets/Registry_762_to_801/779_Miscast/SE-779-C__MAW-S_The_Torn_Plate.md
SE-779-D,MAW-G-779-01,The Torn Charm,Gift,SE-779,Miscast,N/A,** α / Grudge,N/A,N/A,Slot: Accessory | Bestowal: 5%,N/A,Registry_762_to_801/779_Miscast,SOMNARAK-WORLD/MAW_Codex_Sets/Registry_762_to_801/779_Miscast/SE-779-D__MAW-G_The_Torn_Charm.md
SE-782-A,SE-782-A,Flotsam,Side-Codex,SE-782,,Echo (II) / Moderate (β),"Grudge (Crimson) / Zone B, Old Lament",N/A,N/A,Master Side-Codex Dossier & Extraction Rules,N/A,Registry_762_to_801/782_Flotsam,SOMNARAK-WORLD/MAW_Codex_Sets/Registry_762_to_801/782_Flotsam/SE-782-A__SIDE_CODEX_Flotsam.md
SE-782-B,MAW-W-782-01,The Fading Fang,Weapon,SE-782,Flotsam,N/A,** β / Grudge,N/A,N/A,DMG: Variable | SPD: - | RNG: -,N/A,Registry_762_to_801/782_Flotsam,SOMNARAK-WORLD/MAW_Codex_Sets/Registry_762_to_801/782_Flotsam/SE-782-B__MAW-W_The_Fading_Fang.md
SE-782-C,MAW-S-782-01,The Fading Plate,Suit,SE-782,Flotsam,N/A,** β / Grudge,N/A,N/A,Standard Attire Resistances,N/A,Registry_762_to_801/782_Flotsam,SOMNARAK-WORLD/MAW_Codex_Sets/Registry_762_to_801/782_Flotsam/SE-782-C__MAW-S_The_Fading_Plate.md
SE-782-D,MAW-G-782-01,The Fading Ember,Gift,SE-782,Flotsam,N/A,** β / Grudge,N/A,N/A,Slot: Accessory | Bestowal: 5%,N/A,Registry_762_to_801/782_Flotsam,SOMNARAK-WORLD/MAW_Codex_Sets/Registry_762_to_801/782_Flotsam/SE-782-D__MAW-G_The_Fading_Ember.md
SE-785-A,SE-785-A,Tear Too Small to Honor,Side-Codex,SE-785,,Residue (I) / Minor (α),"Lament (Deep Blue) / Zone D, Echo Gardens",N/A,N/A,Master Side-Codex Dossier & Extraction Rules,N/A,Registry_762_to_801/785_Tear_Too_Small_to_Honor,SOMNARAK-WORLD/MAW_Codex_Sets/Registry_762_to_801/785_Tear_Too_Small_to_Honor/SE-785-A__SIDE_CODEX_Tear_Too_Small_to_Honor.md
SE-785-B,MAW-W-785-01,The Tear-Drop Awl,Weapon,SE-785,Tear Too Small to Honor,N/A,** β / Lament,N/A,N/A,DMG: Variable | SPD: - | RNG: -,N/A,Registry_762_to_801/785_Tear_Too_Small_to_Honor,SOMNARAK-WORLD/MAW_Codex_Sets/Registry_762_to_801/785_Tear_Too_Small_to_Honor/SE-785-B__MAW-W_Tear_Too_Small_to_Honor_Requiem.md
SE-785-C,MAW-S-785-01,Tear Too Small to Honor Shroud,Suit,SE-785,Tear Too Small to Honor,N/A,** β / Lament,N/A,N/A,Standard Attire Resistances,N/A,Registry_762_to_801/785_Tear_Too_Small_to_Honor,SOMNARAK-WORLD/MAW_Codex_Sets/Registry_762_to_801/785_Tear_Too_Small_to_Honor/SE-785-C__MAW-S_Tear_Too_Small_to_Honor_Shroud.md
SE-785-D,MAW-G-785-01,Tear Too Small to Honor Ring,Gift,SE-785,Tear Too Small to Honor,N/A,** β / Lament,N/A,N/A,Slot: Accessory | Bestowal: 5%,N/A,Registry_762_to_801/785_Tear_Too_Small_to_Honor,SOMNARAK-WORLD/MAW_Codex_Sets/Registry_762_to_801/785_Tear_Too_Small_to_Honor/SE-785-D__MAW-G_Tear_Too_Small_to_Honor_Ring.md
SE-792-A,SE-792-A,Relic of a Thousand Owners,Side-Codex,SE-792,,Entity (IV) / Critical (δ),"Lament (Deep Blue) / Zone E, Exile's Gate vicinity",N/A,N/A,Master Side-Codex Dossier & Extraction Rules,N/A,Registry_762_to_801/792_Relic_of_a_Thousand_Owners,SOMNARAK-WORLD/MAW_Codex_Sets/Registry_762_to_801/792_Relic_of_a_Thousand_Owners/SE-792-A__SIDE_CODEX_Relic_of_a_Thousand_Owners.md
SE-792-B,MAW-W-792-01,The Cascading Falchion,Weapon,SE-792,Relic of a Thousand Owners,N/A,** γ / Lament,N/A,N/A,DMG: Variable | SPD: - | RNG: -,N/A,Registry_762_to_801/792_Relic_of_a_Thousand_Owners,SOMNARAK-WORLD/MAW_Codex_Sets/Registry_762_to_801/792_Relic_of_a_Thousand_Owners/SE-792-B__MAW-W_The_Flowing_Hammer.md
SE-792-C,MAW-S-792-01,The Flowing Shroud,Suit,SE-792,Relic of a Thousand Owners,N/A,** γ / Lament,N/A,N/A,Standard Attire Resistances,N/A,Registry_762_to_801/792_Relic_of_a_Thousand_Owners,SOMNARAK-WORLD/MAW_Codex_Sets/Registry_762_to_801/792_Relic_of_a_Thousand_Owners/SE-792-C__MAW-S_The_Flowing_Shroud.md
SE-792-D,MAW-G-792-01,The Flowing Charm,Gift,SE-792,Relic of a Thousand Owners,N/A,** γ / Lament,N/A,N/A,Slot: Accessory | Bestowal: 5%,N/A,Registry_762_to_801/792_Relic_of_a_Thousand_Owners,SOMNARAK-WORLD/MAW_Codex_Sets/Registry_762_to_801/792_Relic_of_a_Thousand_Owners/SE-792-D__MAW-G_The_Flowing_Charm.md
SE-794-A,SE-794-A,Portcullis,Side-Codex,SE-794,,Residue (I) / Minor (α),"Lament (Deep Blue) / Zone B, deep tunnels",N/A,N/A,Master Side-Codex Dossier & Extraction Rules,N/A,Registry_762_to_801/794_Portcullis,SOMNARAK-WORLD/MAW_Codex_Sets/Registry_762_to_801/794_Portcullis/SE-794-A__SIDE_CODEX_Portcullis.md
SE-794-B,MAW-W-794-01,The Ruined Jamb-Knife,Weapon,SE-794,Portcullis,N/A,** α / Lament,N/A,N/A,DMG: Variable | SPD: - | RNG: -,N/A,Registry_762_to_801/794_Portcullis,SOMNARAK-WORLD/MAW_Codex_Sets/Registry_762_to_801/794_Portcullis/SE-794-B__MAW-W_The_Collapsed_Requiem.md
SE-794-C,MAW-S-794-01,The Collapsed Shroud,Suit,SE-794,Portcullis,N/A,** α / Lament,N/A,N/A,Standard Attire Resistances,N/A,Registry_762_to_801/794_Portcullis,SOMNARAK-WORLD/MAW_Codex_Sets/Registry_762_to_801/794_Portcullis/SE-794-C__MAW-S_The_Collapsed_Shroud.md
SE-794-D,MAW-G-794-01,The Collapsed Key,Gift,SE-794,Portcullis,N/A,** α / Lament,N/A,N/A,Slot: Accessory | Bestowal: 5%,N/A,Registry_762_to_801/794_Portcullis,SOMNARAK-WORLD/MAW_Codex_Sets/Registry_762_to_801/794_Portcullis/SE-794-D__MAW-G_The_Collapsed_Key.md
SE-796-A,SE-796-A,Spire of Unanswered Prayer,Side-Codex,SE-796,,Echo (II) / Moderate (β),"Lament (Deep Blue) / Zone A, Alpha Tree vault",N/A,N/A,Master Side-Codex Dossier & Extraction Rules,N/A,Registry_762_to_801/796_Spire_of_Unanswered_Prayer,SOMNARAK-WORLD/MAW_Codex_Sets/Registry_762_to_801/796_Spire_of_Unanswered_Prayer/SE-796-A__SIDE_CODEX_Spire_of_Unanswered_Prayer.md
SE-796-B,MAW-W-796-01,The Sinking Chime-Tower,Weapon,SE-796,Spire of Unanswered Prayer,N/A,** β / Lament,N/A,N/A,DMG: Variable | SPD: - | RNG: -,N/A,Registry_762_to_801/796_Spire_of_Unanswered_Prayer,SOMNARAK-WORLD/MAW_Codex_Sets/Registry_762_to_801/796_Spire_of_Unanswered_Prayer/SE-796-B__MAW-W_The_Tower_Requiem.md
SE-796-C,MAW-S-796-01,The Tower Shroud,Suit,SE-796,Spire of Unanswered Prayer,N/A,** β / Lament,N/A,N/A,Standard Attire Resistances,N/A,Registry_762_to_801/796_Spire_of_Unanswered_Prayer,SOMNARAK-WORLD/MAW_Codex_Sets/Registry_762_to_801/796_Spire_of_Unanswered_Prayer/SE-796-C__MAW-S_The_Tower_Shroud.md
SE-796-D,MAW-G-796-01,The Tower Tear,Gift,SE-796,Spire of Unanswered Prayer,N/A,** β / Lament,N/A,N/A,Slot: Accessory | Bestowal: 5%,N/A,Registry_762_to_801/796_Spire_of_Unanswered_Prayer,SOMNARAK-WORLD/MAW_Codex_Sets/Registry_762_to_801/796_Spire_of_Unanswered_Prayer/SE-796-D__MAW-G_The_Tower_Tear.md
SE-801-A,SE-801-A,Mirror of Soaking,Side-Codex,SE-801,,Echo (II) — Repeats reflecting anger / Moderate (β),"Grudge (Crimson) / Zone C, Collector's Row",N/A,N/A,Master Side-Codex Dossier & Extraction Rules,N/A,Registry_762_to_801/801_Mirror_of_Soaking,SOMNARAK-WORLD/MAW_Codex_Sets/Registry_762_to_801/801_Mirror_of_Soaking/SE-801-A__SIDE_CODEX_Mirror_of_Soaking.md
SE-801-B,MAW-W-801-01,The Grudge Brazier,Weapon,SE-801,Mirror of Soaking,N/A,** β / Grudge,N/A,N/A,DMG: Variable | SPD: - | RNG: -,N/A,Registry_762_to_801/801_Mirror_of_Soaking,SOMNARAK-WORLD/MAW_Codex_Sets/Registry_762_to_801/801_Mirror_of_Soaking/SE-801-B__MAW-W_The_Rage_Fang.md
SE-801-C,MAW-S-801-01,The Rage Plate,Suit,SE-801,Mirror of Soaking,N/A,** β / Grudge,N/A,N/A,Standard Attire Resistances,N/A,Registry_762_to_801/801_Mirror_of_Soaking,SOMNARAK-WORLD/MAW_Codex_Sets/Registry_762_to_801/801_Mirror_of_Soaking/SE-801-C__MAW-S_The_Rage_Plate.md
SE-801-D,MAW-G-801-01,The Rage Lens,Gift,SE-801,Mirror of Soaking,N/A,** β / Grudge,N/A,N/A,Slot: Accessory | Bestowal: 5%,N/A,Registry_762_to_801/801_Mirror_of_Soaking,SOMNARAK-WORLD/MAW_Codex_Sets/Registry_762_to_801/801_Mirror_of_Soaking/SE-801-D__MAW-G_The_Rage_Lens.md
SE-821-A,SE-821-A,Pent,Side-Codex,SE-821,,Entity (IV) / Critical (δ),"Grudge (Crimson) / Zone B, Old Lament — ambient",N/A,N/A,Master Side-Codex Dossier & Extraction Rules,N/A,Registry_821_to_852/821_Pent,SOMNARAK-WORLD/MAW_Codex_Sets/Registry_821_to_852/821_Pent/SE-821-A__SIDE_CODEX_Pent.md
SE-821-B,MAW-W-821-01,The Vanished Flintlock,Weapon,SE-821,Pent,N/A,** δ / Grudge,N/A,N/A,DMG: Variable | SPD: - | RNG: -,N/A,Registry_821_to_852/821_Pent,SOMNARAK-WORLD/MAW_Codex_Sets/Registry_821_to_852/821_Pent/SE-821-B__MAW-W_The_Vanished_Fang.md
SE-821-C,MAW-S-821-01,The Vanished Plate,Suit,SE-821,Pent,N/A,** δ / Grudge,N/A,N/A,Standard Attire Resistances,N/A,Registry_821_to_852/821_Pent,SOMNARAK-WORLD/MAW_Codex_Sets/Registry_821_to_852/821_Pent/SE-821-C__MAW-S_The_Vanished_Plate.md
SE-821-D,MAW-G-821-01,The Vanished Breath,Gift,SE-821,Pent,N/A,** δ / Grudge,N/A,N/A,Slot: Accessory | Bestowal: 5%,N/A,Registry_821_to_852/821_Pent,SOMNARAK-WORLD/MAW_Codex_Sets/Registry_821_to_852/821_Pent/SE-821-D__MAW-G_The_Vanished_Breath.md
SE-823-A,SE-823-A,Stranded Between Two Shores,Side-Codex,SE-823,,Entity (IV) / Critical (δ),"Lament (Deep Blue) / Zone B, deep tunnels",N/A,N/A,Master Side-Codex Dossier & Extraction Rules,N/A,Registry_821_to_852/823_Stranded_Between_Two_Shores,SOMNARAK-WORLD/MAW_Codex_Sets/Registry_821_to_852/823_Stranded_Between_Two_Shores/SE-823-A__SIDE_CODEX_Stranded_Between_Two_Shores.md
SE-823-B,MAW-W-823-01,The Crossing Requiem,Weapon,SE-823,Stranded Between Two Shores,N/A,** δ / Lament,N/A,N/A,DMG: Variable | SPD: - | RNG: -,N/A,Registry_821_to_852/823_Stranded_Between_Two_Shores,SOMNARAK-WORLD/MAW_Codex_Sets/Registry_821_to_852/823_Stranded_Between_Two_Shores/SE-823-B__MAW-W_The_Crossing_Requiem.md
SE-823-C,MAW-S-823-01,The Crossing Shroud,Suit,SE-823,Stranded Between Two Shores,N/A,** δ / Lament,N/A,N/A,Standard Attire Resistances,N/A,Registry_821_to_852/823_Stranded_Between_Two_Shores,SOMNARAK-WORLD/MAW_Codex_Sets/Registry_821_to_852/823_Stranded_Between_Two_Shores/SE-823-C__MAW-S_The_Crossing_Shroud.md
SE-823-D,MAW-G-823-01,The Crossing Chain,Gift,SE-823,Stranded Between Two Shores,N/A,** δ / Lament,N/A,N/A,Slot: Accessory | Bestowal: 5%,N/A,Registry_821_to_852/823_Stranded_Between_Two_Shores,SOMNARAK-WORLD/MAW_Codex_Sets/Registry_821_to_852/823_Stranded_Between_Two_Shores/SE-823-D__MAW-G_The_Crossing_Chain.md
SE-833-A,SE-833-A,Neverlast,Side-Codex,SE-833,,Echo (II) — Repeats waiting for acknowledgment / Moderate (β) — Manageable,"Lament (Deep Blue) / Zone B, Old Lament — contained/ambient",N/A,N/A,Master Side-Codex Dossier & Extraction Rules,N/A,Registry_821_to_852/833_Neverlast,SOMNARAK-WORLD/MAW_Codex_Sets/Registry_821_to_852/833_Neverlast/SE-833-A__SIDE_CODEX_Neverlast.md
SE-833-B,MAW-W-833-01,The Rusted Lock-Pistol,Weapon,SE-833,Neverlast,N/A,** β / Lament,N/A,N/A,DMG: Variable | SPD: - | RNG: -,N/A,Registry_821_to_852/833_Neverlast,SOMNARAK-WORLD/MAW_Codex_Sets/Registry_821_to_852/833_Neverlast/SE-833-B__MAW-W_Neverlast_s_Requiem.md
SE-833-C,MAW-S-833-01,Neverlast's Shroud,Suit,SE-833,Neverlast,N/A,** β / Lament,N/A,N/A,Standard Attire Resistances,N/A,Registry_821_to_852/833_Neverlast,SOMNARAK-WORLD/MAW_Codex_Sets/Registry_821_to_852/833_Neverlast/SE-833-C__MAW-S_Neverlast_s_Shroud.md
SE-833-D,MAW-G-833-01,Neverlast's Crown,Gift,SE-833,Neverlast,N/A,** β / Lament,N/A,N/A,Slot: Accessory | Bestowal: 5%,N/A,Registry_821_to_852/833_Neverlast,SOMNARAK-WORLD/MAW_Codex_Sets/Registry_821_to_852/833_Neverlast/SE-833-D__MAW-G_Neverlast_s_Crown.md
SE-844-A,SE-844-A,Repose,Side-Codex,SE-844,,Entity (IV) / Critical (δ),"Lament (Deep Blue) / Zone B, Old Lament — ambient",N/A,N/A,Master Side-Codex Dossier & Extraction Rules,N/A,Registry_821_to_852/844_Repose,SOMNARAK-WORLD/MAW_Codex_Sets/Registry_821_to_852/844_Repose/SE-844-A__SIDE_CODEX_Repose.md
SE-844-B,MAW-W-844-01,The Ruin Astral-Disc,Weapon,SE-844,Repose,N/A,** δ / Lament,N/A,N/A,DMG: Variable | SPD: - | RNG: -,N/A,Registry_821_to_852/844_Repose,SOMNARAK-WORLD/MAW_Codex_Sets/Registry_821_to_852/844_Repose/SE-844-B__MAW-W_The_Ruin_Requiem.md
SE-844-C,MAW-S-844-01,The Ruin Pillow,Suit,SE-844,Repose,N/A,** δ / Lament,N/A,N/A,Standard Attire Resistances,N/A,Registry_821_to_852/844_Repose,SOMNARAK-WORLD/MAW_Codex_Sets/Registry_821_to_852/844_Repose/SE-844-C__MAW-S_The_Ruin_Pillow.md
SE-844-D,MAW-G-844-01,The Ruin Charm,Gift,SE-844,Repose,N/A,** δ / Lament,N/A,N/A,Slot: Accessory | Bestowal: 5%,N/A,Registry_821_to_852/844_Repose,SOMNARAK-WORLD/MAW_Codex_Sets/Registry_821_to_852/844_Repose/SE-844-D__MAW-G_The_Ruin_Charm.md
SE-845-A,SE-845-A,Perennial,Side-Codex,SE-845,,Echo (II) / Moderate (β),Weight (Black) / The Desolate — mobile,N/A,N/A,Master Side-Codex Dossier & Extraction Rules,N/A,Registry_821_to_852/845_Perennial,SOMNARAK-WORLD/MAW_Codex_Sets/Registry_821_to_852/845_Perennial/SE-845-A__SIDE_CODEX_Perennial.md
SE-845-B,MAW-W-845-01,The Returning Maul,Weapon,SE-845,Perennial,N/A,** β / Weight,N/A,N/A,DMG: Variable | SPD: - | RNG: -,N/A,Registry_821_to_852/845_Perennial,SOMNARAK-WORLD/MAW_Codex_Sets/Registry_821_to_852/845_Perennial/SE-845-B__MAW-W_The_Returning_Maul.md
SE-845-C,MAW-S-845-01,The Returning Mantle,Suit,SE-845,Perennial,N/A,** β / Weight,N/A,N/A,Standard Attire Resistances,N/A,Registry_821_to_852/845_Perennial,SOMNARAK-WORLD/MAW_Codex_Sets/Registry_821_to_852/845_Perennial/SE-845-C__MAW-S_The_Returning_Mantle.md
SE-845-D,MAW-G-845-01,The Returning Petal,Gift,SE-845,Perennial,N/A,** β / Weight,N/A,N/A,Slot: Accessory | Bestowal: 5%,N/A,Registry_821_to_852/845_Perennial,SOMNARAK-WORLD/MAW_Codex_Sets/Registry_821_to_852/845_Perennial/SE-845-D__MAW-G_The_Returning_Petal.md
SE-851-A,SE-851-A,Shard of a Broken Promise,Side-Codex,SE-851,,Entity (IV) / Critical (δ),"Lament (Deep Blue) / Zone A, Alpha Tree vault",N/A,N/A,Master Side-Codex Dossier & Extraction Rules,N/A,Registry_821_to_852/851_Shard_of_a_Broken_Promise,SOMNARAK-WORLD/MAW_Codex_Sets/Registry_821_to_852/851_Shard_of_a_Broken_Promise/SE-851-A__SIDE_CODEX_Shard_of_a_Broken_Promise.md
SE-851-B,MAW-W-851-01,The Covenant Arbalest,Weapon,SE-851,Shard of a Broken Promise,N/A,** δ / Lament,N/A,N/A,DMG: Variable | SPD: - | RNG: -,N/A,Registry_821_to_852/851_Shard_of_a_Broken_Promise,SOMNARAK-WORLD/MAW_Codex_Sets/Registry_821_to_852/851_Shard_of_a_Broken_Promise/SE-851-B__MAW-W_The_Promise_Requiem.md
SE-851-C,MAW-S-851-01,The Promise Shroud,Suit,SE-851,Shard of a Broken Promise,N/A,** δ / Lament,N/A,N/A,Standard Attire Resistances,N/A,Registry_821_to_852/851_Shard_of_a_Broken_Promise,SOMNARAK-WORLD/MAW_Codex_Sets/Registry_821_to_852/851_Shard_of_a_Broken_Promise/SE-851-C__MAW-S_The_Promise_Shroud.md
SE-851-D,MAW-G-851-01,The Promise Shard,Gift,SE-851,Shard of a Broken Promise,N/A,** δ / Lament,N/A,N/A,Slot: Accessory | Bestowal: 5%,N/A,Registry_821_to_852/851_Shard_of_a_Broken_Promise,SOMNARAK-WORLD/MAW_Codex_Sets/Registry_821_to_852/851_Shard_of_a_Broken_Promise/SE-851-D__MAW-G_The_Promise_Shard.md
SE-852-A,SE-852-A,Conservatory,Side-Codex,SE-852,,Entity (IV) / Critical (δ),"Grudge (Crimson) / Zone C, Mask Market",N/A,N/A,Master Side-Codex Dossier & Extraction Rules,N/A,Registry_821_to_852/852_Conservatory,SOMNARAK-WORLD/MAW_Codex_Sets/Registry_821_to_852/852_Conservatory/SE-852-A__SIDE_CODEX_Conservatory.md
SE-852-B,MAW-W-852-01,The Forgotten Ruin-Glyph,Weapon,SE-852,Conservatory,N/A,** δ / Grudge,N/A,N/A,DMG: Variable | SPD: - | RNG: -,N/A,Registry_821_to_852/852_Conservatory,SOMNARAK-WORLD/MAW_Codex_Sets/Registry_821_to_852/852_Conservatory/SE-852-B__MAW-W_Conservatory_Fang.md
SE-852-C,MAW-S-852-01,Conservatory Plate,Suit,SE-852,Conservatory,N/A,** δ / Grudge,N/A,N/A,Standard Attire Resistances,N/A,Registry_821_to_852/852_Conservatory,SOMNARAK-WORLD/MAW_Codex_Sets/Registry_821_to_852/852_Conservatory/SE-852-C__MAW-S_Conservatory_Plate.md
SE-852-D,MAW-G-852-01,Conservatory Bracelet,Gift,SE-852,Conservatory,N/A,** δ / Grudge,N/A,N/A,Slot: Accessory | Bestowal: 5%,N/A,Registry_821_to_852/852_Conservatory,SOMNARAK-WORLD/MAW_Codex_Sets/Registry_821_to_852/852_Conservatory/SE-852-D__MAW-G_Conservatory_Bracelet.md
SE-863-A,SE-863-A,Absent Landmark,Side-Codex,SE-863,,Residue (I) / Minor (α),"Void (Pale White) / Zone B, Old Lament",N/A,N/A,Master Side-Codex Dossier & Extraction Rules,N/A,Registry_863_to_897/863_Absent_Landmark,SOMNARAK-WORLD/MAW_Codex_Sets/Registry_863_to_897/863_Absent_Landmark/SE-863-A__SIDE_CODEX_Absent_Landmark.md
SE-863-B,MAW-W-863-01,The Sunken Culverin,Weapon,SE-863,Absent Landmark,N/A,** α / Void,N/A,N/A,DMG: Variable | SPD: - | RNG: -,N/A,Registry_863_to_897/863_Absent_Landmark,SOMNARAK-WORLD/MAW_Codex_Sets/Registry_863_to_897/863_Absent_Landmark/SE-863-B__MAW-W_The_Empty_Lens.md
SE-863-C,MAW-S-863-01,The Empty Veil,Suit,SE-863,Absent Landmark,N/A,** α / Void,N/A,N/A,Standard Attire Resistances,N/A,Registry_863_to_897/863_Absent_Landmark,SOMNARAK-WORLD/MAW_Codex_Sets/Registry_863_to_897/863_Absent_Landmark/SE-863-C__MAW-S_The_Empty_Veil.md
SE-863-D,MAW-G-863-01,The Empty Window,Gift,SE-863,Absent Landmark,N/A,** α / Void,N/A,N/A,Slot: Accessory | Bestowal: 5%,N/A,Registry_863_to_897/863_Absent_Landmark,SOMNARAK-WORLD/MAW_Codex_Sets/Registry_863_to_897/863_Absent_Landmark/SE-863-D__MAW-G_The_Empty_Window.md
SE-869-A,SE-869-A,Homecoming Tree,Side-Codex,SE-869,,Residue (I) / Minor (α),"Lament (Deep Blue) / Zone E, Border region",N/A,N/A,Master Side-Codex Dossier & Extraction Rules,N/A,Registry_863_to_897/869_Homecoming_Tree,SOMNARAK-WORLD/MAW_Codex_Sets/Registry_863_to_897/869_Homecoming_Tree/SE-869-A__SIDE_CODEX_Homecoming_Tree.md
SE-869-B,MAW-W-869-01,The Returning Requiem,Weapon,SE-869,Homecoming Tree,N/A,** α / Lament,N/A,N/A,DMG: Variable | SPD: - | RNG: -,N/A,Registry_863_to_897/869_Homecoming_Tree,SOMNARAK-WORLD/MAW_Codex_Sets/Registry_863_to_897/869_Homecoming_Tree/SE-869-B__MAW-W_The_Returning_Requiem.md
SE-869-C,MAW-S-869-01,The Returning Shroud,Suit,SE-869,Homecoming Tree,N/A,** α / Lament,N/A,N/A,Standard Attire Resistances,N/A,Registry_863_to_897/869_Homecoming_Tree,SOMNARAK-WORLD/MAW_Codex_Sets/Registry_863_to_897/869_Homecoming_Tree/SE-869-C__MAW-S_The_Returning_Shroud.md
SE-869-D,MAW-G-869-01,The Returning Leaf,Gift,SE-869,Homecoming Tree,N/A,** α / Lament,N/A,N/A,Slot: Accessory | Bestowal: 5%,N/A,Registry_863_to_897/869_Homecoming_Tree,SOMNARAK-WORLD/MAW_Codex_Sets/Registry_863_to_897/869_Homecoming_Tree/SE-869-D__MAW-G_The_Returning_Leaf.md
SE-874-A,SE-874-A,Bridge of the Unchosen,Side-Codex,SE-874,,Fragment (III) / Major (γ),"Void (Pale White) / Zone D, Echo Gardens",N/A,N/A,Master Side-Codex Dossier & Extraction Rules,N/A,Registry_863_to_897/874_Bridge_of_the_Unchosen,SOMNARAK-WORLD/MAW_Codex_Sets/Registry_863_to_897/874_Bridge_of_the_Unchosen/SE-874-A__SIDE_CODEX_Bridge_of_the_Unchosen.md
SE-874-B,MAW-W-874-01,The Permafrost Star-Ring,Weapon,SE-874,Bridge of the Unchosen,N/A,** β / Void,N/A,N/A,DMG: Variable | SPD: - | RNG: -,N/A,Registry_863_to_897/874_Bridge_of_the_Unchosen,SOMNARAK-WORLD/MAW_Codex_Sets/Registry_863_to_897/874_Bridge_of_the_Unchosen/SE-874-B__MAW-W_Bridge_of_the_Unchosen_Lens.md
SE-874-C,MAW-S-874-01,Bridge of the Unchosen Shield,Suit,SE-874,Bridge of the Unchosen,N/A,** β / Void,N/A,N/A,Standard Attire Resistances,N/A,Registry_863_to_897/874_Bridge_of_the_Unchosen,SOMNARAK-WORLD/MAW_Codex_Sets/Registry_863_to_897/874_Bridge_of_the_Unchosen/SE-874-C__MAW-S_Bridge_of_the_Unchosen_Shield.md
SE-874-D,MAW-G-874-01,Bridge of the Unchosen Charm,Gift,SE-874,Bridge of the Unchosen,N/A,** β / Void,N/A,N/A,Slot: Accessory | Bestowal: 5%,N/A,Registry_863_to_897/874_Bridge_of_the_Unchosen,SOMNARAK-WORLD/MAW_Codex_Sets/Registry_863_to_897/874_Bridge_of_the_Unchosen/SE-874-D__MAW-G_Bridge_of_the_Unchosen_Charm.md
SE-884-A,SE-884-A,Seething Tundra,Side-Codex,SE-884,,Residue (I) / Minor (α),"Void (Pale White) / Zone D, Echo Gardens",N/A,N/A,Master Side-Codex Dossier & Extraction Rules,N/A,Registry_863_to_897/884_Seething_Tundra,SOMNARAK-WORLD/MAW_Codex_Sets/Registry_863_to_897/884_Seething_Tundra/SE-884-A__SIDE_CODEX_Seething_Tundra.md
SE-884-B,MAW-W-884-01,The Permafrost Awl,Weapon,SE-884,Seething Tundra,N/A,** α / Void,N/A,N/A,DMG: Variable | SPD: - | RNG: -,N/A,Registry_863_to_897/884_Seething_Tundra,SOMNARAK-WORLD/MAW_Codex_Sets/Registry_863_to_897/884_Seething_Tundra/SE-884-B__MAW-W_The_Frozen_Lens.md
SE-884-C,MAW-S-884-01,The Frozen Veil,Suit,SE-884,Seething Tundra,N/A,** α / Void,N/A,N/A,Standard Attire Resistances,N/A,Registry_863_to_897/884_Seething_Tundra,SOMNARAK-WORLD/MAW_Codex_Sets/Registry_863_to_897/884_Seething_Tundra/SE-884-C__MAW-S_The_Frozen_Veil.md
SE-884-D,MAW-G-884-01,The Frozen Fragment,Gift,SE-884,Seething Tundra,N/A,** α / Void,N/A,N/A,Slot: Accessory | Bestowal: 5%,N/A,Registry_863_to_897/884_Seething_Tundra,SOMNARAK-WORLD/MAW_Codex_Sets/Registry_863_to_897/884_Seething_Tundra/SE-884-D__MAW-G_The_Frozen_Fragment.md
SE-891-A,SE-891-A,Screaming Masonry,Side-Codex,SE-891,,Fragment (III) / Major (γ),"Weight (Black) / Zone B, Old Lament — ambient",N/A,N/A,Master Side-Codex Dossier & Extraction Rules,N/A,Registry_863_to_897/891_Screaming_Masonry,SOMNARAK-WORLD/MAW_Codex_Sets/Registry_863_to_897/891_Screaming_Masonry/SE-891-A__SIDE_CODEX_Screaming_Masonry.md
SE-891-B,MAW-W-891-01,Screaming Masonry Maul,Weapon,SE-891,Screaming Masonry,N/A,** δ / Weight,N/A,N/A,DMG: Variable | SPD: - | RNG: -,N/A,Registry_863_to_897/891_Screaming_Masonry,SOMNARAK-WORLD/MAW_Codex_Sets/Registry_863_to_897/891_Screaming_Masonry/SE-891-B__MAW-W_Screaming_Masonry_Maul.md
SE-891-C,MAW-S-891-01,Screaming Masonry Mantle,Suit,SE-891,Screaming Masonry,N/A,** δ / Weight,N/A,N/A,Standard Attire Resistances,N/A,Registry_863_to_897/891_Screaming_Masonry,SOMNARAK-WORLD/MAW_Codex_Sets/Registry_863_to_897/891_Screaming_Masonry/SE-891-C__MAW-S_Screaming_Masonry_Mantle.md
SE-891-D,MAW-G-891-01,Screaming Masonry Ring,Gift,SE-891,Screaming Masonry,N/A,** δ / Weight,N/A,N/A,Slot: Accessory | Bestowal: 5%,N/A,Registry_863_to_897/891_Screaming_Masonry,SOMNARAK-WORLD/MAW_Codex_Sets/Registry_863_to_897/891_Screaming_Masonry/SE-891-D__MAW-G_Screaming_Masonry_Ring.md
SE-895-A,SE-895-A,Survivors Breath,Side-Codex,SE-895,,Entity (IV) / Critical (δ),"Void (Pale White) / Zone B, Old Lament",N/A,N/A,Master Side-Codex Dossier & Extraction Rules,N/A,Registry_863_to_897/895_Survivors_Breath,SOMNARAK-WORLD/MAW_Codex_Sets/Registry_863_to_897/895_Survivors_Breath/SE-895-A__SIDE_CODEX_Survivors_Breath.md
SE-895-B,MAW-W-895-01,The Repose Awl,Weapon,SE-895,Survivors' Breath,N/A,** δ / Void,N/A,N/A,DMG: Variable | SPD: - | RNG: -,N/A,Registry_863_to_897/895_Survivors_Breath,SOMNARAK-WORLD/MAW_Codex_Sets/Registry_863_to_897/895_Survivors_Breath/SE-895-B__MAW-W_The_Resting_Lens.md
SE-895-C,MAW-S-895-01,The Resting Veil,Suit,SE-895,Survivors' Breath,N/A,** δ / Void,N/A,N/A,Standard Attire Resistances,N/A,Registry_863_to_897/895_Survivors_Breath,SOMNARAK-WORLD/MAW_Codex_Sets/Registry_863_to_897/895_Survivors_Breath/SE-895-C__MAW-S_The_Resting_Veil.md
SE-895-D,MAW-G-895-01,The Resting Breath,Gift,SE-895,Survivors' Breath,N/A,** δ / Void,N/A,N/A,Slot: Accessory | Bestowal: 5%,N/A,Registry_863_to_897/895_Survivors_Breath,SOMNARAK-WORLD/MAW_Codex_Sets/Registry_863_to_897/895_Survivors_Breath/SE-895-D__MAW-G_The_Resting_Breath.md
SE-897-A,SE-897-A,Welcome Haven,Side-Codex,SE-897,,Entity (IV) / Critical (δ),"Grudge (Crimson) / Zone E, Border region",N/A,N/A,Master Side-Codex Dossier & Extraction Rules,N/A,Registry_863_to_897/897_Welcome_Haven,SOMNARAK-WORLD/MAW_Codex_Sets/Registry_863_to_897/897_Welcome_Haven/SE-897-A__SIDE_CODEX_Welcome_Haven.md
SE-897-B,MAW-W-897-01,The Breach-Pike,Weapon,SE-897,Welcome Haven,N/A,** δ / Grudge,N/A,N/A,DMG: Variable | SPD: - | RNG: -,N/A,Registry_863_to_897/897_Welcome_Haven,SOMNARAK-WORLD/MAW_Codex_Sets/Registry_863_to_897/897_Welcome_Haven/SE-897-B__MAW-W_The_Broken_Fang.md
SE-897-C,MAW-S-897-01,The Broken Barrier,Suit,SE-897,Welcome Haven,N/A,** δ / Grudge,N/A,N/A,Standard Attire Resistances,N/A,Registry_863_to_897/897_Welcome_Haven,SOMNARAK-WORLD/MAW_Codex_Sets/Registry_863_to_897/897_Welcome_Haven/SE-897-C__MAW-S_The_Broken_Barrier.md
SE-897-D,MAW-G-897-01,The Broken Charm,Gift,SE-897,Welcome Haven,N/A,** δ / Grudge,N/A,N/A,Slot: Accessory | Bestowal: 5%,N/A,Registry_863_to_897/897_Welcome_Haven,SOMNARAK-WORLD/MAW_Codex_Sets/Registry_863_to_897/897_Welcome_Haven/SE-897-D__MAW-G_The_Broken_Charm.md
SE-900-A,SE-900-A,Vellum Man,Side-Codex,SE-900,,Residue (I) / Minor (α),"Lament (Deep Blue) / SECTOR-C-900, contained",N/A,N/A,Master Side-Codex Dossier & Extraction Rules,N/A,Registry_900_to_930/900_Vellum_Man,SOMNARAK-WORLD/MAW_Codex_Sets/Registry_900_to_930/900_Vellum_Man/SE-900-A__SIDE_CODEX_Vellum_Man.md
SE-900-B,MAW-W-900-01,Vellum Man's Edge,Weapon,SE-900,Vellum Man,N/A,** α / Lament,N/A,N/A,DMG: Variable | SPD: - | RNG: -,N/A,Registry_900_to_930/900_Vellum_Man,SOMNARAK-WORLD/MAW_Codex_Sets/Registry_900_to_930/900_Vellum_Man/SE-900-B__MAW-W_Vellum_Man_s_Edge.md
SE-900-C,MAW-S-900-01,Vellum Man's Veil,Suit,SE-900,Vellum Man,N/A,** α / Lament,N/A,N/A,Standard Attire Resistances,N/A,Registry_900_to_930/900_Vellum_Man,SOMNARAK-WORLD/MAW_Codex_Sets/Registry_900_to_930/900_Vellum_Man/SE-900-C__MAW-S_Vellum_Man_s_Veil.md
SE-900-D,MAW-G-900-01,Vellum Man's Token,Gift,SE-900,Vellum Man,N/A,** α / Lament,N/A,N/A,Slot: Accessory | Bestowal: 5%,N/A,Registry_900_to_930/900_Vellum_Man,SOMNARAK-WORLD/MAW_Codex_Sets/Registry_900_to_930/900_Vellum_Man/SE-900-D__MAW-G_Vellum_Man_s_Token.md
SE-901-A,SE-901-A,Duri s Heart,Side-Codex,SE-901,,Echo (II) / Moderate (β),"Weight (Black) / SECTOR-C-901, contained",N/A,N/A,Master Side-Codex Dossier & Extraction Rules,N/A,Registry_900_to_930/901_Duri_s_Heart,SOMNARAK-WORLD/MAW_Codex_Sets/Registry_900_to_930/901_Duri_s_Heart/SE-901-A__SIDE_CODEX_Duri_s_Heart.md
SE-901-B,MAW-W-901-01,Duri's Heart's Edge,Weapon,SE-901,Duri's Heart,N/A,** β / Weight,N/A,N/A,DMG: Variable | SPD: - | RNG: -,N/A,Registry_900_to_930/901_Duri_s_Heart,SOMNARAK-WORLD/MAW_Codex_Sets/Registry_900_to_930/901_Duri_s_Heart/SE-901-B__MAW-W_Duri_s_Heart_s_Edge.md
SE-901-C,MAW-S-901-01,Duri's Heart's Veil,Suit,SE-901,Duri's Heart,N/A,** β / Weight,N/A,N/A,Standard Attire Resistances,N/A,Registry_900_to_930/901_Duri_s_Heart,SOMNARAK-WORLD/MAW_Codex_Sets/Registry_900_to_930/901_Duri_s_Heart/SE-901-C__MAW-S_Duri_s_Heart_s_Veil.md
SE-901-D,MAW-G-901-01,Duri's Heart's Token,Gift,SE-901,Duri's Heart,N/A,** β / Weight,N/A,N/A,Slot: Accessory | Bestowal: 5%,N/A,Registry_900_to_930/901_Duri_s_Heart,SOMNARAK-WORLD/MAW_Codex_Sets/Registry_900_to_930/901_Duri_s_Heart/SE-901-D__MAW-G_Duri_s_Heart_s_Token.md
SE-902-A,SE-902-A,Goru s Fist,Side-Codex,SE-902,,Fragment (III) / Major (γ),"Grudge (Crimson) / SECTOR-C-902, contained",N/A,N/A,Master Side-Codex Dossier & Extraction Rules,N/A,Registry_900_to_930/902_Goru_s_Fist,SOMNARAK-WORLD/MAW_Codex_Sets/Registry_900_to_930/902_Goru_s_Fist/SE-902-A__SIDE_CODEX_Goru_s_Fist.md
SE-902-B,MAW-W-902-01,Goru's Fist's Edge,Weapon,SE-902,Goru's Fist,N/A,** γ / Grudge,N/A,N/A,DMG: Variable | SPD: - | RNG: -,N/A,Registry_900_to_930/902_Goru_s_Fist,SOMNARAK-WORLD/MAW_Codex_Sets/Registry_900_to_930/902_Goru_s_Fist/SE-902-B__MAW-W_Goru_s_Fist_s_Edge.md
SE-902-C,MAW-S-902-01,Goru's Fist's Veil,Suit,SE-902,Goru's Fist,N/A,** γ / Grudge,N/A,N/A,Standard Attire Resistances,N/A,Registry_900_to_930/902_Goru_s_Fist,SOMNARAK-WORLD/MAW_Codex_Sets/Registry_900_to_930/902_Goru_s_Fist/SE-902-C__MAW-S_Goru_s_Fist_s_Veil.md
SE-902-D,MAW-G-902-01,Goru's Fist's Token,Gift,SE-902,Goru's Fist,N/A,** γ / Grudge,N/A,N/A,Slot: Accessory | Bestowal: 5%,N/A,Registry_900_to_930/902_Goru_s_Fist,SOMNARAK-WORLD/MAW_Codex_Sets/Registry_900_to_930/902_Goru_s_Fist/SE-902-D__MAW-G_Goru_s_Fist_s_Token.md
SE-903-A,SE-903-A,Glass Elsewhere,Side-Codex,SE-903,,Echo (II) / Moderate (β),"Void (Pale White) / SECTOR-N-903, contained",N/A,N/A,Master Side-Codex Dossier & Extraction Rules,N/A,Registry_900_to_930/903_Glass_Elsewhere,SOMNARAK-WORLD/MAW_Codex_Sets/Registry_900_to_930/903_Glass_Elsewhere/SE-903-A__SIDE_CODEX_Glass_Elsewhere.md
SE-903-B,MAW-W-903-01,Glass Elsewhere's Edge,Weapon,SE-903,Glass Elsewhere,N/A,** β / Void,N/A,N/A,DMG: Variable | SPD: - | RNG: -,N/A,Registry_900_to_930/903_Glass_Elsewhere,SOMNARAK-WORLD/MAW_Codex_Sets/Registry_900_to_930/903_Glass_Elsewhere/SE-903-B__MAW-W_Glass_Elsewhere_s_Edge.md
SE-903-C,MAW-S-903-01,Glass Elsewhere's Veil,Suit,SE-903,Glass Elsewhere,N/A,** β / Void,N/A,N/A,Standard Attire Resistances,N/A,Registry_900_to_930/903_Glass_Elsewhere,SOMNARAK-WORLD/MAW_Codex_Sets/Registry_900_to_930/903_Glass_Elsewhere/SE-903-C__MAW-S_Glass_Elsewhere_s_Veil.md
SE-903-D,MAW-G-903-01,Glass Elsewhere's Token,Gift,SE-903,Glass Elsewhere,N/A,** β / Void,N/A,N/A,Slot: Accessory | Bestowal: 5%,N/A,Registry_900_to_930/903_Glass_Elsewhere,SOMNARAK-WORLD/MAW_Codex_Sets/Registry_900_to_930/903_Glass_Elsewhere/SE-903-D__MAW-G_Glass_Elsewhere_s_Token.md
SE-904-A,SE-904-A,Thinking Engine,Side-Codex,SE-904,,Fragment (III) / Major (γ),"Lament (Deep Blue) / SECTOR-C-904, contained",N/A,N/A,Master Side-Codex Dossier & Extraction Rules,N/A,Registry_900_to_930/904_Thinking_Engine,SOMNARAK-WORLD/MAW_Codex_Sets/Registry_900_to_930/904_Thinking_Engine/SE-904-A__SIDE_CODEX_Thinking_Engine.md
SE-904-B,MAW-W-904-01,Thinking Engine's Edge,Weapon,SE-904,Thinking Engine,N/A,** γ / Lament,N/A,N/A,DMG: Variable | SPD: - | RNG: -,N/A,Registry_900_to_930/904_Thinking_Engine,SOMNARAK-WORLD/MAW_Codex_Sets/Registry_900_to_930/904_Thinking_Engine/SE-904-B__MAW-W_Thinking_Engine_s_Edge.md
SE-904-C,MAW-S-904-01,Thinking Engine's Veil,Suit,SE-904,Thinking Engine,N/A,** γ / Lament,N/A,N/A,Standard Attire Resistances,N/A,Registry_900_to_930/904_Thinking_Engine,SOMNARAK-WORLD/MAW_Codex_Sets/Registry_900_to_930/904_Thinking_Engine/SE-904-C__MAW-S_Thinking_Engine_s_Veil.md
SE-904-D,MAW-G-904-01,Thinking Engine's Token,Gift,SE-904,Thinking Engine,N/A,** γ / Lament,N/A,N/A,Slot: Accessory | Bestowal: 5%,N/A,Registry_900_to_930/904_Thinking_Engine,SOMNARAK-WORLD/MAW_Codex_Sets/Registry_900_to_930/904_Thinking_Engine/SE-904-D__MAW-G_Thinking_Engine_s_Token.md
SE-905-A,SE-905-A,Lacrima,Side-Codex,SE-905,,Residue (I) / Minor (α),"Void (Pale White) / SECTOR-N-905, contained",N/A,N/A,Master Side-Codex Dossier & Extraction Rules,N/A,Registry_900_to_930/905_Lacrima,SOMNARAK-WORLD/MAW_Codex_Sets/Registry_900_to_930/905_Lacrima/SE-905-A__SIDE_CODEX_Lacrima.md
SE-905-B,MAW-W-905-01,Lacrima's Edge,Weapon,SE-905,Lacrima,N/A,** α / Void,N/A,N/A,DMG: Variable | SPD: - | RNG: -,N/A,Registry_900_to_930/905_Lacrima,SOMNARAK-WORLD/MAW_Codex_Sets/Registry_900_to_930/905_Lacrima/SE-905-B__MAW-W_Lacrima_s_Edge.md
SE-905-C,MAW-S-905-01,Lacrima's Veil,Suit,SE-905,Lacrima,N/A,** α / Void,N/A,N/A,Standard Attire Resistances,N/A,Registry_900_to_930/905_Lacrima,SOMNARAK-WORLD/MAW_Codex_Sets/Registry_900_to_930/905_Lacrima/SE-905-C__MAW-S_Lacrima_s_Veil.md
SE-905-D,MAW-G-905-01,Lacrima's Token,Gift,SE-905,Lacrima,N/A,** α / Void,N/A,N/A,Slot: Accessory | Bestowal: 5%,N/A,Registry_900_to_930/905_Lacrima,SOMNARAK-WORLD/MAW_Codex_Sets/Registry_900_to_930/905_Lacrima/SE-905-D__MAW-G_Lacrima_s_Token.md
SE-906-A,SE-906-A,Grimoire,Side-Codex,SE-906,,Echo (II) / Moderate (β),"Grudge (Crimson) / SECTOR-C-906, contained",N/A,N/A,Master Side-Codex Dossier & Extraction Rules,N/A,Registry_900_to_930/906_Grimoire,SOMNARAK-WORLD/MAW_Codex_Sets/Registry_900_to_930/906_Grimoire/SE-906-A__SIDE_CODEX_Grimoire.md
SE-906-B,MAW-W-906-01,Grimoire's Edge,Weapon,SE-906,Grimoire,N/A,** β / Grudge,N/A,N/A,DMG: Variable | SPD: - | RNG: -,N/A,Registry_900_to_930/906_Grimoire,SOMNARAK-WORLD/MAW_Codex_Sets/Registry_900_to_930/906_Grimoire/SE-906-B__MAW-W_Grimoire_s_Edge.md
SE-906-C,MAW-S-906-01,Grimoire's Veil,Suit,SE-906,Grimoire,N/A,** β / Grudge,N/A,N/A,Standard Attire Resistances,N/A,Registry_900_to_930/906_Grimoire,SOMNARAK-WORLD/MAW_Codex_Sets/Registry_900_to_930/906_Grimoire/SE-906-C__MAW-S_Grimoire_s_Veil.md
SE-906-D,MAW-G-906-01,Grimoire's Token,Gift,SE-906,Grimoire,N/A,** β / Grudge,N/A,N/A,Slot: Accessory | Bestowal: 5%,N/A,Registry_900_to_930/906_Grimoire,SOMNARAK-WORLD/MAW_Codex_Sets/Registry_900_to_930/906_Grimoire/SE-906-D__MAW-G_Grimoire_s_Token.md
SE-907-A,SE-907-A,Breathing Stone,Side-Codex,SE-907,,Entity (IV) / Critical (δ),"Weight (Black) / SECTOR-C-907, contained",N/A,N/A,Master Side-Codex Dossier & Extraction Rules,N/A,Registry_900_to_930/907_Breathing_Stone,SOMNARAK-WORLD/MAW_Codex_Sets/Registry_900_to_930/907_Breathing_Stone/SE-907-A__SIDE_CODEX_Breathing_Stone.md
SE-907-B,MAW-W-907-01,Breathing Stone's Edge,Weapon,SE-907,Breathing Stone,N/A,** δ / Weight,N/A,N/A,DMG: Variable | SPD: - | RNG: -,N/A,Registry_900_to_930/907_Breathing_Stone,SOMNARAK-WORLD/MAW_Codex_Sets/Registry_900_to_930/907_Breathing_Stone/SE-907-B__MAW-W_Breathing_Stone_s_Edge.md
SE-907-C,MAW-S-907-01,Breathing Stone's Veil,Suit,SE-907,Breathing Stone,N/A,** δ / Weight,N/A,N/A,Standard Attire Resistances,N/A,Registry_900_to_930/907_Breathing_Stone,SOMNARAK-WORLD/MAW_Codex_Sets/Registry_900_to_930/907_Breathing_Stone/SE-907-C__MAW-S_Breathing_Stone_s_Veil.md
SE-907-D,MAW-G-907-01,Breathing Stone's Token,Gift,SE-907,Breathing Stone,N/A,** δ / Weight,N/A,N/A,Slot: Accessory | Bestowal: 5%,N/A,Registry_900_to_930/907_Breathing_Stone,SOMNARAK-WORLD/MAW_Codex_Sets/Registry_900_to_930/907_Breathing_Stone/SE-907-D__MAW-G_Breathing_Stone_s_Token.md
SE-908-A,SE-908-A,Unwaking Block,Side-Codex,SE-908,,Fragment (III) / Major (γ),"Lament (Deep Blue) / SECTOR-N-908, contained",N/A,N/A,Master Side-Codex Dossier & Extraction Rules,N/A,Registry_900_to_930/908_Unwaking_Block,SOMNARAK-WORLD/MAW_Codex_Sets/Registry_900_to_930/908_Unwaking_Block/SE-908-A__SIDE_CODEX_Unwaking_Block.md
SE-908-B,MAW-W-908-01,Unwaking Block's Edge,Weapon,SE-908,Unwaking Block,N/A,** γ / Lament,N/A,N/A,DMG: Variable | SPD: - | RNG: -,N/A,Registry_900_to_930/908_Unwaking_Block,SOMNARAK-WORLD/MAW_Codex_Sets/Registry_900_to_930/908_Unwaking_Block/SE-908-B__MAW-W_Unwaking_Block_s_Edge.md
SE-908-C,MAW-S-908-01,Unwaking Block's Veil,Suit,SE-908,Unwaking Block,N/A,** γ / Lament,N/A,N/A,Standard Attire Resistances,N/A,Registry_900_to_930/908_Unwaking_Block,SOMNARAK-WORLD/MAW_Codex_Sets/Registry_900_to_930/908_Unwaking_Block/SE-908-C__MAW-S_Unwaking_Block_s_Veil.md
SE-908-D,MAW-G-908-01,Unwaking Block's Token,Gift,SE-908,Unwaking Block,N/A,** γ / Lament,N/A,N/A,Slot: Accessory | Bestowal: 5%,N/A,Registry_900_to_930/908_Unwaking_Block,SOMNARAK-WORLD/MAW_Codex_Sets/Registry_900_to_930/908_Unwaking_Block/SE-908-D__MAW-G_Unwaking_Block_s_Token.md
SE-909-A,SE-909-A,Dormant Monolith,Side-Codex,SE-909,,Entity (IV) / Critical (δ),"Void (Pale White) / Zone E, Border region",N/A,N/A,Master Side-Codex Dossier & Extraction Rules,N/A,Registry_900_to_930/909_Dormant_Monolith,SOMNARAK-WORLD/MAW_Codex_Sets/Registry_900_to_930/909_Dormant_Monolith/SE-909-A__SIDE_CODEX_Dormant_Monolith.md
SE-909-B,MAW-W-909-01,The Echoing Zweihander,Weapon,SE-909,Dormant Monolith,N/A,** δ / Void,N/A,N/A,DMG: Variable | SPD: - | RNG: -,N/A,Registry_900_to_930/909_Dormant_Monolith,SOMNARAK-WORLD/MAW_Codex_Sets/Registry_900_to_930/909_Dormant_Monolith/SE-909-B__MAW-W_Dormant_Monolith_Lens.md
SE-909-C,MAW-S-909-01,Dormant Monolith Shield,Suit,SE-909,Dormant Monolith,N/A,** δ / Void,N/A,N/A,Standard Attire Resistances,N/A,Registry_900_to_930/909_Dormant_Monolith,SOMNARAK-WORLD/MAW_Codex_Sets/Registry_900_to_930/909_Dormant_Monolith/SE-909-C__MAW-S_Dormant_Monolith_Shield.md
SE-909-D,MAW-G-909-01,Dormant Monolith Charm,Gift,SE-909,Dormant Monolith,N/A,** δ / Void,N/A,N/A,Slot: Accessory | Bestowal: 5%,N/A,Registry_900_to_930/909_Dormant_Monolith,SOMNARAK-WORLD/MAW_Codex_Sets/Registry_900_to_930/909_Dormant_Monolith/SE-909-D__MAW-G_Dormant_Monolith_Charm.md
SE-910-A,SE-910-A,Moktak,Side-Codex,SE-910,,Echo (II) / Moderate (β),"Weight (Black) / SECTOR-N-910, contained",N/A,N/A,Master Side-Codex Dossier & Extraction Rules,N/A,Registry_900_to_930/910_Moktak,SOMNARAK-WORLD/MAW_Codex_Sets/Registry_900_to_930/910_Moktak/SE-910-A__SIDE_CODEX_Moktak.md
SE-910-B,MAW-W-910-01,Moktak's Edge,Weapon,SE-910,Moktak,N/A,** β / Weight,N/A,N/A,DMG: Variable | SPD: - | RNG: -,N/A,Registry_900_to_930/910_Moktak,SOMNARAK-WORLD/MAW_Codex_Sets/Registry_900_to_930/910_Moktak/SE-910-B__MAW-W_Moktak_s_Edge.md
SE-910-C,MAW-S-910-01,Moktak's Veil,Suit,SE-910,Moktak,N/A,** β / Weight,N/A,N/A,Standard Attire Resistances,N/A,Registry_900_to_930/910_Moktak,SOMNARAK-WORLD/MAW_Codex_Sets/Registry_900_to_930/910_Moktak/SE-910-C__MAW-S_Moktak_s_Veil.md
SE-910-D,MAW-G-910-01,Moktak's Token,Gift,SE-910,Moktak,N/A,** β / Weight,N/A,N/A,Slot: Accessory | Bestowal: 5%,N/A,Registry_900_to_930/910_Moktak,SOMNARAK-WORLD/MAW_Codex_Sets/Registry_900_to_930/910_Moktak/SE-910-D__MAW-G_Moktak_s_Token.md
SE-911-A,SE-911-A,Never Discharged,Side-Codex,SE-911,,Echo (II) / Moderate (β),"Weight (Black) / SECTOR-O-911, contained",N/A,N/A,Master Side-Codex Dossier & Extraction Rules,N/A,Registry_900_to_930/911_Never_Discharged,SOMNARAK-WORLD/MAW_Codex_Sets/Registry_900_to_930/911_Never_Discharged/SE-911-A__SIDE_CODEX_Never_Discharged.md
SE-911-B,MAW-W-911-01,Never Discharged's Edge,Weapon,SE-911,Never Discharged,N/A,** β / Weight,N/A,N/A,DMG: Variable | SPD: - | RNG: -,N/A,Registry_900_to_930/911_Never_Discharged,SOMNARAK-WORLD/MAW_Codex_Sets/Registry_900_to_930/911_Never_Discharged/SE-911-B__MAW-W_Never_Discharged_s_Edge.md
SE-911-C,MAW-S-911-01,Never Discharged's Veil,Suit,SE-911,Never Discharged,N/A,** β / Weight,N/A,N/A,Standard Attire Resistances,N/A,Registry_900_to_930/911_Never_Discharged,SOMNARAK-WORLD/MAW_Codex_Sets/Registry_900_to_930/911_Never_Discharged/SE-911-C__MAW-S_Never_Discharged_s_Veil.md
SE-911-D,MAW-G-911-01,Never Discharged's Token,Gift,SE-911,Never Discharged,N/A,** β / Weight,N/A,N/A,Slot: Accessory | Bestowal: 5%,N/A,Registry_900_to_930/911_Never_Discharged,SOMNARAK-WORLD/MAW_Codex_Sets/Registry_900_to_930/911_Never_Discharged/SE-911-D__MAW-G_Never_Discharged_s_Token.md
SE-912-A,SE-912-A,Eleven Fifty Nine,Side-Codex,SE-912,,Fragment (III) / Major (γ),"Lament (Deep Blue) / SECTOR-C-912, contained",N/A,N/A,Master Side-Codex Dossier & Extraction Rules,N/A,Registry_900_to_930/912_Eleven_Fifty_Nine,SOMNARAK-WORLD/MAW_Codex_Sets/Registry_900_to_930/912_Eleven_Fifty_Nine/SE-912-A__SIDE_CODEX_Eleven_Fifty_Nine.md
SE-912-B,MAW-W-912-01,Eleven Fifty-Nine's Edge,Weapon,SE-912,Eleven Fifty-Nine,N/A,** γ / Lament,N/A,N/A,DMG: Variable | SPD: - | RNG: -,N/A,Registry_900_to_930/912_Eleven_Fifty_Nine,SOMNARAK-WORLD/MAW_Codex_Sets/Registry_900_to_930/912_Eleven_Fifty_Nine/SE-912-B__MAW-W_Eleven_Fifty_Nine_s_Edge.md
SE-912-C,MAW-S-912-01,Eleven Fifty-Nine's Veil,Suit,SE-912,Eleven Fifty-Nine,N/A,** γ / Lament,N/A,N/A,Standard Attire Resistances,N/A,Registry_900_to_930/912_Eleven_Fifty_Nine,SOMNARAK-WORLD/MAW_Codex_Sets/Registry_900_to_930/912_Eleven_Fifty_Nine/SE-912-C__MAW-S_Eleven_Fifty_Nine_s_Veil.md
SE-912-D,MAW-G-912-01,Eleven Fifty-Nine's Token,Gift,SE-912,Eleven Fifty-Nine,N/A,** γ / Lament,N/A,N/A,Slot: Accessory | Bestowal: 5%,N/A,Registry_900_to_930/912_Eleven_Fifty_Nine,SOMNARAK-WORLD/MAW_Codex_Sets/Registry_900_to_930/912_Eleven_Fifty_Nine/SE-912-D__MAW-G_Eleven_Fifty_Nine_s_Token.md
SE-913-A,SE-913-A,Backward Hour,Side-Codex,SE-913,,Fragment (III) / Major (γ),"Grudge (Crimson) / SECTOR-C-913, contained",N/A,N/A,Master Side-Codex Dossier & Extraction Rules,N/A,Registry_900_to_930/913_Backward_Hour,SOMNARAK-WORLD/MAW_Codex_Sets/Registry_900_to_930/913_Backward_Hour/SE-913-A__SIDE_CODEX_Backward_Hour.md
SE-913-B,MAW-W-913-01,Backward Hour's Edge,Weapon,SE-913,Backward Hour,N/A,** γ / Grudge,N/A,N/A,DMG: Variable | SPD: - | RNG: -,N/A,Registry_900_to_930/913_Backward_Hour,SOMNARAK-WORLD/MAW_Codex_Sets/Registry_900_to_930/913_Backward_Hour/SE-913-B__MAW-W_Backward_Hour_s_Edge.md
SE-913-C,MAW-S-913-01,Backward Hour's Veil,Suit,SE-913,Backward Hour,N/A,** γ / Grudge,N/A,N/A,Standard Attire Resistances,N/A,Registry_900_to_930/913_Backward_Hour,SOMNARAK-WORLD/MAW_Codex_Sets/Registry_900_to_930/913_Backward_Hour/SE-913-C__MAW-S_Backward_Hour_s_Veil.md
SE-913-D,MAW-G-913-01,Backward Hour's Token,Gift,SE-913,Backward Hour,N/A,** γ / Grudge,N/A,N/A,Slot: Accessory | Bestowal: 5%,N/A,Registry_900_to_930/913_Backward_Hour,SOMNARAK-WORLD/MAW_Codex_Sets/Registry_900_to_930/913_Backward_Hour/SE-913-D__MAW-G_Backward_Hour_s_Token.md
SE-914-A,SE-914-A,Amnesia,Side-Codex,SE-914,,Echo (II) / Moderate (β),"Void (Pale White) / SECTOR-O-914, contained",N/A,N/A,Master Side-Codex Dossier & Extraction Rules,N/A,Registry_900_to_930/914_Amnesia,SOMNARAK-WORLD/MAW_Codex_Sets/Registry_900_to_930/914_Amnesia/SE-914-A__SIDE_CODEX_Amnesia.md
SE-914-B,MAW-W-914-01,The Driftglass Harpoon-Pike,Weapon,SE-914,Amnesia,N/A,** β / Void,N/A,N/A,DMG: Variable | SPD: - | RNG: -,N/A,Registry_900_to_930/914_Amnesia,SOMNARAK-WORLD/MAW_Codex_Sets/Registry_900_to_930/914_Amnesia/SE-914-B__MAW-W_Amnesia_s_Edge.md
SE-914-C,MAW-S-914-01,Amnesia's Veil,Suit,SE-914,Amnesia,N/A,** β / Void,N/A,N/A,Standard Attire Resistances,N/A,Registry_900_to_930/914_Amnesia,SOMNARAK-WORLD/MAW_Codex_Sets/Registry_900_to_930/914_Amnesia/SE-914-C__MAW-S_Amnesia_s_Veil.md
SE-914-D,MAW-G-914-01,Amnesia's Token,Gift,SE-914,Amnesia,N/A,** β / Void,N/A,N/A,Slot: Accessory | Bestowal: 5%,N/A,Registry_900_to_930/914_Amnesia,SOMNARAK-WORLD/MAW_Codex_Sets/Registry_900_to_930/914_Amnesia/SE-914-D__MAW-G_Amnesia_s_Token.md
SE-915-A,SE-915-A,Corrosion Dream,Side-Codex,SE-915,,Fragment (III) / Major (γ),"Void (Pale White) / Zone D, Forge District",N/A,N/A,Master Side-Codex Dossier & Extraction Rules,N/A,Registry_900_to_930/915_Corrosion_Dream,SOMNARAK-WORLD/MAW_Codex_Sets/Registry_900_to_930/915_Corrosion_Dream/SE-915-A__SIDE_CODEX_Corrosion_Dream.md
SE-915-B,MAW-W-915-01,The Corrosion Cutlass,Weapon,SE-915,Corrosion Dream,N/A,** γ / Void,N/A,N/A,DMG: Variable | SPD: - | RNG: -,N/A,Registry_900_to_930/915_Corrosion_Dream,SOMNARAK-WORLD/MAW_Codex_Sets/Registry_900_to_930/915_Corrosion_Dream/SE-915-B__MAW-W_The_Rusted_Lens.md
SE-915-C,MAW-S-915-01,The Rusted Span,Suit,SE-915,Corrosion Dream,N/A,** γ / Void,N/A,N/A,Standard Attire Resistances,N/A,Registry_900_to_930/915_Corrosion_Dream,SOMNARAK-WORLD/MAW_Codex_Sets/Registry_900_to_930/915_Corrosion_Dream/SE-915-C__MAW-S_The_Rusted_Span.md
SE-915-D,MAW-G-915-01,The Rusted Charm,Gift,SE-915,Corrosion Dream,N/A,** γ / Void,N/A,N/A,Slot: Accessory | Bestowal: 5%,N/A,Registry_900_to_930/915_Corrosion_Dream,SOMNARAK-WORLD/MAW_Codex_Sets/Registry_900_to_930/915_Corrosion_Dream/SE-915-D__MAW-G_The_Rusted_Charm.md
SE-916-A,SE-916-A,Devouring Bloom,Side-Codex,SE-916,,Fragment (III) / Major (γ),"Weight (Black) / Zone B, deep tunnels",N/A,N/A,Master Side-Codex Dossier & Extraction Rules,N/A,Registry_900_to_930/916_Devouring_Bloom,SOMNARAK-WORLD/MAW_Codex_Sets/Registry_900_to_930/916_Devouring_Bloom/SE-916-A__SIDE_CODEX_Devouring_Bloom.md
SE-916-B,MAW-W-916-01,Devouring Bloom Maul,Weapon,SE-916,Devouring Bloom,N/A,** δ / Weight,N/A,N/A,DMG: Variable | SPD: - | RNG: -,N/A,Registry_900_to_930/916_Devouring_Bloom,SOMNARAK-WORLD/MAW_Codex_Sets/Registry_900_to_930/916_Devouring_Bloom/SE-916-B__MAW-W_Devouring_Bloom_Maul.md
SE-916-C,MAW-S-916-01,Devouring Bloom Mantle,Suit,SE-916,Devouring Bloom,N/A,** δ / Weight,N/A,N/A,Standard Attire Resistances,N/A,Registry_900_to_930/916_Devouring_Bloom,SOMNARAK-WORLD/MAW_Codex_Sets/Registry_900_to_930/916_Devouring_Bloom/SE-916-C__MAW-S_Devouring_Bloom_Mantle.md
SE-916-D,MAW-G-916-01,Devouring Bloom Key,Gift,SE-916,Devouring Bloom,N/A,** δ / Weight,N/A,N/A,Slot: Accessory | Bestowal: 5%,N/A,Registry_900_to_930/916_Devouring_Bloom,SOMNARAK-WORLD/MAW_Codex_Sets/Registry_900_to_930/916_Devouring_Bloom/SE-916-D__MAW-G_Devouring_Bloom_Key.md
SE-917-A,SE-917-A,Dawn That Forgot,Side-Codex,SE-917,,Fragment (III) / Major (γ),"Void (Pale White) / SECTOR-N-917, contained",N/A,N/A,Master Side-Codex Dossier & Extraction Rules,N/A,Registry_900_to_930/917_Dawn_That_Forgot,SOMNARAK-WORLD/MAW_Codex_Sets/Registry_900_to_930/917_Dawn_That_Forgot/SE-917-A__SIDE_CODEX_Dawn_That_Forgot.md
SE-917-B,MAW-W-917-01,Dawn That Forgot's Edge,Weapon,SE-917,Dawn That Forgot,N/A,** γ / Void,N/A,N/A,DMG: Variable | SPD: - | RNG: -,N/A,Registry_900_to_930/917_Dawn_That_Forgot,SOMNARAK-WORLD/MAW_Codex_Sets/Registry_900_to_930/917_Dawn_That_Forgot/SE-917-B__MAW-W_Dawn_That_Forgot_s_Edge.md
SE-917-C,MAW-S-917-01,Dawn That Forgot's Veil,Suit,SE-917,Dawn That Forgot,N/A,** γ / Void,N/A,N/A,Standard Attire Resistances,N/A,Registry_900_to_930/917_Dawn_That_Forgot,SOMNARAK-WORLD/MAW_Codex_Sets/Registry_900_to_930/917_Dawn_That_Forgot/SE-917-C__MAW-S_Dawn_That_Forgot_s_Veil.md
SE-917-D,MAW-G-917-01,Dawn That Forgot's Token,Gift,SE-917,Dawn That Forgot,N/A,** γ / Void,N/A,N/A,Slot: Accessory | Bestowal: 5%,N/A,Registry_900_to_930/917_Dawn_That_Forgot,SOMNARAK-WORLD/MAW_Codex_Sets/Registry_900_to_930/917_Dawn_That_Forgot/SE-917-D__MAW-G_Dawn_That_Forgot_s_Token.md
SE-918-A,SE-918-A,Ninety Seconds,Side-Codex,SE-918,,Entity (IV) / Critical (δ),"Void (Pale White) / SECTOR-C-918, contained",N/A,N/A,Master Side-Codex Dossier & Extraction Rules,N/A,Registry_900_to_930/918_Ninety_Seconds,SOMNARAK-WORLD/MAW_Codex_Sets/Registry_900_to_930/918_Ninety_Seconds/SE-918-A__SIDE_CODEX_Ninety_Seconds.md
SE-918-B,MAW-W-918-01,Ninety Seconds's Edge,Weapon,SE-918,Ninety Seconds,N/A,** δ / Void,N/A,N/A,DMG: Variable | SPD: - | RNG: -,N/A,Registry_900_to_930/918_Ninety_Seconds,SOMNARAK-WORLD/MAW_Codex_Sets/Registry_900_to_930/918_Ninety_Seconds/SE-918-B__MAW-W_Ninety_Seconds_s_Edge.md
SE-918-C,MAW-S-918-01,Ninety Seconds's Veil,Suit,SE-918,Ninety Seconds,N/A,** δ / Void,N/A,N/A,Standard Attire Resistances,N/A,Registry_900_to_930/918_Ninety_Seconds,SOMNARAK-WORLD/MAW_Codex_Sets/Registry_900_to_930/918_Ninety_Seconds/SE-918-C__MAW-S_Ninety_Seconds_s_Veil.md
SE-918-D,MAW-G-918-01,Ninety Seconds's Token,Gift,SE-918,Ninety Seconds,N/A,** δ / Void,N/A,N/A,Slot: Accessory | Bestowal: 5%,N/A,Registry_900_to_930/918_Ninety_Seconds,SOMNARAK-WORLD/MAW_Codex_Sets/Registry_900_to_930/918_Ninety_Seconds/SE-918-D__MAW-G_Ninety_Seconds_s_Token.md
SE-919-A,SE-919-A,Passing Bell,Side-Codex,SE-919,,Echo (II) / Moderate (β),"Weight (Black) / SECTOR-N-919, contained",N/A,N/A,Master Side-Codex Dossier & Extraction Rules,N/A,Registry_900_to_930/919_Passing_Bell,SOMNARAK-WORLD/MAW_Codex_Sets/Registry_900_to_930/919_Passing_Bell/SE-919-A__SIDE_CODEX_Passing_Bell.md
SE-919-B,MAW-W-919-01,Passing Bell's Edge,Weapon,SE-919,Passing Bell,N/A,** β / Weight,N/A,N/A,DMG: Variable | SPD: - | RNG: -,N/A,Registry_900_to_930/919_Passing_Bell,SOMNARAK-WORLD/MAW_Codex_Sets/Registry_900_to_930/919_Passing_Bell/SE-919-B__MAW-W_Passing_Bell_s_Edge.md
SE-919-C,MAW-S-919-01,Passing Bell's Veil,Suit,SE-919,Passing Bell,N/A,** β / Weight,N/A,N/A,Standard Attire Resistances,N/A,Registry_900_to_930/919_Passing_Bell,SOMNARAK-WORLD/MAW_Codex_Sets/Registry_900_to_930/919_Passing_Bell/SE-919-C__MAW-S_Passing_Bell_s_Veil.md
SE-919-D,MAW-G-919-01,Passing Bell's Token,Gift,SE-919,Passing Bell,N/A,** β / Weight,N/A,N/A,Slot: Accessory | Bestowal: 5%,N/A,Registry_900_to_930/919_Passing_Bell,SOMNARAK-WORLD/MAW_Codex_Sets/Registry_900_to_930/919_Passing_Bell/SE-919-D__MAW-G_Passing_Bell_s_Token.md
SE-920-A,SE-920-A,Once Upon,Side-Codex,SE-920,,Fragment (III) / Major (γ),"Lament (Deep Blue) / SECTOR-O-920, contained",N/A,N/A,Master Side-Codex Dossier & Extraction Rules,N/A,Registry_900_to_930/920_Once_Upon,SOMNARAK-WORLD/MAW_Codex_Sets/Registry_900_to_930/920_Once_Upon/SE-920-A__SIDE_CODEX_Once_Upon.md
SE-920-B,MAW-W-920-01,Once Upon's Edge,Weapon,SE-920,Once Upon,N/A,** γ / Lament,N/A,N/A,DMG: Variable | SPD: - | RNG: -,N/A,Registry_900_to_930/920_Once_Upon,SOMNARAK-WORLD/MAW_Codex_Sets/Registry_900_to_930/920_Once_Upon/SE-920-B__MAW-W_Once_Upon_s_Edge.md
SE-920-C,MAW-S-920-01,Once Upon's Veil,Suit,SE-920,Once Upon,N/A,** γ / Lament,N/A,N/A,Standard Attire Resistances,N/A,Registry_900_to_930/920_Once_Upon,SOMNARAK-WORLD/MAW_Codex_Sets/Registry_900_to_930/920_Once_Upon/SE-920-C__MAW-S_Once_Upon_s_Veil.md
SE-920-D,MAW-G-920-01,Once Upon's Token,Gift,SE-920,Once Upon,N/A,** γ / Lament,N/A,N/A,Slot: Accessory | Bestowal: 5%,N/A,Registry_900_to_930/920_Once_Upon,SOMNARAK-WORLD/MAW_Codex_Sets/Registry_900_to_930/920_Once_Upon/SE-920-D__MAW-G_Once_Upon_s_Token.md
SE-921-A,SE-921-A,Cracked Flesh,Side-Codex,SE-921,,Fragment (III) / Major (γ),"Grudge (Crimson) / SECTOR-C-921, contained",N/A,N/A,Master Side-Codex Dossier & Extraction Rules,N/A,Registry_900_to_930/921_Cracked_Flesh,SOMNARAK-WORLD/MAW_Codex_Sets/Registry_900_to_930/921_Cracked_Flesh/SE-921-A__SIDE_CODEX_Cracked_Flesh.md
SE-921-B,MAW-W-921-01,The Awakened Marrow-Spike & Tendril,Weapon,SE-921,Cracked Flesh,N/A,** γ / Grudge,N/A,N/A,DMG: Variable | SPD: - | RNG: -,N/A,Registry_900_to_930/921_Cracked_Flesh,SOMNARAK-WORLD/MAW_Codex_Sets/Registry_900_to_930/921_Cracked_Flesh/SE-921-B__MAW-W_Cracked_Flesh_s_Edge.md
SE-921-C,MAW-S-921-01,The Suture-Cracked Hauberk,Suit,SE-921,Cracked Flesh,N/A,** γ / Grudge,N/A,N/A,Standard Attire Resistances,N/A,Registry_900_to_930/921_Cracked_Flesh,SOMNARAK-WORLD/MAW_Codex_Sets/Registry_900_to_930/921_Cracked_Flesh/SE-921-C__MAW-S_Cracked_Flesh_s_Veil.md
SE-921-D,MAW-G-921-01,The Fissured Skin Stigma,Gift,SE-921,Cracked Flesh,N/A,** γ / Grudge,N/A,N/A,Slot: Accessory | Bestowal: 5%,N/A,Registry_900_to_930/921_Cracked_Flesh,SOMNARAK-WORLD/MAW_Codex_Sets/Registry_900_to_930/921_Cracked_Flesh/SE-921-D__MAW-G_Cracked_Flesh_s_Token.md
SE-922-A,SE-922-A,Door to Nowhere,Side-Codex,SE-922,,Echo (II) / Moderate (β),"Grudge (Crimson) / Zone B, Old Lament — ambient",N/A,N/A,Master Side-Codex Dossier & Extraction Rules,N/A,Registry_900_to_930/922_Door_to_Nowhere,SOMNARAK-WORLD/MAW_Codex_Sets/Registry_900_to_930/922_Door_to_Nowhere/SE-922-A__SIDE_CODEX_Door_to_Nowhere.md
SE-922-B,MAW-W-922-01,The Threshold Ward-Staff,Weapon,SE-922,Door to Nowhere,N/A,** δ / Grudge,N/A,N/A,DMG: Variable | SPD: - | RNG: -,N/A,Registry_900_to_930/922_Door_to_Nowhere,SOMNARAK-WORLD/MAW_Codex_Sets/Registry_900_to_930/922_Door_to_Nowhere/SE-922-B__MAW-W_Door_to_Nowhere_Fang.md
SE-922-C,MAW-S-922-01,Door to Nowhere Shield,Suit,SE-922,Door to Nowhere,N/A,** δ / Grudge,N/A,N/A,Standard Attire Resistances,N/A,Registry_900_to_930/922_Door_to_Nowhere,SOMNARAK-WORLD/MAW_Codex_Sets/Registry_900_to_930/922_Door_to_Nowhere/SE-922-C__MAW-S_Door_to_Nowhere_Shield.md
SE-922-D,MAW-G-922-01,Door to Nowhere Charm,Gift,SE-922,Door to Nowhere,N/A,** δ / Grudge,N/A,N/A,Slot: Accessory | Bestowal: 5%,N/A,Registry_900_to_930/922_Door_to_Nowhere,SOMNARAK-WORLD/MAW_Codex_Sets/Registry_900_to_930/922_Door_to_Nowhere/SE-922-D__MAW-G_Door_to_Nowhere_Charm.md
SE-923-A,SE-923-A,Hatred Above,Side-Codex,SE-923,,Entity (IV) / Critical (δ),"Grudge (Crimson) / SECTOR-C-923, contained",N/A,N/A,Master Side-Codex Dossier & Extraction Rules,N/A,Registry_900_to_930/923_Hatred_Above,SOMNARAK-WORLD/MAW_Codex_Sets/Registry_900_to_930/923_Hatred_Above/SE-923-A__SIDE_CODEX_Hatred_Above.md
SE-923-B,MAW-W-923-01,Hatred Above's Edge,Weapon,SE-923,Hatred Above,N/A,** δ / Grudge,N/A,N/A,DMG: Variable | SPD: - | RNG: -,N/A,Registry_900_to_930/923_Hatred_Above,SOMNARAK-WORLD/MAW_Codex_Sets/Registry_900_to_930/923_Hatred_Above/SE-923-B__MAW-W_Hatred_Above_s_Edge.md
SE-923-C,MAW-S-923-01,Hatred Above's Veil,Suit,SE-923,Hatred Above,N/A,** δ / Grudge,N/A,N/A,Standard Attire Resistances,N/A,Registry_900_to_930/923_Hatred_Above,SOMNARAK-WORLD/MAW_Codex_Sets/Registry_900_to_930/923_Hatred_Above/SE-923-C__MAW-S_Hatred_Above_s_Veil.md
SE-923-D,MAW-G-923-01,Hatred Above's Token,Gift,SE-923,Hatred Above,N/A,** δ / Grudge,N/A,N/A,Slot: Accessory | Bestowal: 5%,N/A,Registry_900_to_930/923_Hatred_Above,SOMNARAK-WORLD/MAW_Codex_Sets/Registry_900_to_930/923_Hatred_Above/SE-923-D__MAW-G_Hatred_Above_s_Token.md
SE-924-A,SE-924-A,Weighted Silence,Side-Codex,SE-924,,Fragment (III) / Major (γ),"Void (Pale White) / SECTOR-O-924, contained",N/A,N/A,Master Side-Codex Dossier & Extraction Rules,N/A,Registry_900_to_930/924_Weighted_Silence,SOMNARAK-WORLD/MAW_Codex_Sets/Registry_900_to_930/924_Weighted_Silence/SE-924-A__SIDE_CODEX_Weighted_Silence.md
SE-924-B,MAW-W-924-01,Weighted Silence's Edge,Weapon,SE-924,Weighted Silence,N/A,** γ / Void,N/A,N/A,DMG: Variable | SPD: - | RNG: -,N/A,Registry_900_to_930/924_Weighted_Silence,SOMNARAK-WORLD/MAW_Codex_Sets/Registry_900_to_930/924_Weighted_Silence/SE-924-B__MAW-W_Weighted_Silence_s_Edge.md
SE-924-C,MAW-S-924-01,Weighted Silence's Veil,Suit,SE-924,Weighted Silence,N/A,** γ / Void,N/A,N/A,Standard Attire Resistances,N/A,Registry_900_to_930/924_Weighted_Silence,SOMNARAK-WORLD/MAW_Codex_Sets/Registry_900_to_930/924_Weighted_Silence/SE-924-C__MAW-S_Weighted_Silence_s_Veil.md
SE-924-D,MAW-G-924-01,Weighted Silence's Token,Gift,SE-924,Weighted Silence,N/A,** γ / Void,N/A,N/A,Slot: Accessory | Bestowal: 5%,N/A,Registry_900_to_930/924_Weighted_Silence,SOMNARAK-WORLD/MAW_Codex_Sets/Registry_900_to_930/924_Weighted_Silence/SE-924-D__MAW-G_Weighted_Silence_s_Token.md
SE-925-A,SE-925-A,Sorrow Mass,Side-Codex,SE-925,,Sovereign (V) / Catastrophic (ω),"Weight (Black) / SECTOR-C-925, UNCONTAINED",N/A,N/A,Master Side-Codex Dossier & Extraction Rules,N/A,Registry_900_to_930/925_Sorrow_Mass,SOMNARAK-WORLD/MAW_Codex_Sets/Registry_900_to_930/925_Sorrow_Mass/SE-925-A__SIDE_CODEX_Sorrow_Mass.md
SE-925-B,MAW-W-925-01,Sorrow Mass's Edge,Weapon,SE-925,Sorrow Mass,N/A,** ω / Weight,N/A,N/A,DMG: Variable | SPD: - | RNG: -,N/A,Registry_900_to_930/925_Sorrow_Mass,SOMNARAK-WORLD/MAW_Codex_Sets/Registry_900_to_930/925_Sorrow_Mass/SE-925-B__MAW-W_Sorrow_Mass_s_Edge.md
SE-925-C,MAW-S-925-01,Sorrow Mass's Veil,Suit,SE-925,Sorrow Mass,N/A,** ω / Weight,N/A,N/A,Standard Attire Resistances,N/A,Registry_900_to_930/925_Sorrow_Mass,SOMNARAK-WORLD/MAW_Codex_Sets/Registry_900_to_930/925_Sorrow_Mass/SE-925-C__MAW-S_Sorrow_Mass_s_Veil.md
SE-925-D,MAW-G-925-01,Sorrow Mass's Token,Gift,SE-925,Sorrow Mass,N/A,** ω / Weight,N/A,N/A,Slot: Accessory | Bestowal: 5%,N/A,Registry_900_to_930/925_Sorrow_Mass,SOMNARAK-WORLD/MAW_Codex_Sets/Registry_900_to_930/925_Sorrow_Mass/SE-925-D__MAW-G_Sorrow_Mass_s_Token.md
SE-926-A,SE-926-A,Sky of Borrowed Faces,Side-Codex,SE-926,,Fragment (III) / Major (γ),"Lament (Deep Blue) / SECTOR-O-926, contained",N/A,N/A,Master Side-Codex Dossier & Extraction Rules,N/A,Registry_900_to_930/926_Sky_of_Borrowed_Faces,SOMNARAK-WORLD/MAW_Codex_Sets/Registry_900_to_930/926_Sky_of_Borrowed_Faces/SE-926-A__SIDE_CODEX_Sky_of_Borrowed_Faces.md
SE-926-B,MAW-W-926-01,Sky of Borrowed Faces's Edge,Weapon,SE-926,Sky of Borrowed Faces,N/A,** γ / Lament,N/A,N/A,DMG: Variable | SPD: - | RNG: -,N/A,Registry_900_to_930/926_Sky_of_Borrowed_Faces,SOMNARAK-WORLD/MAW_Codex_Sets/Registry_900_to_930/926_Sky_of_Borrowed_Faces/SE-926-B__MAW-W_Sky_of_Borrowed_Faces_s_Edge.md
SE-926-C,MAW-S-926-01,Sky of Borrowed Faces's Veil,Suit,SE-926,Sky of Borrowed Faces,N/A,** γ / Lament,N/A,N/A,Standard Attire Resistances,N/A,Registry_900_to_930/926_Sky_of_Borrowed_Faces,SOMNARAK-WORLD/MAW_Codex_Sets/Registry_900_to_930/926_Sky_of_Borrowed_Faces/SE-926-C__MAW-S_Sky_of_Borrowed_Faces_s_Veil.md
SE-926-D,MAW-G-926-01,Sky of Borrowed Faces's Token,Gift,SE-926,Sky of Borrowed Faces,N/A,** γ / Lament,N/A,N/A,Slot: Accessory | Bestowal: 5%,N/A,Registry_900_to_930/926_Sky_of_Borrowed_Faces,SOMNARAK-WORLD/MAW_Codex_Sets/Registry_900_to_930/926_Sky_of_Borrowed_Faces/SE-926-D__MAW-G_Sky_of_Borrowed_Faces_s_Token.md
SE-927-A,SE-927-A,Dreaming Plague,Side-Codex,SE-927,,Entity (IV) / Critical (δ),"Void (Pale White) / SECTOR-N-927, contained",N/A,N/A,Master Side-Codex Dossier & Extraction Rules,N/A,Registry_900_to_930/927_Dreaming_Plague,SOMNARAK-WORLD/MAW_Codex_Sets/Registry_900_to_930/927_Dreaming_Plague/SE-927-A__SIDE_CODEX_Dreaming_Plague.md
SE-927-B,MAW-W-927-01,Dreaming Plague's Edge,Weapon,SE-927,Dreaming Plague,N/A,** δ / Void,N/A,N/A,DMG: Variable | SPD: - | RNG: -,N/A,Registry_900_to_930/927_Dreaming_Plague,SOMNARAK-WORLD/MAW_Codex_Sets/Registry_900_to_930/927_Dreaming_Plague/SE-927-B__MAW-W_Dreaming_Plague_s_Edge.md
SE-927-C,MAW-S-927-01,Dreaming Plague's Veil,Suit,SE-927,Dreaming Plague,N/A,** δ / Void,N/A,N/A,Standard Attire Resistances,N/A,Registry_900_to_930/927_Dreaming_Plague,SOMNARAK-WORLD/MAW_Codex_Sets/Registry_900_to_930/927_Dreaming_Plague/SE-927-C__MAW-S_Dreaming_Plague_s_Veil.md
SE-927-D,MAW-G-927-01,Dreaming Plague's Token,Gift,SE-927,Dreaming Plague,N/A,** δ / Void,N/A,N/A,Slot: Accessory | Bestowal: 5%,N/A,Registry_900_to_930/927_Dreaming_Plague,SOMNARAK-WORLD/MAW_Codex_Sets/Registry_900_to_930/927_Dreaming_Plague/SE-927-D__MAW-G_Dreaming_Plague_s_Token.md
SE-928-A,SE-928-A,Lethe,Side-Codex,SE-928,,Fragment (III) / Major (γ),"Void (Pale White) / SECTOR-C-928, contained",N/A,N/A,Master Side-Codex Dossier & Extraction Rules,N/A,Registry_900_to_930/928_Lethe,SOMNARAK-WORLD/MAW_Codex_Sets/Registry_900_to_930/928_Lethe/SE-928-A__SIDE_CODEX_Lethe.md
SE-928-B,MAW-W-928-01,Lethe's Edge,Weapon,SE-928,Lethe,N/A,** γ / Void,N/A,N/A,DMG: Variable | SPD: - | RNG: -,N/A,Registry_900_to_930/928_Lethe,SOMNARAK-WORLD/MAW_Codex_Sets/Registry_900_to_930/928_Lethe/SE-928-B__MAW-W_Lethe_s_Edge.md
SE-928-C,MAW-S-928-01,Lethe's Veil,Suit,SE-928,Lethe,N/A,** γ / Void,N/A,N/A,Standard Attire Resistances,N/A,Registry_900_to_930/928_Lethe,SOMNARAK-WORLD/MAW_Codex_Sets/Registry_900_to_930/928_Lethe/SE-928-C__MAW-S_Lethe_s_Veil.md
SE-928-D,MAW-G-928-01,Lethe's Token,Gift,SE-928,Lethe,N/A,** γ / Void,N/A,N/A,Slot: Accessory | Bestowal: 5%,N/A,Registry_900_to_930/928_Lethe,SOMNARAK-WORLD/MAW_Codex_Sets/Registry_900_to_930/928_Lethe/SE-928-D__MAW-G_Lethe_s_Token.md
SE-929-A,SE-929-A,Dead Air,Side-Codex,SE-929,,Fragment (III) / Major (γ),"Weight (Black) / SECTOR-N-929, contained",N/A,N/A,Master Side-Codex Dossier & Extraction Rules,N/A,Registry_900_to_930/929_Dead_Air,SOMNARAK-WORLD/MAW_Codex_Sets/Registry_900_to_930/929_Dead_Air/SE-929-A__SIDE_CODEX_Dead_Air.md
SE-929-B,MAW-W-929-01,Dead Air's Edge,Weapon,SE-929,Dead Air,N/A,** γ / Weight,N/A,N/A,DMG: Variable | SPD: - | RNG: -,N/A,Registry_900_to_930/929_Dead_Air,SOMNARAK-WORLD/MAW_Codex_Sets/Registry_900_to_930/929_Dead_Air/SE-929-B__MAW-W_Dead_Air_s_Edge.md
SE-929-C,MAW-S-929-01,Dead Air's Veil,Suit,SE-929,Dead Air,N/A,** γ / Weight,N/A,N/A,Standard Attire Resistances,N/A,Registry_900_to_930/929_Dead_Air,SOMNARAK-WORLD/MAW_Codex_Sets/Registry_900_to_930/929_Dead_Air/SE-929-C__MAW-S_Dead_Air_s_Veil.md
SE-929-D,MAW-G-929-01,Dead Air's Token,Gift,SE-929,Dead Air,N/A,** γ / Weight,N/A,N/A,Slot: Accessory | Bestowal: 5%,N/A,Registry_900_to_930/929_Dead_Air,SOMNARAK-WORLD/MAW_Codex_Sets/Registry_900_to_930/929_Dead_Air/SE-929-D__MAW-G_Dead_Air_s_Token.md
SE-930-A,SE-930-A,Once Told,Side-Codex,SE-930,,Entity (IV) / Critical (δ),"Lament (Deep Blue) / SECTOR-O-930, contained",N/A,N/A,Master Side-Codex Dossier & Extraction Rules,N/A,Registry_900_to_930/930_Once_Told,SOMNARAK-WORLD/MAW_Codex_Sets/Registry_900_to_930/930_Once_Told/SE-930-A__SIDE_CODEX_Once_Told.md
SE-930-B,MAW-W-930-01,Once Told's Edge,Weapon,SE-930,Once Told,N/A,** δ / Lament,N/A,N/A,DMG: Variable | SPD: - | RNG: -,N/A,Registry_900_to_930/930_Once_Told,SOMNARAK-WORLD/MAW_Codex_Sets/Registry_900_to_930/930_Once_Told/SE-930-B__MAW-W_Once_Told_s_Edge.md
SE-930-C,MAW-S-930-01,Once Told's Veil,Suit,SE-930,Once Told,N/A,** δ / Lament,N/A,N/A,Standard Attire Resistances,N/A,Registry_900_to_930/930_Once_Told,SOMNARAK-WORLD/MAW_Codex_Sets/Registry_900_to_930/930_Once_Told/SE-930-C__MAW-S_Once_Told_s_Veil.md
SE-930-D,MAW-G-930-01,Once Told's Token,Gift,SE-930,Once Told,N/A,** δ / Lament,N/A,N/A,Slot: Accessory | Bestowal: 5%,N/A,Registry_900_to_930/930_Once_Told,SOMNARAK-WORLD/MAW_Codex_Sets/Registry_900_to_930/930_Once_Told/SE-930-D__MAW-G_Once_Told_s_Token.md
SE-941-A,SE-941-A,Grieving Love,Side-Codex,SE-941,,Fragment (III) — Reaches for the comfort she could never give / Moderate (β),"Lament (Deep Blue) / SECTOR-D-03, Zone D — the Drowned Apothecary",N/A,N/A,Master Side-Codex Dossier & Extraction Rules,N/A,Registry_941_to_976/941_Grieving_Love,SOMNARAK-WORLD/MAW_Codex_Sets/Registry_941_to_976/941_Grieving_Love/SE-941-A__SIDE_CODEX_Grieving_Love.md
SE-941-B,MAW-W-941-01,The Comforting Coil,Weapon,SE-941,Grieving Love,N/A,** β / Lament,N/A,N/A,DMG: Variable | SPD: - | RNG: -,N/A,Registry_941_to_976/941_Grieving_Love,SOMNARAK-WORLD/MAW_Codex_Sets/Registry_941_to_976/941_Grieving_Love/SE-941-B__MAW-W_The_Comforting_Coil.md
SE-941-C,MAW-S-941-01,The Mourner's Film,Suit,SE-941,Grieving Love,N/A,** β / Lament,N/A,N/A,Standard Attire Resistances,N/A,Registry_941_to_976/941_Grieving_Love,SOMNARAK-WORLD/MAW_Codex_Sets/Registry_941_to_976/941_Grieving_Love/SE-941-C__MAW-S_The_Mourner_s_Film.md
SE-941-D,MAW-G-941-01,The Tear Pendant,Gift,SE-941,Grieving Love,N/A,** β / Lament,N/A,N/A,Slot: Accessory | Bestowal: 5%,N/A,Registry_941_to_976/941_Grieving_Love,SOMNARAK-WORLD/MAW_Codex_Sets/Registry_941_to_976/941_Grieving_Love/SE-941-D__MAW-G_The_Tear_Pendant.md
SE-944-A,SE-944-A,Calling Bloom,Side-Codex,SE-944,,"Fragment (III) — Wanders the wood, calling a name that was used to lure her there / Moderate (β)","Lament (Deep Blue) / The Muttering Wood, beyond SECTOR-E-02 (Uncontained / Managed)",N/A,N/A,Master Side-Codex Dossier & Extraction Rules,N/A,Registry_941_to_976/944_Calling_Bloom,SOMNARAK-WORLD/MAW_Codex_Sets/Registry_941_to_976/944_Calling_Bloom/SE-944-A__SIDE_CODEX_Calling_Bloom.md
SE-944-B,MAW-W-944-01,The Murmur Vine,Weapon,SE-944,Calling Bloom,N/A,** β / Lament,N/A,N/A,DMG: Variable | SPD: - | RNG: -,N/A,Registry_941_to_976/944_Calling_Bloom,SOMNARAK-WORLD/MAW_Codex_Sets/Registry_941_to_976/944_Calling_Bloom/SE-944-B__MAW-W_The_Murmur_Vine.md
SE-944-C,MAW-S-944-01,The Petal Mantle,Suit,SE-944,Calling Bloom,N/A,** β / Lament,N/A,N/A,Standard Attire Resistances,N/A,Registry_941_to_976/944_Calling_Bloom,SOMNARAK-WORLD/MAW_Codex_Sets/Registry_941_to_976/944_Calling_Bloom/SE-944-C__MAW-S_The_Petal_Mantle.md
SE-944-D,MAW-G-944-01,The Watcher's Petal,Gift,SE-944,Calling Bloom,N/A,** β / Lament,N/A,N/A,Slot: Accessory | Bestowal: 5%,N/A,Registry_941_to_976/944_Calling_Bloom,SOMNARAK-WORLD/MAW_Codex_Sets/Registry_941_to_976/944_Calling_Bloom/SE-944-D__MAW-G_The_Watcher_s_Petal.md
SE-946-A,SE-946-A,Blackened Angel,Side-Codex,SE-946,,"Entity (IV) — Grants every wish asked of it, and cannot refuse — but remembers each one, and has learned to doubt / Major (γ)","Weight (Black) / The Tarnished Shrine, SECTOR-A-04, Zone A (Contained on-site)",N/A,N/A,Master Side-Codex Dossier & Extraction Rules,N/A,Registry_941_to_976/946_Blackened_Angel,SOMNARAK-WORLD/MAW_Codex_Sets/Registry_941_to_976/946_Blackened_Angel/SE-946-A__SIDE_CODEX_Blackened_Angel.md
SE-946-B,MAW-W-946-01,The Tarnish Plume,Weapon,SE-946,Blackened Angel,N/A,** γ / Weight,N/A,N/A,DMG: Variable | SPD: - | RNG: -,N/A,Registry_941_to_976/946_Blackened_Angel,SOMNARAK-WORLD/MAW_Codex_Sets/Registry_941_to_976/946_Blackened_Angel/SE-946-B__MAW-W_The_Tarnish_Plume.md
SE-946-C,MAW-S-946-01,The Gilded Shroud,Suit,SE-946,Blackened Angel,N/A,** γ / Weight,N/A,N/A,Standard Attire Resistances,N/A,Registry_941_to_976/946_Blackened_Angel,SOMNARAK-WORLD/MAW_Codex_Sets/Registry_941_to_976/946_Blackened_Angel/SE-946-C__MAW-S_The_Gilded_Shroud.md
SE-946-D,MAW-G-946-01,The Blue-Black Tear,Gift,SE-946,Blackened Angel,N/A,** γ / Weight,N/A,N/A,Slot: Accessory | Bestowal: 5%,N/A,Registry_941_to_976/946_Blackened_Angel,SOMNARAK-WORLD/MAW_Codex_Sets/Registry_941_to_976/946_Blackened_Angel/SE-946-D__MAW-G_The_Blue_Black_Tear.md
SE-947-A,SE-947-A,The Soot Fry,Side-Codex,SE-947,,"Echo (II) — Hunts the way it always has, remembering nothing of why / Moderate (β)","Weight (Black) / The Pale Puddle, SECTOR-B-09, Zone B",N/A,N/A,Master Side-Codex Dossier & Extraction Rules,N/A,Registry_941_to_976/947_Soot_Fry,SOMNARAK-WORLD/MAW_Codex_Sets/Registry_941_to_976/947_Soot_Fry/SE-947-A__SIDE_CODEX_Soot_Fry.md
SE-947-B,MAW-W-947-01,The Still Current,Weapon,SE-947,The Soot Fry,N/A,** β / Weight,N/A,N/A,DMG: Variable | SPD: - | RNG: -,N/A,Registry_941_to_976/947_Soot_Fry,SOMNARAK-WORLD/MAW_Codex_Sets/Registry_941_to_976/947_Soot_Fry/SE-947-B__MAW-W_The_Still_Current.md
SE-947-C,MAW-S-947-01,The White Scale,Suit,SE-947,The Soot Fry,N/A,** β / Weight,N/A,N/A,Standard Attire Resistances,N/A,Registry_941_to_976/947_Soot_Fry,SOMNARAK-WORLD/MAW_Codex_Sets/Registry_941_to_976/947_Soot_Fry/SE-947-C__MAW-S_The_White_Scale.md
SE-947-D,MAW-G-947-01,The Black Drop,Gift,SE-947,The Soot Fry,N/A,** β / Weight,N/A,N/A,Slot: Accessory | Bestowal: 5%,N/A,Registry_941_to_976/947_Soot_Fry,SOMNARAK-WORLD/MAW_Codex_Sets/Registry_941_to_976/947_Soot_Fry/SE-947-D__MAW-G_The_Black_Drop.md
SE-948-A,SE-948-A,The Foam Flood,Side-Codex,SE-948,,"Fragment (III) — Feels everything, and cannot lift from the earth / Major (γ)","Lament (Deep Blue) / The Dry Riverbed Vault, SECTOR-C-07, Zone C",N/A,N/A,Master Side-Codex Dossier & Extraction Rules,N/A,Registry_941_to_976/948_Foam_Flood,SOMNARAK-WORLD/MAW_Codex_Sets/Registry_941_to_976/948_Foam_Flood/SE-948-A__SIDE_CODEX_Foam_Flood.md
SE-948-B,MAW-W-948-01,The Skyward Spear,Weapon,SE-948,The Foam Flood,N/A,** γ / Lament,N/A,N/A,DMG: Variable | SPD: - | RNG: -,N/A,Registry_941_to_976/948_Foam_Flood,SOMNARAK-WORLD/MAW_Codex_Sets/Registry_941_to_976/948_Foam_Flood/SE-948-B__MAW-W_The_Skyward_Spear.md
SE-948-C,MAW-S-948-01,The Glider's Mantle,Suit,SE-948,The Foam Flood,N/A,** γ / Lament,N/A,N/A,Standard Attire Resistances,N/A,Registry_941_to_976/948_Foam_Flood,SOMNARAK-WORLD/MAW_Codex_Sets/Registry_941_to_976/948_Foam_Flood/SE-948-C__MAW-S_The_Glider_s_Mantle.md
SE-948-D,MAW-G-948-01,The Glowing Eye,Gift,SE-948,The Foam Flood,N/A,** γ / Lament,N/A,N/A,Slot: Accessory | Bestowal: 5%,N/A,Registry_941_to_976/948_Foam_Flood,SOMNARAK-WORLD/MAW_Codex_Sets/Registry_941_to_976/948_Foam_Flood/SE-948-D__MAW-G_The_Glowing_Eye.md
SE-949-A,SE-949-A,The Stormscale Sovereign,Side-Codex,SE-949,,"Sovereign (V) — Held the sky and the river in one breath, and could not hold itself / Critical (δ)",Mixed / Latent — manifests only upon the reunion of the Soot Fry (C-IIβ-947) and the Foam Flood (C-IIIγ-948); currently Unmanifested / Forbidden,N/A,N/A,Master Side-Codex Dossier & Extraction Rules,N/A,Registry_941_to_976/949_Stormscale_Sovereign,SOMNARAK-WORLD/MAW_Codex_Sets/Registry_941_to_976/949_Stormscale_Sovereign/SE-949-A__SIDE_CODEX_Stormscale_Sovereign.md
SE-949-B,MAW-W-949-01,The Fourfold Fang,Weapon,SE-949,The Stormscale Sovereign,N/A,** δ / Mixed,N/A,N/A,DMG: Variable | SPD: - | RNG: -,N/A,Registry_941_to_976/949_Stormscale_Sovereign,SOMNARAK-WORLD/MAW_Codex_Sets/Registry_941_to_976/949_Stormscale_Sovereign/SE-949-B__MAW-W_The_Fourfold_Fang.md
SE-949-C,MAW-S-949-01,The Two-Halves Mantle,Suit,SE-949,The Stormscale Sovereign,N/A,** δ / Mixed,N/A,N/A,Standard Attire Resistances,N/A,Registry_941_to_976/949_Stormscale_Sovereign,SOMNARAK-WORLD/MAW_Codex_Sets/Registry_941_to_976/949_Stormscale_Sovereign/SE-949-C__MAW-S_The_Two_Halves_Mantle.md
SE-949-D,MAW-G-949-01,The Mismatched Eye,Gift,SE-949,The Stormscale Sovereign,N/A,** δ / Mixed,N/A,N/A,Slot: Accessory | Bestowal: 5%,N/A,Registry_941_to_976/949_Stormscale_Sovereign,SOMNARAK-WORLD/MAW_Codex_Sets/Registry_941_to_976/949_Stormscale_Sovereign/SE-949-D__MAW-G_The_Mismatched_Eye.md
SE-954-A,SE-954-A,Vanity Asleep,Side-Codex,SE-954,,Fragment (III) / Major (γ),"Void (Pale White) / Zone A, Alpha Tree",N/A,N/A,Master Side-Codex Dossier & Extraction Rules,N/A,Registry_941_to_976/954_Vanity_Asleep,SOMNARAK-WORLD/MAW_Codex_Sets/Registry_941_to_976/954_Vanity_Asleep/SE-954-A__SIDE_CODEX_Vanity_Asleep.md
SE-954-B,MAW-W-954-01,The Somnolent Trench-Rifle,Weapon,SE-954,Vanity Asleep,N/A,** γ / Void,N/A,N/A,DMG: Variable | SPD: - | RNG: -,N/A,Registry_941_to_976/954_Vanity_Asleep,SOMNARAK-WORLD/MAW_Codex_Sets/Registry_941_to_976/954_Vanity_Asleep/SE-954-B__MAW-W_The_Sleeping_Lens.md
SE-954-C,MAW-S-954-01,The Sleeping Veil,Suit,SE-954,Vanity Asleep,N/A,** γ / Void,N/A,N/A,Standard Attire Resistances,N/A,Registry_941_to_976/954_Vanity_Asleep,SOMNARAK-WORLD/MAW_Codex_Sets/Registry_941_to_976/954_Vanity_Asleep/SE-954-C__MAW-S_The_Sleeping_Veil.md
SE-954-D,MAW-G-954-01,The Sleeping Reflection,Gift,SE-954,Vanity Asleep,N/A,** γ / Void,N/A,N/A,Slot: Accessory | Bestowal: 5%,N/A,Registry_941_to_976/954_Vanity_Asleep,SOMNARAK-WORLD/MAW_Codex_Sets/Registry_941_to_976/954_Vanity_Asleep/SE-954-D__MAW-G_The_Sleeping_Reflection.md
SE-959-A,SE-959-A,Uprooted,Side-Codex,SE-959,,Fragment (III) / Major (γ),Lament (Deep Blue) / The Desolate — mobile,N/A,N/A,Master Side-Codex Dossier & Extraction Rules,N/A,Registry_941_to_976/959_Uprooted,SOMNARAK-WORLD/MAW_Codex_Sets/Registry_941_to_976/959_Uprooted/SE-959-A__SIDE_CODEX_Uprooted.md
SE-959-B,MAW-W-959-01,The Graveweed Needle-Rifle,Weapon,SE-959,Uprooted,N/A,** α / Lament,N/A,N/A,DMG: Variable | SPD: - | RNG: -,N/A,Registry_941_to_976/959_Uprooted,SOMNARAK-WORLD/MAW_Codex_Sets/Registry_941_to_976/959_Uprooted/SE-959-B__MAW-W_Uprooted_Requiem.md
SE-959-C,MAW-S-959-01,Uprooted Shield,Suit,SE-959,Uprooted,N/A,** α / Lament,N/A,N/A,Standard Attire Resistances,N/A,Registry_941_to_976/959_Uprooted,SOMNARAK-WORLD/MAW_Codex_Sets/Registry_941_to_976/959_Uprooted/SE-959-C__MAW-S_Uprooted_Shield.md
SE-959-D,MAW-G-959-01,Uprooted Charm,Gift,SE-959,Uprooted,N/A,** α / Lament,N/A,N/A,Slot: Accessory | Bestowal: 5%,N/A,Registry_941_to_976/959_Uprooted,SOMNARAK-WORLD/MAW_Codex_Sets/Registry_941_to_976/959_Uprooted/SE-959-D__MAW-G_Uprooted_Charm.md
SE-965-A,SE-965-A,Unheard,Side-Codex,SE-965,,Residue (I) / Minor (α),"Grudge (Crimson) / Zone C, Collector's Row",N/A,N/A,Master Side-Codex Dossier & Extraction Rules,N/A,Registry_941_to_976/965_Unheard,SOMNARAK-WORLD/MAW_Codex_Sets/Registry_941_to_976/965_Unheard/SE-965-A__SIDE_CODEX_Unheard.md
SE-965-B,MAW-W-965-01,Unheard Fang,Weapon,SE-965,Unheard,N/A,** α / Grudge,N/A,N/A,DMG: Variable | SPD: - | RNG: -,N/A,Registry_941_to_976/965_Unheard,SOMNARAK-WORLD/MAW_Codex_Sets/Registry_941_to_976/965_Unheard/SE-965-B__MAW-W_Unheard_Fang.md
SE-965-C,MAW-S-965-01,Unheard Plate,Suit,SE-965,Unheard,N/A,** α / Grudge,N/A,N/A,Standard Attire Resistances,N/A,Registry_941_to_976/965_Unheard,SOMNARAK-WORLD/MAW_Codex_Sets/Registry_941_to_976/965_Unheard/SE-965-C__MAW-S_Unheard_Plate.md
SE-965-D,MAW-G-965-01,Unheard Lantern,Gift,SE-965,Unheard,N/A,** α / Grudge,N/A,N/A,Slot: Accessory | Bestowal: 5%,N/A,Registry_941_to_976/965_Unheard,SOMNARAK-WORLD/MAW_Codex_Sets/Registry_941_to_976/965_Unheard/SE-965-D__MAW-G_Unheard_Lantern.md
SE-967-A,SE-967-A,Pandora s Jar,Side-Codex,SE-967,,Entity (IV) — Self-aware / Critical (δ),Weight (Black) / The Desolate — mobile,N/A,N/A,Master Side-Codex Dossier & Extraction Rules,N/A,Registry_941_to_976/967_Pandora_s_Jar,SOMNARAK-WORLD/MAW_Codex_Sets/Registry_941_to_976/967_Pandora_s_Jar/SE-967-A__SIDE_CODEX_Pandora_s_Jar.md
SE-967-B,MAW-W-967-01,The Pandora War-Cleaver,Weapon,SE-967,Pandora's Jar,N/A,** δ / Weight,N/A,N/A,DMG: Variable | SPD: - | RNG: -,N/A,Registry_941_to_976/967_Pandora_s_Jar,SOMNARAK-WORLD/MAW_Codex_Sets/Registry_941_to_976/967_Pandora_s_Jar/SE-967-B__MAW-W_The_Relic_Maul.md
SE-967-C,MAW-S-967-01,The Relic Burden,Suit,SE-967,Pandora's Jar,N/A,** δ / Weight,N/A,N/A,Standard Attire Resistances,N/A,Registry_941_to_976/967_Pandora_s_Jar,SOMNARAK-WORLD/MAW_Codex_Sets/Registry_941_to_976/967_Pandora_s_Jar/SE-967-C__MAW-S_The_Relic_Burden.md
SE-967-D,MAW-G-967-01,The Relic Charm,Gift,SE-967,Pandora's Jar,N/A,** δ / Weight,N/A,N/A,Slot: Accessory | Bestowal: 5%,N/A,Registry_941_to_976/967_Pandora_s_Jar,SOMNARAK-WORLD/MAW_Codex_Sets/Registry_941_to_976/967_Pandora_s_Jar/SE-967-D__MAW-G_The_Relic_Charm.md
SE-973-A,SE-973-A,Yggdrasil Wound,Side-Codex,SE-973,,Residue (I) / Minor (α),"Void (Pale White) / Zone B, deep tunnels",N/A,N/A,Master Side-Codex Dossier & Extraction Rules,N/A,Registry_941_to_976/973_Yggdrasil_Wound,SOMNARAK-WORLD/MAW_Codex_Sets/Registry_941_to_976/973_Yggdrasil_Wound/SE-973-A__SIDE_CODEX_Yggdrasil_Wound.md
SE-973-B,MAW-W-973-01,The Wounded Tree-Censer,Weapon,SE-973,Yggdrasil Wound,N/A,** α / Void,N/A,N/A,DMG: Variable | SPD: - | RNG: -,N/A,Registry_941_to_976/973_Yggdrasil_Wound,SOMNARAK-WORLD/MAW_Codex_Sets/Registry_941_to_976/973_Yggdrasil_Wound/SE-973-B__MAW-W_The_Torn_Lens.md
SE-973-C,MAW-S-973-01,The Torn Veil,Suit,SE-973,Yggdrasil Wound,N/A,** α / Void,N/A,N/A,Standard Attire Resistances,N/A,Registry_941_to_976/973_Yggdrasil_Wound,SOMNARAK-WORLD/MAW_Codex_Sets/Registry_941_to_976/973_Yggdrasil_Wound/SE-973-C__MAW-S_The_Torn_Veil.md
SE-973-D,MAW-G-973-01,The Torn Root,Gift,SE-973,Yggdrasil Wound,N/A,** α / Void,N/A,N/A,Slot: Accessory | Bestowal: 5%,N/A,Registry_941_to_976/973_Yggdrasil_Wound,SOMNARAK-WORLD/MAW_Codex_Sets/Registry_941_to_976/973_Yggdrasil_Wound/SE-973-D__MAW-G_The_Torn_Root.md
SE-976-A,SE-976-A,Willing Chains,Side-Codex,SE-976,,Entity (IV) / Critical (δ),"Void (Pale White) / Zone B, Old Lament — ambient",N/A,N/A,Master Side-Codex Dossier & Extraction Rules,N/A,Registry_941_to_976/976_Willing_Chains,SOMNARAK-WORLD/MAW_Codex_Sets/Registry_941_to_976/976_Willing_Chains/SE-976-A__SIDE_CODEX_Willing_Chains.md
SE-976-B,MAW-W-976-01,Willing Chains Lens,Weapon,SE-976,Willing Chains,N/A,** β / Void,N/A,N/A,DMG: Variable | SPD: - | RNG: -,N/A,Registry_941_to_976/976_Willing_Chains,SOMNARAK-WORLD/MAW_Codex_Sets/Registry_941_to_976/976_Willing_Chains/SE-976-B__MAW-W_Willing_Chains_Lens.md
SE-976-C,MAW-S-976-01,Willing Chains Veil,Suit,SE-976,Willing Chains,N/A,** β / Void,N/A,N/A,Standard Attire Resistances,N/A,Registry_941_to_976/976_Willing_Chains,SOMNARAK-WORLD/MAW_Codex_Sets/Registry_941_to_976/976_Willing_Chains/SE-976-C__MAW-S_Willing_Chains_Veil.md
SE-976-D,MAW-G-976-01,Willing Chains Lantern,Gift,SE-976,Willing Chains,N/A,** β / Void,N/A,N/A,Slot: Accessory | Bestowal: 5%,N/A,Registry_941_to_976/976_Willing_Chains,SOMNARAK-WORLD/MAW_Codex_Sets/Registry_941_to_976/976_Willing_Chains/SE-976-D__MAW-G_Willing_Chains_Lantern.md
SE-993-A,SE-993-A,Survivor s Span,Side-Codex,SE-993,,Echo (II) / Moderate (β),"Weight (Black) / Zone B, deep tunnels",N/A,N/A,Master Side-Codex Dossier & Extraction Rules,N/A,Registry_993_to_997/993_Survivor_s_Span,SOMNARAK-WORLD/MAW_Codex_Sets/Registry_993_to_997/993_Survivor_s_Span/SE-993-A__SIDE_CODEX_Survivor_s_Span.md
SE-993-B,MAW-W-993-01,The Arch-Span Orrery,Weapon,SE-993,Survivor's Span,N/A,** β / Weight,N/A,N/A,DMG: Variable | SPD: - | RNG: -,N/A,Registry_993_to_997/993_Survivor_s_Span,SOMNARAK-WORLD/MAW_Codex_Sets/Registry_993_to_997/993_Survivor_s_Span/SE-993-B__MAW-W_The_Bridge_Maul.md
SE-993-C,MAW-S-993-01,The Bridge Brace,Suit,SE-993,Survivor's Span,N/A,** β / Weight,N/A,N/A,Standard Attire Resistances,N/A,Registry_993_to_997/993_Survivor_s_Span,SOMNARAK-WORLD/MAW_Codex_Sets/Registry_993_to_997/993_Survivor_s_Span/SE-993-C__MAW-S_The_Bridge_Brace.md
SE-993-D,MAW-G-993-01,The Bridge Charm,Gift,SE-993,Survivor's Span,N/A,** β / Weight,N/A,N/A,Slot: Accessory | Bestowal: 5%,N/A,Registry_993_to_997/993_Survivor_s_Span,SOMNARAK-WORLD/MAW_Codex_Sets/Registry_993_to_997/993_Survivor_s_Span/SE-993-D__MAW-G_The_Bridge_Charm.md
SE-997-A,SE-997-A,Drowned Roots,Side-Codex,SE-997,,Echo (II) / Moderate (β),"Lament (Deep Blue) / Zone C, Mask Market",N/A,N/A,Master Side-Codex Dossier & Extraction Rules,N/A,Registry_993_to_997/997_Drowned_Roots,SOMNARAK-WORLD/MAW_Codex_Sets/Registry_993_to_997/997_Drowned_Roots/SE-997-A__SIDE_CODEX_Drowned_Roots.md
SE-997-B,MAW-W-997-01,Drowned Roots Requiem,Weapon,SE-997,Drowned Roots,N/A,** γ / Lament,N/A,N/A,DMG: Variable | SPD: - | RNG: -,N/A,Registry_993_to_997/997_Drowned_Roots,SOMNARAK-WORLD/MAW_Codex_Sets/Registry_993_to_997/997_Drowned_Roots/SE-997-B__MAW-W_Drowned_Roots_Requiem.md
SE-997-C,MAW-S-997-01,Drowned Roots Shroud,Suit,SE-997,Drowned Roots,N/A,** γ / Lament,N/A,N/A,Standard Attire Resistances,N/A,Registry_993_to_997/997_Drowned_Roots,SOMNARAK-WORLD/MAW_Codex_Sets/Registry_993_to_997/997_Drowned_Roots/SE-997-C__MAW-S_Drowned_Roots_Shroud.md
SE-997-D,MAW-G-997-01,Drowned Roots Lantern,Gift,SE-997,Drowned Roots,N/A,** γ / Lament,N/A,N/A,Slot: Accessory | Bestowal: 5%,N/A,Registry_993_to_997/997_Drowned_Roots,SOMNARAK-WORLD/MAW_Codex_Sets/Registry_993_to_997/997_Drowned_Roots/SE-997-D__MAW-G_Drowned_Roots_Lantern.md
UNK-247-A,UNK-247-A,The Undelivered Thanks,Side-Codex,UNK-247,,III / β,Weight,N/A,N/A,Master Side-Codex Dossier & Extraction Rules,N/A,Registry_UNK_247_to_903/UNK_247_The_Undelivered_Thanks,SOMNARAK-WORLD/MAW_Codex_Sets/Registry_UNK_247_to_903/UNK_247_The_Undelivered_Thanks/UNK_247-A__SIDE_CODEX_The_Undelivered_Thanks.md
UNK-247-B,MAW-W-UNK-247-01,The Undelivered Letter,Weapon,UNK-247,The Undelivered Thanks,β,Damage,N/A,N/A,DMG: Variable | SPD: - | RNG: -,N/A,Registry_UNK_247_to_903/UNK_247_The_Undelivered_Thanks,SOMNARAK-WORLD/MAW_Codex_Sets/Registry_UNK_247_to_903/UNK_247_The_Undelivered_Thanks/UNK_247-B__MAW-W_The_Undelivered_Letter.md
UNK-247-C,MAW-S-UNK-247-01,Gratitude Mail,Suit,UNK-247,The Undelivered Thanks,β,** β / Weight,N/A,N/A,Standard Attire Resistances,N/A,Registry_UNK_247_to_903/UNK_247_The_Undelivered_Thanks,SOMNARAK-WORLD/MAW_Codex_Sets/Registry_UNK_247_to_903/UNK_247_The_Undelivered_Thanks/UNK_247-C__MAW-S_Gratitude_Mail.md
UNK-247-D,MAW-G-UNK-247-01,The Warm Stone,Gift,UNK-247,The Undelivered Thanks,β,Weight,N/A,N/A,Slot: Accessory | Bestowal: 5%,N/A,Registry_UNK_247_to_903/UNK_247_The_Undelivered_Thanks,SOMNARAK-WORLD/MAW_Codex_Sets/Registry_UNK_247_to_903/UNK_247_The_Undelivered_Thanks/UNK_247-D__MAW-G_The_Warm_Stone.md
UNK-248-A,UNK-248-A,The Unconsoled,Side-Codex,UNK-248,,III / γ,"Lament / Old Lament, drifting toward Alpha Tree roots",N/A,N/A,Master Side-Codex Dossier & Extraction Rules,N/A,Registry_UNK_247_to_903/UNK_248_The_Unconsoled,SOMNARAK-WORLD/MAW_Codex_Sets/Registry_UNK_247_to_903/UNK_248_The_Unconsoled/UNK_248-A__SIDE_CODEX_The_Unconsoled.md
UNK-248-B,MAW-W-UNK-248-01,Founder’s Lament,Weapon,UNK-248,The Unconsoled,γ,Damage,N/A,N/A,DMG: Variable | SPD: - | RNG: -,N/A,Registry_UNK_247_to_903/UNK_248_The_Unconsoled,SOMNARAK-WORLD/MAW_Codex_Sets/Registry_UNK_247_to_903/UNK_248_The_Unconsoled/UNK_248-B__MAW-W_Founders_Lament.md
UNK-248-C,MAW-S-UNK-248-01,Foundation Shroud,Suit,UNK-248,The Unconsoled,γ,** γ / Lament,N/A,N/A,Standard Attire Resistances,N/A,Registry_UNK_247_to_903/UNK_248_The_Unconsoled,SOMNARAK-WORLD/MAW_Codex_Sets/Registry_UNK_247_to_903/UNK_248_The_Unconsoled/UNK_248-C__MAW-S_Foundation_Shroud.md
UNK-248-D,MAW-G-UNK-248-01,The Founder’s Tear,Gift,UNK-248,The Unconsoled,γ,Lament,N/A,N/A,Slot: Accessory | Bestowal: 5%,N/A,Registry_UNK_247_to_903/UNK_248_The_Unconsoled,SOMNARAK-WORLD/MAW_Codex_Sets/Registry_UNK_247_to_903/UNK_248_The_Unconsoled/UNK_248-D__MAW-G_Founders_Tear.md
UNK-250-A,UNK-250-A,The Extinguished,Side-Codex,UNK-250,,IV / γ,Grudge,N/A,N/A,Master Side-Codex Dossier & Extraction Rules,N/A,Registry_UNK_247_to_903/UNK_250_The_Extinguished,SOMNARAK-WORLD/MAW_Codex_Sets/Registry_UNK_247_to_903/UNK_250_The_Extinguished/UNK_250-A__SIDE_CODEX_The_Extinguished.md
UNK-250-B,MAW-W-UNK-250-01,The Spent Wick,Weapon,UNK-250,The Extinguished,β,Grudge,N/A,N/A,DMG: Variable | SPD: - | RNG: -,N/A,Registry_UNK_247_to_903/UNK_250_The_Extinguished,SOMNARAK-WORLD/MAW_Codex_Sets/Registry_UNK_247_to_903/UNK_250_The_Extinguished/UNK_250-B__MAW-W_The_Spent_Wick.md
UNK-250-C,MAW-S-UNK-250-01,Cinder Mantle,Suit,UNK-250,The Extinguished,β,Grudge,N/A,N/A,Standard Attire Resistances,N/A,Registry_UNK_247_to_903/UNK_250_The_Extinguished,SOMNARAK-WORLD/MAW_Codex_Sets/Registry_UNK_247_to_903/UNK_250_The_Extinguished/UNK_250-C__MAW-S_Cinder_Mantle.md
UNK-250-D,MAW-G-UNK-250-01,The Ash Pin,Gift,UNK-250,The Extinguished,β,Grudge,N/A,N/A,Slot: Accessory | Bestowal: 5%,N/A,Registry_UNK_247_to_903/UNK_250_The_Extinguished,SOMNARAK-WORLD/MAW_Codex_Sets/Registry_UNK_247_to_903/UNK_250_The_Extinguished/UNK_250-D__MAW-G_The_Ash_Pin.md
UNK-251-A,UNK-251-A,The Unspoken Line,Side-Codex,UNK-251,,IV / δ,"Void / Zone D, Mantle Commons",N/A,N/A,Master Side-Codex Dossier & Extraction Rules,N/A,Registry_UNK_247_to_903/UNK_251_The_Unspoken_Line,SOMNARAK-WORLD/MAW_Codex_Sets/Registry_UNK_247_to_903/UNK_251_The_Unspoken_Line/UNK_251-A__SIDE_CODEX_The_Unspoken_Line.md
UNK-251-B,MAW-W-UNK-251-01,The Seam Edge,Weapon,UNK-251,The Unspoken Line,β,Void,N/A,N/A,DMG: Variable | SPD: - | RNG: -,N/A,Registry_UNK_247_to_903/UNK_251_The_Unspoken_Line,SOMNARAK-WORLD/MAW_Codex_Sets/Registry_UNK_247_to_903/UNK_251_The_Unspoken_Line/UNK_251-B__MAW-W_The_Seam_Edge.md
UNK-251-C,MAW-S-UNK-251-01,Two-Weather Mantle,Suit,UNK-251,The Unspoken Line,β,Void,N/A,N/A,Standard Attire Resistances,N/A,Registry_UNK_247_to_903/UNK_251_The_Unspoken_Line,SOMNARAK-WORLD/MAW_Codex_Sets/Registry_UNK_247_to_903/UNK_251_The_Unspoken_Line/UNK_251-C__MAW-S_Two_Weather_Mantle.md
UNK-251-D,MAW-G-UNK-251-01,The Threshold Stone,Gift,UNK-251,The Unspoken Line,β,Void,N/A,N/A,Slot: Accessory | Bestowal: 5%,N/A,Registry_UNK_247_to_903/UNK_251_The_Unspoken_Line,SOMNARAK-WORLD/MAW_Codex_Sets/Registry_UNK_247_to_903/UNK_251_The_Unspoken_Line/UNK_251-D__MAW-G_The_Threshold_Stone.md
UNK-901-A,UNK-901-A,The Mewgical Girl,Side-Codex,UNK-901,,IV / δ,"Mixed / Zone B, mobile near Maw perimeter",N/A,N/A,Master Side-Codex Dossier & Extraction Rules,N/A,Registry_UNK_247_to_903/UNK_901_The_Mewgical_Girl,SOMNARAK-WORLD/MAW_Codex_Sets/Registry_UNK_247_to_903/UNK_901_The_Mewgical_Girl/UNK_901-A__SIDE_CODEX_The_Mewgical_Girl.md
UNK-901-B,MAW-W-UNK-901-01,The Star-Staff of Mewgical Affection,Weapon,UNK-901,The Mewgical Girl,δ,Mixed,N/A,N/A,DMG: Variable | SPD: - | RNG: -,N/A,Registry_UNK_247_to_903/UNK_901_The_Mewgical_Girl,SOMNARAK-WORLD/MAW_Codex_Sets/Registry_UNK_247_to_903/UNK_901_The_Mewgical_Girl/UNK_901-B__MAW-W_The_Star_Staff_of_Mewgical_Affection.md
UNK-901-C,MAW-S-UNK-901-01,The Performance Costume,Suit,UNK-901,The Mewgical Girl,δ,Mixed,N/A,N/A,Standard Attire Resistances,N/A,Registry_UNK_247_to_903/UNK_901_The_Mewgical_Girl,SOMNARAK-WORLD/MAW_Codex_Sets/Registry_UNK_247_to_903/UNK_901_The_Mewgical_Girl/UNK_901-C__MAW-S_The_Performance_Costume.md
UNK-901-D,MAW-G-UNK-901-01,The Cat-Paw Bell,Gift,UNK-901,The Mewgical Girl,δ,Mixed,N/A,N/A,Slot: Accessory | Bestowal: 5%,N/A,Registry_UNK_247_to_903/UNK_901_The_Mewgical_Girl,SOMNARAK-WORLD/MAW_Codex_Sets/Registry_UNK_247_to_903/UNK_901_The_Mewgical_Girl/UNK_901-D__MAW-G_The_Cat_Paw_Bell.md
UNK-902-A,UNK-902-A,The Repeated Survivor,Side-Codex,UNK-902,,IV / δ,"Void with Weight/Grudge undertones / Hand of Change, mobile",N/A,N/A,Master Side-Codex Dossier & Extraction Rules,N/A,Registry_UNK_247_to_903/UNK_902_The_Repeated_Survivor,SOMNARAK-WORLD/MAW_Codex_Sets/Registry_UNK_247_to_903/UNK_902_The_Repeated_Survivor/UNK_902-A__SIDE_CODEX_The_Repeated_Survivor.md
UNK-902-B,MAW-W-UNK-902-01,The Final Act,Weapon,UNK-902,The Repeated Survivor,δ,Void,N/A,N/A,DMG: Variable | SPD: - | RNG: -,N/A,Registry_UNK_247_to_903/UNK_902_The_Repeated_Survivor,SOMNARAK-WORLD/MAW_Codex_Sets/Registry_UNK_247_to_903/UNK_902_The_Repeated_Survivor/UNK_902-B__MAW-W_The_Final_Act.md
UNK-902-C,MAW-S-UNK-902-01,The Performer’s Coat,Suit,UNK-902,The Repeated Survivor,δ,Void,N/A,N/A,Standard Attire Resistances,N/A,Registry_UNK_247_to_903/UNK_902_The_Repeated_Survivor,SOMNARAK-WORLD/MAW_Codex_Sets/Registry_UNK_247_to_903/UNK_902_The_Repeated_Survivor/UNK_902-C__MAW-S_The_Performers_Coat.md
UNK-902-D,MAW-G-UNK-902-01,The Repeated Line,Gift,UNK-902,The Repeated Survivor,δ,Void,N/A,N/A,Slot: Accessory | Bestowal: 5%,N/A,Registry_UNK_247_to_903/UNK_902_The_Repeated_Survivor,SOMNARAK-WORLD/MAW_Codex_Sets/Registry_UNK_247_to_903/UNK_902_The_Repeated_Survivor/UNK_902-D__MAW-G_The_Repeated_Line.md
UNK-903-A,UNK-903-A,The Music Box of Agony,Side-Codex,UNK-903,,II / γ,Void with Lament surface / Echo Gardens acoustic vault,N/A,N/A,Master Side-Codex Dossier & Extraction Rules,N/A,Registry_UNK_247_to_903/UNK_903_The_Music_Box_of_Agony,SOMNARAK-WORLD/MAW_Codex_Sets/Registry_UNK_247_to_903/UNK_903_The_Music_Box_of_Agony/UNK_903-A__SIDE_CODEX_The_Music_Box_of_Agony.md
UNK-903-B,MAW-W-UNK-903-01,The Agony Chord,Weapon,UNK-903,The Music Box of Agony,γ,Void,N/A,N/A,DMG: Variable | SPD: - | RNG: -,N/A,Registry_UNK_247_to_903/UNK_903_The_Music_Box_of_Agony,SOMNARAK-WORLD/MAW_Codex_Sets/Registry_UNK_247_to_903/UNK_903_The_Music_Box_of_Agony/UNK_903-B__MAW-W_The_Agony_Chord.md
UNK-903-C,MAW-S-UNK-903-01,The Black-and-White Case,Suit,UNK-903,The Music Box of Agony,γ,Void,N/A,N/A,Standard Attire Resistances,N/A,Registry_UNK_247_to_903/UNK_903_The_Music_Box_of_Agony,SOMNARAK-WORLD/MAW_Codex_Sets/Registry_UNK_247_to_903/UNK_903_The_Music_Box_of_Agony/UNK_903-C__MAW-S_The_Black_and_White_Case.md
UNK-903-D,MAW-G-UNK-903-01,The Tiny Crier,Gift,UNK-903,The Music Box of Agony,γ,Void,N/A,N/A,Slot: Accessory | Bestowal: 5%,N/A,Registry_UNK_247_to_903/UNK_903_The_Music_Box_of_Agony,SOMNARAK-WORLD/MAW_Codex_Sets/Registry_UNK_247_to_903/UNK_903_The_Music_Box_of_Agony/UNK_903-D__MAW-G_The_Tiny_Crier.md
